Time,POSX,POSY,POSZ
1774294953.5172644,-1.12,1.58,0.19
1774294953.5177462,-1.11,1.57,0.2
1774294953.5182068,-1.09,1.56,0.18
1774294953.5184202,-1.08,1.55,0.18
1774294953.5186133,-1.07,1.55,0.16
1774294953.5188487,-1.05,1.56,0.16
1774294953.5190253,-1.0,1.53,0.16
