Time,POSX,POSY,POSZ
1774294953.5172644,-1.12,1.58,0.19
1774294953.5177462,-1.11,1.57,0.2
1774294953.5182068,-1.0995,1.5648,0.1895
1774294953.5184202,-1.092,1.5591,0.1859
1774294953.5186133,-1.0848,1.5561,0.1774
1774294953.5188487,-1.0744,1.5573,0.1722
1774294953.5190253,-1.0531,1.5495,0.1687
