Time,POSX,POSY,POSZ
1774294709.9376268,-2.49,2.55,1.38
1774294709.937899,-2.34,2.49,1.37
1774294709.938163,-2.2772,2.4376,1.4067
1774294709.9383209,-2.2091,2.3694,1.4694
1774294709.93847,-2.1636,2.2912,1.5382
1774294709.9386132,-2.1296,2.213,1.6046
1774294709.9387553,-2.1011,2.1293,1.6719
