Time,POSX,POSY,POSZ
1774294709.9376268,-2.49,2.55,1.38
1774294709.937899,-2.34,2.49,1.37
1774294709.938163,-2.22,2.39,1.44
1774294709.9383209,-2.1,2.26,1.57
1774294709.93847,-2.07,2.13,1.68
1774294709.9386132,-2.05,2.03,1.76
1774294709.9387553,-2.03,1.92,1.84
