pc_timestamp,time_ms,packet_type,uwb_new,uwb_valid,uwb_x,uwb_y,uwb_z,uwb_quality,a0_id,a0_distance,a1_id,a1_distance,a2_id,a2_distance,a3_id,a3_distance,a4_id,a4_distance,a5_id,a5_distance,a6_id,a6_distance,a7_id,a7_distance,acc_x,acc_y,acc_z,gyro_x,gyro_y,gyro_z,battery_v
1781376811.9931679,138761,FAST,0,1,-0.4540,0.1340,0.1280,37,0x5CA9,1.4890,0xD41F,1.7980,0xC307,1.8780,0x4A10,2.3510,,nan,,nan,,nan,,nan,-0.95972,0.16211,0.01538,0.00000,-0.18311,-0.30518,3.872
1781376812.0188332,138781,FAST,0,1,-0.4540,0.1340,0.1280,37,0x5CA9,1.4890,0xD41F,1.7980,0xC307,1.8780,0x4A10,2.3510,,nan,,nan,,nan,,nan,-0.96167,0.16235,0.01416,-0.30518,-0.36621,-0.30518,3.872
1781376812.0516005,138795,UWB,1,1,-0.4710,0.1200,0.1690,52,0x5CA9,1.4940,0xD41F,1.8450,0xC307,1.9340,0x4A10,2.3510,,nan,,nan,,nan,,nan,-0.96167,0.16235,0.01416,-0.30518,-0.36621,-0.30518,3.872
1781376812.051847,138801,FAST,0,1,-0.4710,0.1200,0.1690,52,0x5CA9,1.4940,0xD41F,1.8450,0xC307,1.9340,0x4A10,2.3510,,nan,,nan,,nan,,nan,-0.96191,0.16357,0.01343,-0.12207,-0.06104,-0.48828,3.872
1781376812.0535707,138821,FAST,0,1,-0.4710,0.1200,0.1690,52,0x5CA9,1.4940,0xD41F,1.8450,0xC307,1.9340,0x4A10,2.3510,,nan,,nan,,nan,,nan,-0.95874,0.16187,0.01660,-0.24414,-0.18311,-0.36621,3.872
1781376812.07615,138841,FAST,0,1,-0.4710,0.1200,0.1690,52,0x5CA9,1.4940,0xD41F,1.8450,0xC307,1.9340,0x4A10,2.3510,,nan,,nan,,nan,,nan,-0.96143,0.16333,0.01392,-0.24414,-0.24414,-0.42725,3.872
1781376812.1268609,138861,FAST,0,1,-0.4710,0.1200,0.1690,52,0x5CA9,1.4940,0xD41F,1.8450,0xC307,1.9340,0x4A10,2.3510,,nan,,nan,,nan,,nan,-0.95996,0.16357,0.01367,-0.06104,0.00000,-0.42725,3.872
1781376812.1270814,138881,FAST,0,1,-0.4710,0.1200,0.1690,52,0x5CA9,1.4940,0xD41F,1.8450,0xC307,1.9340,0x4A10,2.3510,,nan,,nan,,nan,,nan,-0.95972,0.16382,0.01318,-0.30518,-0.06104,-0.42725,3.872
1781376812.127182,138895,UWB,1,1,-0.5580,0.0520,0.3900,79,0x5CA9,1.4660,0xD41F,1.8540,0xC307,1.9150,,nan,,nan,,nan,,nan,,nan,-0.95972,0.16382,0.01318,-0.30518,-0.06104,-0.42725,3.872
1781376812.1327267,138901,FAST,0,1,-0.5580,0.0520,0.3900,79,0x5CA9,1.4660,0xD41F,1.8540,0xC307,1.9150,,nan,,nan,,nan,,nan,,nan,-0.96118,0.16406,0.01318,-0.24414,-0.12207,-0.30518,3.872
1781376812.1632087,138921,FAST,0,1,-0.5580,0.0520,0.3900,79,0x5CA9,1.4660,0xD41F,1.8540,0xC307,1.9150,,nan,,nan,,nan,,nan,,nan,-0.96069,0.16211,0.01489,-0.18311,-0.18311,-0.30518,3.872
1781376812.1779509,138941,FAST,0,1,-0.5580,0.0520,0.3900,79,0x5CA9,1.4660,0xD41F,1.8540,0xC307,1.9150,,nan,,nan,,nan,,nan,,nan,-0.96094,0.16431,0.01440,-0.24414,-0.12207,-0.48828,3.872
1781376812.1951506,138961,FAST,0,1,-0.5580,0.0520,0.3900,79,0x5CA9,1.4660,0xD41F,1.8540,0xC307,1.9150,,nan,,nan,,nan,,nan,,nan,-0.95996,0.16284,0.01416,-0.12207,-0.18311,-0.24414,3.872
1781376812.2180834,138981,FAST,0,1,-0.5580,0.0520,0.3900,79,0x5CA9,1.4660,0xD41F,1.8540,0xC307,1.9150,,nan,,nan,,nan,,nan,,nan,-0.95874,0.16357,0.01392,-0.12207,-0.18311,-0.48828,3.872
1781376812.2316015,138995,UWB,1,1,-0.5350,0.0780,0.2880,36,0x5CA9,1.4980,0xD41F,1.8310,0xC307,1.8820,0x4A10,2.3090,,nan,,nan,,nan,,nan,-0.95874,0.16357,0.01392,-0.12207,-0.18311,-0.48828,3.872
1781376812.2345605,139001,FAST,0,1,-0.5350,0.0780,0.2880,36,0x5CA9,1.4980,0xD41F,1.8310,0xC307,1.8820,0x4A10,2.3090,,nan,,nan,,nan,,nan,-0.95947,0.16235,0.01318,-0.30518,-0.36621,-0.54932,3.872
1781376812.3186536,139021,FAST,0,1,-0.5350,0.0780,0.2880,36,0x5CA9,1.4980,0xD41F,1.8310,0xC307,1.8820,0x4A10,2.3090,,nan,,nan,,nan,,nan,-0.96167,0.16260,0.01416,-0.24414,-0.12207,-0.36621,3.872
1781376812.3188496,139041,FAST,0,1,-0.5350,0.0780,0.2880,36,0x5CA9,1.4980,0xD41F,1.8310,0xC307,1.8820,0x4A10,2.3090,,nan,,nan,,nan,,nan,-0.96045,0.16479,0.01416,-0.24414,-0.18311,-0.42725,3.872
1781376812.3189394,139061,FAST,0,1,-0.5350,0.0780,0.2880,36,0x5CA9,1.4980,0xD41F,1.8310,0xC307,1.8820,0x4A10,2.3090,,nan,,nan,,nan,,nan,-0.95947,0.16260,0.01367,-0.06104,-0.06104,-0.48828,3.872
1781376812.3437214,139081,FAST,0,1,-0.5350,0.0780,0.2880,36,0x5CA9,1.4980,0xD41F,1.8310,0xC307,1.8820,0x4A10,2.3090,,nan,,nan,,nan,,nan,-0.96094,0.16211,0.01318,-0.18311,-0.24414,-0.36621,3.872
1781376812.3438933,139095,UWB,1,1,-0.5070,0.0960,0.2100,37,0x5CA9,1.4890,0xD41F,1.8260,0xC307,1.8970,0x4A10,2.3560,,nan,,nan,,nan,,nan,-0.96094,0.16211,0.01318,-0.18311,-0.24414,-0.36621,3.872
1781376812.3440008,139101,FAST,0,1,-0.5070,0.0960,0.2100,37,0x5CA9,1.4890,0xD41F,1.8260,0xC307,1.8970,0x4A10,2.3560,,nan,,nan,,nan,,nan,-0.96118,0.16406,0.01318,-0.06104,0.00000,-0.48828,3.940
1781376812.363315,139121,FAST,0,1,-0.5070,0.0960,0.2100,37,0x5CA9,1.4890,0xD41F,1.8260,0xC307,1.8970,0x4A10,2.3560,,nan,,nan,,nan,,nan,-0.95728,0.16309,0.01489,-0.24414,-0.12207,-0.42725,3.940
1781376812.3990643,139141,FAST,0,1,-0.5070,0.0960,0.2100,37,0x5CA9,1.4890,0xD41F,1.8260,0xC307,1.8970,0x4A10,2.3560,,nan,,nan,,nan,,nan,-0.96216,0.16357,0.01270,-0.24414,-0.30518,-0.42725,3.940
1781376812.3992472,139161,FAST,0,1,-0.5070,0.0960,0.2100,37,0x5CA9,1.4890,0xD41F,1.8260,0xC307,1.8970,0x4A10,2.3560,,nan,,nan,,nan,,nan,-0.96069,0.16284,0.01416,-0.12207,0.00000,-0.42725,3.940
1781376812.4148843,139181,FAST,0,1,-0.5070,0.0960,0.2100,37,0x5CA9,1.4890,0xD41F,1.8260,0xC307,1.8970,0x4A10,2.3560,,nan,,nan,,nan,,nan,-0.95825,0.16260,0.01392,-0.06104,-0.18311,-0.30518,3.940
1781376812.4276154,139195,UWB,1,1,-0.5190,0.1210,0.2770,66,0x5CA9,1.4840,0xD41F,1.7840,0xC307,1.9010,0x4A10,2.2900,,nan,,nan,,nan,,nan,-0.95825,0.16260,0.01392,-0.06104,-0.18311,-0.30518,3.940
1781376812.432853,139201,FAST,0,1,-0.5190,0.1210,0.2770,66,0x5CA9,1.4840,0xD41F,1.7840,0xC307,1.9010,0x4A10,2.2900,,nan,,nan,,nan,,nan,-0.96045,0.16235,0.01416,-0.24414,-0.06104,-0.30518,3.940
1781376812.4529219,139221,FAST,0,1,-0.5190,0.1210,0.2770,66,0x5CA9,1.4840,0xD41F,1.7840,0xC307,1.9010,0x4A10,2.2900,,nan,,nan,,nan,,nan,-0.96143,0.16235,0.01465,-0.06104,-0.12207,-0.36621,3.940
1781376812.4728649,139241,FAST,0,1,-0.5190,0.1210,0.2770,66,0x5CA9,1.4840,0xD41F,1.7840,0xC307,1.9010,0x4A10,2.2900,,nan,,nan,,nan,,nan,-0.96069,0.16333,0.01367,-0.12207,-0.12207,-0.54932,3.940
1781376812.5187538,139261,FAST,0,1,-0.5190,0.1210,0.2770,66,0x5CA9,1.4840,0xD41F,1.7840,0xC307,1.9010,0x4A10,2.2900,,nan,,nan,,nan,,nan,-0.95972,0.16284,0.01367,-0.06104,-0.18311,-0.36621,3.940
1781376812.518928,139281,FAST,0,1,-0.5190,0.1210,0.2770,66,0x5CA9,1.4840,0xD41F,1.7840,0xC307,1.9010,0x4A10,2.2900,,nan,,nan,,nan,,nan,-0.96045,0.16138,0.01538,-0.30518,-0.30518,-0.54932,3.940
1781376812.529818,139295,UWB,1,1,-0.4890,0.1310,0.2080,38,0x5CA9,1.4800,0xD41F,1.7980,0xC307,1.9010,0x4A10,2.3650,,nan,,nan,,nan,,nan,-0.96045,0.16138,0.01538,-0.30518,-0.30518,-0.54932,3.940
1781376812.5383327,139301,FAST,0,1,-0.4890,0.1310,0.2080,38,0x5CA9,1.4800,0xD41F,1.7980,0xC307,1.9010,0x4A10,2.3650,,nan,,nan,,nan,,nan,-0.96021,0.16406,0.01392,-0.30518,-0.06104,-0.48828,3.940
1781376812.5530257,139321,FAST,0,1,-0.4890,0.1310,0.2080,38,0x5CA9,1.4800,0xD41F,1.7980,0xC307,1.9010,0x4A10,2.3650,,nan,,nan,,nan,,nan,-0.95972,0.16260,0.01587,-0.12207,-0.24414,-0.36621,3.940
1781376812.5733843,139341,FAST,0,1,-0.4890,0.1310,0.2080,38,0x5CA9,1.4800,0xD41F,1.7980,0xC307,1.9010,0x4A10,2.3650,,nan,,nan,,nan,,nan,-0.95972,0.16284,0.01392,-0.06104,-0.18311,-0.48828,3.940
1781376812.600679,139361,FAST,0,1,-0.4890,0.1310,0.2080,38,0x5CA9,1.4800,0xD41F,1.7980,0xC307,1.9010,0x4A10,2.3650,,nan,,nan,,nan,,nan,-0.96118,0.16382,0.01318,-0.12207,-0.24414,-0.67139,3.940
1781376812.6376472,139381,FAST,0,1,-0.4890,0.1310,0.2080,38,0x5CA9,1.4800,0xD41F,1.7980,0xC307,1.9010,0x4A10,2.3650,,nan,,nan,,nan,,nan,-0.96021,0.16382,0.01514,-0.18311,-0.18311,-0.48828,3.940
1781376812.6378498,139395,UWB,1,1,-0.5060,0.1490,0.2720,65,0x5CA9,1.4890,0xD41F,1.7840,0xC307,1.8970,0x4A10,2.2990,,nan,,nan,,nan,,nan,-0.96021,0.16382,0.01514,-0.18311,-0.18311,-0.48828,3.940
1781376812.6379466,139401,FAST,0,1,-0.5060,0.1490,0.2720,65,0x5CA9,1.4890,0xD41F,1.7840,0xC307,1.8970,0x4A10,2.2990,,nan,,nan,,nan,,nan,-0.96021,0.16309,0.01440,-0.18311,-0.18311,-0.42725,3.940
1781376812.6547348,139421,FAST,0,1,-0.5060,0.1490,0.2720,65,0x5CA9,1.4890,0xD41F,1.7840,0xC307,1.8970,0x4A10,2.2990,,nan,,nan,,nan,,nan,-0.95996,0.16187,0.01440,0.00000,-0.24414,-0.48828,3.940
1781376812.6740391,139441,FAST,0,1,-0.5060,0.1490,0.2720,65,0x5CA9,1.4890,0xD41F,1.7840,0xC307,1.8970,0x4A10,2.2990,,nan,,nan,,nan,,nan,-0.96045,0.16235,0.01318,-0.18311,-0.06104,-0.36621,3.940
1781376812.6942105,139461,FAST,0,1,-0.5060,0.1490,0.2720,65,0x5CA9,1.4890,0xD41F,1.7840,0xC307,1.8970,0x4A10,2.2990,,nan,,nan,,nan,,nan,-0.95947,0.16357,0.01416,-0.18311,-0.06104,-0.36621,3.940
1781376812.7138476,139481,FAST,0,1,-0.5060,0.1490,0.2720,65,0x5CA9,1.4890,0xD41F,1.7840,0xC307,1.8970,0x4A10,2.2990,,nan,,nan,,nan,,nan,-0.95923,0.16260,0.01538,-0.06104,-0.24414,-0.48828,3.940
1781376812.763103,139495,UWB,1,1,-0.4890,0.1510,0.2090,36,0x5CA9,1.4840,0xD41F,1.8030,0xC307,1.8780,0x4A10,2.3270,,nan,,nan,,nan,,nan,-0.95923,0.16260,0.01538,-0.06104,-0.24414,-0.48828,3.940
1781376812.7633011,139501,FAST,0,1,-0.4890,0.1510,0.2090,36,0x5CA9,1.4840,0xD41F,1.8030,0xC307,1.8780,0x4A10,2.3270,,nan,,nan,,nan,,nan,-0.95972,0.16382,0.01489,-0.24414,-0.18311,-0.48828,3.940
1781376812.7633915,139521,FAST,0,1,-0.4890,0.1510,0.2090,36,0x5CA9,1.4840,0xD41F,1.8030,0xC307,1.8780,0x4A10,2.3270,,nan,,nan,,nan,,nan,-0.96045,0.16333,0.01367,-0.24414,0.00000,-0.36621,3.940
1781376812.7772486,139541,FAST,0,1,-0.4890,0.1510,0.2090,36,0x5CA9,1.4840,0xD41F,1.8030,0xC307,1.8780,0x4A10,2.3270,,nan,,nan,,nan,,nan,-0.95898,0.16211,0.01465,-0.06104,-0.36621,-0.12207,3.940
1781376812.8061411,139561,FAST,0,1,-0.4890,0.1510,0.2090,36,0x5CA9,1.4840,0xD41F,1.8030,0xC307,1.8780,0x4A10,2.3270,,nan,,nan,,nan,,nan,-0.96069,0.16357,0.01294,-0.12207,-0.12207,-0.42725,3.940
1781376812.814427,139581,FAST,0,1,-0.4890,0.1510,0.2090,36,0x5CA9,1.4840,0xD41F,1.8030,0xC307,1.8780,0x4A10,2.3270,,nan,,nan,,nan,,nan,-0.96167,0.16357,0.01587,-0.24414,-0.24414,-0.42725,3.940
1781376812.8364608,139595,UWB,1,1,-0.4900,0.1340,0.2320,51,0x5CA9,1.4800,0xD41F,1.8210,0xC307,1.9530,0x4A10,2.3180,,nan,,nan,,nan,,nan,-0.96167,0.16357,0.01587,-0.24414,-0.24414,-0.42725,3.940
1781376812.8366544,139601,FAST,0,1,-0.4900,0.1340,0.2320,51,0x5CA9,1.4800,0xD41F,1.8210,0xC307,1.9530,0x4A10,2.3180,,nan,,nan,,nan,,nan,-0.96045,0.16382,0.01343,-0.18311,-0.18311,-0.48828,3.942
1781376812.8777041,139621,FAST,0,1,-0.4900,0.1340,0.2320,51,0x5CA9,1.4800,0xD41F,1.8210,0xC307,1.9530,0x4A10,2.3180,,nan,,nan,,nan,,nan,-0.95898,0.16211,0.01611,-0.18311,-0.12207,-0.36621,3.942
1781376812.8778884,139641,FAST,0,1,-0.4900,0.1340,0.2320,51,0x5CA9,1.4800,0xD41F,1.8210,0xC307,1.9530,0x4A10,2.3180,,nan,,nan,,nan,,nan,-0.95947,0.16211,0.01416,-0.06104,-0.24414,-0.42725,3.942
1781376812.8934128,139661,FAST,0,1,-0.4900,0.1340,0.2320,51,0x5CA9,1.4800,0xD41F,1.8210,0xC307,1.9530,0x4A10,2.3180,,nan,,nan,,nan,,nan,-0.95972,0.16333,0.01587,-0.06104,-0.12207,-0.54932,3.942
1781376812.913586,139681,FAST,0,1,-0.4900,0.1340,0.2320,51,0x5CA9,1.4800,0xD41F,1.8210,0xC307,1.9530,0x4A10,2.3180,,nan,,nan,,nan,,nan,-0.95947,0.16089,0.01489,-0.30518,-0.30518,-0.36621,3.942
1781376812.9277534,139695,UWB,1,1,-0.5090,0.1500,0.2840,63,0x5CA9,1.4890,0xD41F,1.8030,0xC307,1.8970,0x4A10,2.2990,,nan,,nan,,nan,,nan,-0.95947,0.16089,0.01489,-0.30518,-0.30518,-0.36621,3.942
1781376812.9396942,139701,FAST,0,1,-0.5090,0.1500,0.2840,63,0x5CA9,1.4890,0xD41F,1.8030,0xC307,1.8970,0x4A10,2.2990,,nan,,nan,,nan,,nan,-0.95996,0.16333,0.01440,-0.42725,-0.24414,-0.42725,3.942
1781376812.953949,139721,FAST,0,1,-0.5090,0.1500,0.2840,63,0x5CA9,1.4890,0xD41F,1.8030,0xC307,1.8970,0x4A10,2.2990,,nan,,nan,,nan,,nan,-0.95996,0.16284,0.01416,-0.24414,-0.18311,-0.30518,3.942
1781376813.015969,139741,FAST,0,1,-0.5090,0.1500,0.2840,63,0x5CA9,1.4890,0xD41F,1.8030,0xC307,1.8970,0x4A10,2.2990,,nan,,nan,,nan,,nan,-0.95947,0.16235,0.01587,-0.18311,-0.24414,-0.54932,3.942
1781376813.018778,139761,FAST,0,1,-0.5090,0.1500,0.2840,63,0x5CA9,1.4890,0xD41F,1.8030,0xC307,1.8970,0x4A10,2.2990,,nan,,nan,,nan,,nan,-0.95996,0.16431,0.01465,-0.24414,-0.18311,-0.54932,3.942
1781376813.018913,139781,FAST,0,1,-0.5090,0.1500,0.2840,63,0x5CA9,1.4890,0xD41F,1.8030,0xC307,1.8970,0x4A10,2.2990,,nan,,nan,,nan,,nan,-0.95898,0.16382,0.01440,-0.30518,-0.30518,-0.30518,3.942
1781376813.0291047,139796,UWB,1,1,-0.5120,0.1310,0.3140,59,0x5CA9,1.4890,0xD41F,1.7980,0xC307,1.9150,0x4A10,2.3600,,nan,,nan,,nan,,nan,-0.95898,0.16382,0.01440,-0.30518,-0.30518,-0.30518,3.942
1781376813.0363226,139801,FAST,0,1,-0.5120,0.1310,0.3140,59,0x5CA9,1.4890,0xD41F,1.7980,0xC307,1.9150,0x4A10,2.3600,,nan,,nan,,nan,,nan,-0.95947,0.16431,0.01294,-0.18311,-0.12207,-0.30518,3.942
1781376813.059804,139821,FAST,0,1,-0.5120,0.1310,0.3140,59,0x5CA9,1.4890,0xD41F,1.7980,0xC307,1.9150,0x4A10,2.3600,,nan,,nan,,nan,,nan,-0.95972,0.16235,0.01636,-0.12207,-0.24414,-0.36621,3.942
1781376813.0769083,139841,FAST,0,1,-0.5120,0.1310,0.3140,59,0x5CA9,1.4890,0xD41F,1.7980,0xC307,1.9150,0x4A10,2.3600,,nan,,nan,,nan,,nan,-0.96021,0.16333,0.01416,-0.24414,-0.18311,-0.36621,3.942
1781376813.1083531,139861,FAST,0,1,-0.5120,0.1310,0.3140,59,0x5CA9,1.4890,0xD41F,1.7980,0xC307,1.9150,0x4A10,2.3600,,nan,,nan,,nan,,nan,-0.96143,0.16187,0.01636,-0.12207,-0.06104,-0.30518,3.942
1781376813.1130764,139881,FAST,0,1,-0.5120,0.1310,0.3140,59,0x5CA9,1.4890,0xD41F,1.7980,0xC307,1.9150,0x4A10,2.3600,,nan,,nan,,nan,,nan,-0.96094,0.16187,0.01367,-0.18311,-0.24414,-0.36621,3.942
1781376813.128898,139895,UWB,1,1,-0.5020,0.1310,0.2430,34,0x5CA9,1.4610,0xD41F,1.8170,0xC307,1.8920,0x4A10,2.2520,,nan,,nan,,nan,,nan,-0.96094,0.16187,0.01367,-0.18311,-0.24414,-0.36621,3.942
1781376813.1328285,139901,FAST,0,1,-0.5020,0.1310,0.2430,34,0x5CA9,1.4610,0xD41F,1.8170,0xC307,1.8920,0x4A10,2.2520,,nan,,nan,,nan,,nan,-0.95996,0.16357,0.01465,-0.18311,-0.24414,-0.54932,3.942
1781376813.152754,139921,FAST,0,1,-0.5020,0.1310,0.2430,34,0x5CA9,1.4610,0xD41F,1.8170,0xC307,1.8920,0x4A10,2.2520,,nan,,nan,,nan,,nan,-0.96045,0.16162,0.01611,-0.24414,-0.18311,-0.24414,3.942
1781376813.177857,139941,FAST,0,1,-0.5020,0.1310,0.2430,34,0x5CA9,1.4610,0xD41F,1.8170,0xC307,1.8920,0x4A10,2.2520,,nan,,nan,,nan,,nan,-0.96021,0.16528,0.01367,-0.12207,-0.18311,-0.42725,3.942
1781376813.1998622,139961,FAST,0,1,-0.5020,0.1310,0.2430,34,0x5CA9,1.4610,0xD41F,1.8170,0xC307,1.8920,0x4A10,2.2520,,nan,,nan,,nan,,nan,-0.95996,0.16260,0.01538,-0.12207,-0.18311,-0.42725,3.942
1781376813.2253456,139981,FAST,0,1,-0.5020,0.1310,0.2430,34,0x5CA9,1.4610,0xD41F,1.8170,0xC307,1.8920,0x4A10,2.2520,,nan,,nan,,nan,,nan,-0.96069,0.16089,0.01587,-0.12207,-0.30518,-0.18311,3.942
1781376813.228776,139996,UWB,1,1,-0.4860,0.1380,0.3170,66,0x5CA9,1.4890,0xD41F,1.7460,0xC307,1.9530,0x4A10,2.2810,,nan,,nan,,nan,,nan,-0.96069,0.16089,0.01587,-0.12207,-0.30518,-0.18311,3.942
1781376813.2344337,140001,FAST,0,1,-0.4860,0.1380,0.3170,66,0x5CA9,1.4890,0xD41F,1.7460,0xC307,1.9530,0x4A10,2.2810,,nan,,nan,,nan,,nan,-0.96118,0.16284,0.01367,-0.12207,-0.12207,-0.36621,3.942
1781376813.2608597,140021,FAST,0,1,-0.4860,0.1380,0.3170,66,0x5CA9,1.4890,0xD41F,1.7460,0xC307,1.9530,0x4A10,2.2810,,nan,,nan,,nan,,nan,-0.95874,0.16260,0.01514,-0.12207,-0.12207,-0.36621,3.942
1781376813.2836063,140041,FAST,0,1,-0.4860,0.1380,0.3170,66,0x5CA9,1.4890,0xD41F,1.7460,0xC307,1.9530,0x4A10,2.2810,,nan,,nan,,nan,,nan,-0.96021,0.16406,0.01318,-0.18311,-0.12207,-0.54932,3.942
1781376813.292846,140061,FAST,0,1,-0.4860,0.1380,0.3170,66,0x5CA9,1.4890,0xD41F,1.7460,0xC307,1.9530,0x4A10,2.2810,,nan,,nan,,nan,,nan,-0.96118,0.16235,0.01367,-0.18311,-0.06104,-0.42725,3.942
1781376813.31277,140081,FAST,0,1,-0.4860,0.1380,0.3170,66,0x5CA9,1.4890,0xD41F,1.7460,0xC307,1.9530,0x4A10,2.2810,,nan,,nan,,nan,,nan,-0.96069,0.16284,0.01465,-0.18311,-0.30518,-0.42725,3.942
1781376813.349989,140095,UWB,1,1,-0.5120,0.1180,0.3210,56,0x5CA9,1.5130,0xD41F,1.8730,0xC307,1.8970,0x4A10,2.3510,,nan,,nan,,nan,,nan,-0.96069,0.16284,0.01465,-0.18311,-0.30518,-0.42725,3.942
1781376813.3506846,140101,FAST,0,1,-0.5120,0.1180,0.3210,56,0x5CA9,1.5130,0xD41F,1.8730,0xC307,1.8970,0x4A10,2.3510,,nan,,nan,,nan,,nan,-0.96167,0.16284,0.01245,-0.18311,-0.24414,-0.48828,3.940
1781376813.3555443,140121,FAST,0,1,-0.5120,0.1180,0.3210,56,0x5CA9,1.5130,0xD41F,1.8730,0xC307,1.8970,0x4A10,2.3510,,nan,,nan,,nan,,nan,-0.95996,0.16113,0.01587,-0.24414,-0.18311,-0.48828,3.940
1781376813.3814404,140141,FAST,0,1,-0.5120,0.1180,0.3210,56,0x5CA9,1.5130,0xD41F,1.8730,0xC307,1.8970,0x4A10,2.3510,,nan,,nan,,nan,,nan,-0.96118,0.16284,0.01196,-0.12207,-0.24414,-0.48828,3.940
1781376813.3928907,140161,FAST,0,1,-0.5120,0.1180,0.3210,56,0x5CA9,1.5130,0xD41F,1.8730,0xC307,1.8970,0x4A10,2.3510,,nan,,nan,,nan,,nan,-0.95972,0.16211,0.01465,-0.30518,-0.30518,-0.42725,3.940
1781376813.4200344,140181,FAST,0,1,-0.5120,0.1180,0.3210,56,0x5CA9,1.5130,0xD41F,1.8730,0xC307,1.8970,0x4A10,2.3510,,nan,,nan,,nan,,nan,-0.95996,0.16089,0.01465,-0.18311,-0.12207,-0.36621,3.940
1781376813.4348204,140196,UWB,1,1,-0.5170,0.1030,0.3500,61,0x5CA9,1.4750,0xD41F,1.7980,0xC307,1.9250,0x4A10,2.3180,,nan,,nan,,nan,,nan,-0.95996,0.16089,0.01465,-0.18311,-0.12207,-0.36621,3.940
1781376813.4350169,140201,FAST,0,1,-0.5170,0.1030,0.3500,61,0x5CA9,1.4750,0xD41F,1.7980,0xC307,1.9250,0x4A10,2.3180,,nan,,nan,,nan,,nan,-0.95898,0.16504,0.01294,-0.12207,-0.24414,-0.30518,3.940
1781376813.4626918,140221,FAST,0,1,-0.5170,0.1030,0.3500,61,0x5CA9,1.4750,0xD41F,1.7980,0xC307,1.9250,0x4A10,2.3180,,nan,,nan,,nan,,nan,-0.96143,0.15991,0.01709,-0.12207,-0.24414,-0.42725,3.940
1781376813.4883487,140241,FAST,0,1,-0.5170,0.1030,0.3500,61,0x5CA9,1.4750,0xD41F,1.7980,0xC307,1.9250,0x4A10,2.3180,,nan,,nan,,nan,,nan,-0.95972,0.16357,0.01440,-0.36621,-0.18311,-0.24414,3.940
1781376813.4964106,140261,FAST,0,1,-0.5170,0.1030,0.3500,61,0x5CA9,1.4750,0xD41F,1.7980,0xC307,1.9250,0x4A10,2.3180,,nan,,nan,,nan,,nan,-0.95898,0.16333,0.01416,-0.06104,-0.18311,-0.36621,3.940
1781376813.522695,140281,FAST,0,1,-0.5170,0.1030,0.3500,61,0x5CA9,1.4750,0xD41F,1.7980,0xC307,1.9250,0x4A10,2.3180,,nan,,nan,,nan,,nan,-0.96069,0.16187,0.01465,-0.42725,-0.18311,-0.42725,3.940
1781376813.5271971,140295,UWB,1,1,-0.5200,0.0980,0.3400,53,0x5CA9,1.4980,0xD41F,1.8310,0xC307,1.9250,0x4A10,2.3230,,nan,,nan,,nan,,nan,-0.96069,0.16187,0.01465,-0.42725,-0.18311,-0.42725,3.940
1781376813.5372236,140301,FAST,0,1,-0.5200,0.0980,0.3400,53,0x5CA9,1.4980,0xD41F,1.8310,0xC307,1.9250,0x4A10,2.3230,,nan,,nan,,nan,,nan,-0.95947,0.16406,0.01318,-0.12207,-0.12207,-0.30518,3.940
1781376813.5924573,140321,FAST,0,1,-0.5200,0.0980,0.3400,53,0x5CA9,1.4980,0xD41F,1.8310,0xC307,1.9250,0x4A10,2.3230,,nan,,nan,,nan,,nan,-0.96094,0.16284,0.01636,-0.12207,-0.30518,-0.36621,3.940
1781376813.5926006,140341,FAST,0,1,-0.5200,0.0980,0.3400,53,0x5CA9,1.4980,0xD41F,1.8310,0xC307,1.9250,0x4A10,2.3230,,nan,,nan,,nan,,nan,-0.95825,0.16260,0.01343,-0.30518,-0.06104,-0.36621,3.940
1781376813.5946665,140361,FAST,0,1,-0.5200,0.0980,0.3400,53,0x5CA9,1.4980,0xD41F,1.8310,0xC307,1.9250,0x4A10,2.3230,,nan,,nan,,nan,,nan,-0.95898,0.16138,0.01489,-0.18311,-0.06104,-0.42725,3.940
1781376813.6200771,140381,FAST,0,1,-0.5200,0.0980,0.3400,53,0x5CA9,1.4980,0xD41F,1.8310,0xC307,1.9250,0x4A10,2.3230,,nan,,nan,,nan,,nan,-0.96094,0.16284,0.01538,-0.18311,-0.24414,-0.42725,3.940
1781376813.6276383,140395,UWB,1,1,-0.5050,0.1070,0.2570,35,0x5CA9,1.4840,0xD41F,1.8400,0xC307,1.8730,0x4A10,2.3180,,nan,,nan,,nan,,nan,-0.96094,0.16284,0.01538,-0.18311,-0.24414,-0.42725,3.940
1781376813.632869,140401,FAST,0,1,-0.5050,0.1070,0.2570,35,0x5CA9,1.4840,0xD41F,1.8400,0xC307,1.8730,0x4A10,2.3180,,nan,,nan,,nan,,nan,-0.96045,0.16284,0.01538,-0.24414,0.00000,-0.30518,3.940
1781376813.6624568,140421,FAST,0,1,-0.5050,0.1070,0.2570,35,0x5CA9,1.4840,0xD41F,1.8400,0xC307,1.8730,0x4A10,2.3180,,nan,,nan,,nan,,nan,-0.95923,0.16357,0.01416,-0.24414,-0.06104,-0.42725,3.940
1781376813.7310238,140441,FAST,0,1,-0.5050,0.1070,0.2570,35,0x5CA9,1.4840,0xD41F,1.8400,0xC307,1.8730,0x4A10,2.3180,,nan,,nan,,nan,,nan,-0.96118,0.16357,0.01489,-0.18311,-0.18311,-0.42725,3.940
1781376813.7312262,140461,FAST,0,1,-0.5050,0.1070,0.2570,35,0x5CA9,1.4840,0xD41F,1.8400,0xC307,1.8730,0x4A10,2.3180,,nan,,nan,,nan,,nan,-0.95825,0.16260,0.01416,-0.12207,-0.12207,-0.18311,3.940
1781376813.7313647,140481,FAST,0,1,-0.5050,0.1070,0.2570,35,0x5CA9,1.4840,0xD41F,1.8400,0xC307,1.8730,0x4A10,2.3180,,nan,,nan,,nan,,nan,-0.95947,0.16089,0.01587,-0.18311,-0.30518,-0.42725,3.940
1781376813.7314494,140495,UWB,1,1,-0.5100,0.0970,0.2560,49,0x5CA9,1.4940,0xD41F,1.8730,0xC307,1.9430,0x4A10,2.3510,,nan,,nan,,nan,,nan,-0.95947,0.16089,0.01587,-0.18311,-0.30518,-0.42725,3.940
1781376813.7328908,140501,FAST,0,1,-0.5100,0.0970,0.2560,49,0x5CA9,1.4940,0xD41F,1.8730,0xC307,1.9430,0x4A10,2.3510,,nan,,nan,,nan,,nan,-0.95923,0.16284,0.01440,-0.18311,-0.12207,-0.42725,3.940
1781376813.7592938,140521,FAST,0,1,-0.5100,0.0970,0.2560,49,0x5CA9,1.4940,0xD41F,1.8730,0xC307,1.9430,0x4A10,2.3510,,nan,,nan,,nan,,nan,-0.96045,0.16162,0.01489,-0.06104,-0.30518,-0.30518,3.940
1781376813.7726557,140541,FAST,0,1,-0.5100,0.0970,0.2560,49,0x5CA9,1.4940,0xD41F,1.8730,0xC307,1.9430,0x4A10,2.3510,,nan,,nan,,nan,,nan,-0.96118,0.16333,0.01440,-0.06104,-0.24414,-0.36621,3.940
1781376813.82432,140561,FAST,0,1,-0.5100,0.0970,0.2560,49,0x5CA9,1.4940,0xD41F,1.8730,0xC307,1.9430,0x4A10,2.3510,,nan,,nan,,nan,,nan,-0.95898,0.16260,0.01343,-0.24414,-0.12207,-0.36621,3.940
1781376813.8245525,140581,FAST,0,1,-0.5100,0.0970,0.2560,49,0x5CA9,1.4940,0xD41F,1.8730,0xC307,1.9430,0x4A10,2.3510,,nan,,nan,,nan,,nan,-0.96045,0.16211,0.01318,-0.18311,-0.30518,-0.42725,3.940
1781376813.8349836,140595,UWB,1,1,-0.5220,0.0790,0.2990,61,0x5CA9,1.4610,0xD41F,1.8450,0xC307,1.9340,0x4A10,2.2900,,nan,,nan,,nan,,nan,-0.96045,0.16211,0.01318,-0.18311,-0.30518,-0.42725,3.940
1781376813.8352745,140601,FAST,0,1,-0.5220,0.0790,0.2990,61,0x5CA9,1.4610,0xD41F,1.8450,0xC307,1.9340,0x4A10,2.2900,,nan,,nan,,nan,,nan,-0.95898,0.16382,0.01367,-0.12207,0.12207,-0.54932,3.940
1781376813.8720267,140621,FAST,0,1,-0.5220,0.0790,0.2990,61,0x5CA9,1.4610,0xD41F,1.8450,0xC307,1.9340,0x4A10,2.2900,,nan,,nan,,nan,,nan,-0.95923,0.16040,0.01562,-0.24414,-0.12207,-0.42725,3.940
1781376813.8740082,140641,FAST,0,1,-0.5220,0.0790,0.2990,61,0x5CA9,1.4610,0xD41F,1.8450,0xC307,1.9340,0x4A10,2.2900,,nan,,nan,,nan,,nan,-0.95947,0.16309,0.01343,-0.18311,-0.18311,-0.42725,3.940
1781376813.892992,140661,FAST,0,1,-0.5220,0.0790,0.2990,61,0x5CA9,1.4610,0xD41F,1.8450,0xC307,1.9340,0x4A10,2.2900,,nan,,nan,,nan,,nan,-0.96069,0.16211,0.01587,-0.24414,-0.18311,-0.42725,3.940
1781376813.9352345,140681,FAST,0,1,-0.5220,0.0790,0.2990,61,0x5CA9,1.4610,0xD41F,1.8450,0xC307,1.9340,0x4A10,2.2900,,nan,,nan,,nan,,nan,-0.95947,0.16187,0.01489,-0.06104,-0.48828,-0.36621,3.940
1781376813.9354565,140695,UWB,1,1,-0.5390,0.0720,0.3220,59,0x5CA9,1.5030,0xD41F,1.8500,0xC307,1.8970,0x4A10,2.2850,,nan,,nan,,nan,,nan,-0.95947,0.16187,0.01489,-0.06104,-0.48828,-0.36621,3.940
1781376813.9355955,140701,FAST,0,1,-0.5390,0.0720,0.3220,59,0x5CA9,1.5030,0xD41F,1.8500,0xC307,1.8970,0x4A10,2.2850,,nan,,nan,,nan,,nan,-0.96094,0.16357,0.01367,-0.12207,-0.24414,-0.30518,3.940
1781376813.9591494,140721,FAST,0,1,-0.5390,0.0720,0.3220,59,0x5CA9,1.5030,0xD41F,1.8500,0xC307,1.8970,0x4A10,2.2850,,nan,,nan,,nan,,nan,-0.96021,0.16211,0.01758,-0.12207,-0.30518,-0.36621,3.940
1781376813.9816804,140741,FAST,0,1,-0.5390,0.0720,0.3220,59,0x5CA9,1.5030,0xD41F,1.8500,0xC307,1.8970,0x4A10,2.2850,,nan,,nan,,nan,,nan,-0.95996,0.16333,0.01465,-0.24414,0.00000,-0.54932,3.940
1781376813.9963624,140761,FAST,0,1,-0.5390,0.0720,0.3220,59,0x5CA9,1.5030,0xD41F,1.8500,0xC307,1.8970,0x4A10,2.2850,,nan,,nan,,nan,,nan,-0.95996,0.16382,0.01270,-0.18311,-0.06104,-0.24414,3.940
1781376814.0187304,140781,FAST,0,1,-0.5390,0.0720,0.3220,59,0x5CA9,1.5030,0xD41F,1.8500,0xC307,1.8970,0x4A10,2.2850,,nan,,nan,,nan,,nan,-0.95825,0.16284,0.01343,-0.18311,-0.24414,-0.30518,3.940
1781376814.080538,140795,UWB,1,1,-0.5490,0.0960,0.3440,62,0xD41F,1.8450,0xC307,1.9110,0x4A10,2.2810,,nan,,nan,,nan,,nan,,nan,-0.95825,0.16284,0.01343,-0.18311,-0.24414,-0.30518,3.940
1781376814.0807757,140801,FAST,0,1,-0.5490,0.0960,0.3440,62,0xD41F,1.8450,0xC307,1.9110,0x4A10,2.2810,,nan,,nan,,nan,,nan,,nan,-0.96094,0.16528,0.01270,-0.24414,-0.18311,-0.36621,3.940
1781376814.0808728,140821,FAST,0,1,-0.5490,0.0960,0.3440,62,0xD41F,1.8450,0xC307,1.9110,0x4A10,2.2810,,nan,,nan,,nan,,nan,,nan,-0.95923,0.16260,0.01685,-0.24414,-0.06104,-0.48828,3.940
1781376814.0809603,140841,FAST,0,1,-0.5490,0.0960,0.3440,62,0xD41F,1.8450,0xC307,1.9110,0x4A10,2.2810,,nan,,nan,,nan,,nan,,nan,-0.95996,0.16235,0.01392,-0.06104,-0.24414,-0.36621,3.940
1781376814.094548,140861,FAST,0,1,-0.5490,0.0960,0.3440,62,0xD41F,1.8450,0xC307,1.9110,0x4A10,2.2810,,nan,,nan,,nan,,nan,,nan,-0.96094,0.16333,0.01343,-0.30518,-0.06104,-0.30518,3.940
1781376814.1307876,140881,FAST,0,1,-0.5490,0.0960,0.3440,62,0xD41F,1.8450,0xC307,1.9110,0x4A10,2.2810,,nan,,nan,,nan,,nan,,nan,-0.95996,0.16211,0.01465,-0.30518,-0.36621,-0.42725,3.940
1781376814.1316311,140895,UWB,1,1,-0.5240,0.1040,0.2640,34,0x5CA9,1.4610,0xD41F,1.8640,0xC307,1.8920,0x4A10,2.3270,,nan,,nan,,nan,,nan,-0.95996,0.16211,0.01465,-0.30518,-0.36621,-0.42725,3.940
1781376814.1366193,140901,FAST,0,1,-0.5240,0.1040,0.2640,34,0x5CA9,1.4610,0xD41F,1.8640,0xC307,1.8920,0x4A10,2.3270,,nan,,nan,,nan,,nan,-0.96191,0.16455,0.01270,-0.24414,-0.12207,-0.61035,3.940
1781376814.1753013,140921,FAST,0,1,-0.5240,0.1040,0.2640,34,0x5CA9,1.4610,0xD41F,1.8640,0xC307,1.8920,0x4A10,2.3270,,nan,,nan,,nan,,nan,-0.96045,0.16284,0.01611,-0.18311,-0.06104,-0.24414,3.940
1781376814.1754696,140941,FAST,0,1,-0.5240,0.1040,0.2640,34,0x5CA9,1.4610,0xD41F,1.8640,0xC307,1.8920,0x4A10,2.3270,,nan,,nan,,nan,,nan,-0.95996,0.16211,0.01489,-0.18311,-0.24414,-0.36621,3.940
1781376814.1929667,140961,FAST,0,1,-0.5240,0.1040,0.2640,34,0x5CA9,1.4610,0xD41F,1.8640,0xC307,1.8920,0x4A10,2.3270,,nan,,nan,,nan,,nan,-0.96191,0.16406,0.01587,-0.24414,-0.24414,-0.48828,3.940
1781376814.2136054,140981,FAST,0,1,-0.5240,0.1040,0.2640,34,0x5CA9,1.4610,0xD41F,1.8640,0xC307,1.8920,0x4A10,2.3270,,nan,,nan,,nan,,nan,-0.95923,0.16187,0.01514,-0.18311,-0.30518,-0.36621,3.940
1781376814.241543,140995,UWB,1,1,-0.4980,0.1140,0.2110,35,0x5CA9,1.4560,0xD41F,1.7840,0xC307,1.8920,0x4A10,2.3090,,nan,,nan,,nan,,nan,-0.95923,0.16187,0.01514,-0.18311,-0.30518,-0.36621,3.940
1781376814.2417614,141001,FAST,0,1,-0.4980,0.1140,0.2110,35,0x5CA9,1.4560,0xD41F,1.7840,0xC307,1.8920,0x4A10,2.3090,,nan,,nan,,nan,,nan,-0.95972,0.16357,0.01343,-0.12207,-0.18311,-0.36621,3.940
1781376814.254965,141021,FAST,0,1,-0.4980,0.1140,0.2110,35,0x5CA9,1.4560,0xD41F,1.7840,0xC307,1.8920,0x4A10,2.3090,,nan,,nan,,nan,,nan,-0.96069,0.16260,0.01465,-0.30518,-0.06104,-0.42725,3.940
1781376814.2924373,141041,FAST,0,1,-0.4980,0.1140,0.2110,35,0x5CA9,1.4560,0xD41F,1.7840,0xC307,1.8920,0x4A10,2.3090,,nan,,nan,,nan,,nan,-0.95825,0.16235,0.01440,-0.24414,-0.24414,-0.24414,3.940
1781376814.2953477,141061,FAST,0,1,-0.4980,0.1140,0.2110,35,0x5CA9,1.4560,0xD41F,1.7840,0xC307,1.8920,0x4A10,2.3090,,nan,,nan,,nan,,nan,-0.95898,0.16260,0.01514,-0.18311,-0.06104,-0.48828,3.940
1781376814.3130665,141081,FAST,0,1,-0.4980,0.1140,0.2110,35,0x5CA9,1.4560,0xD41F,1.7840,0xC307,1.8920,0x4A10,2.3090,,nan,,nan,,nan,,nan,-0.95898,0.16138,0.01489,-0.12207,-0.18311,-0.42725,3.940
1781376814.342303,141095,UWB,1,1,-0.4910,0.1210,0.1610,35,0x5CA9,1.4840,0xD41F,1.8310,0xC307,1.8730,0x4A10,2.2990,,nan,,nan,,nan,,nan,-0.95898,0.16138,0.01489,-0.12207,-0.18311,-0.42725,3.940
1781376814.3425012,141101,FAST,0,1,-0.4910,0.1210,0.1610,35,0x5CA9,1.4840,0xD41F,1.8310,0xC307,1.8730,0x4A10,2.2990,,nan,,nan,,nan,,nan,-0.96045,0.16479,0.01465,-0.18311,-0.12207,-0.42725,3.940
1781376814.3547716,141121,FAST,0,1,-0.4910,0.1210,0.1610,35,0x5CA9,1.4840,0xD41F,1.8310,0xC307,1.8730,0x4A10,2.2990,,nan,,nan,,nan,,nan,-0.96069,0.16260,0.01440,-0.12207,-0.24414,-0.54932,3.940
1781376814.3756213,141141,FAST,0,1,-0.4910,0.1210,0.1610,35,0x5CA9,1.4840,0xD41F,1.8310,0xC307,1.8730,0x4A10,2.2990,,nan,,nan,,nan,,nan,-0.95898,0.16309,0.01514,-0.18311,-0.24414,-0.42725,3.940
1781376814.4393182,141161,FAST,0,1,-0.4910,0.1210,0.1610,35,0x5CA9,1.4840,0xD41F,1.8310,0xC307,1.8730,0x4A10,2.2990,,nan,,nan,,nan,,nan,-0.96069,0.16235,0.01489,-0.06104,-0.12207,-0.36621,3.940
1781376814.4394827,141181,FAST,0,1,-0.4910,0.1210,0.1610,35,0x5CA9,1.4840,0xD41F,1.8310,0xC307,1.8730,0x4A10,2.2990,,nan,,nan,,nan,,nan,-0.96094,0.16309,0.01562,-0.24414,-0.18311,-0.30518,3.940
1781376814.4395819,141195,UWB,1,1,-0.4740,0.1290,0.1220,37,0x5CA9,1.4750,0xD41F,1.8030,0xC307,1.9010,0x4A10,2.3270,,nan,,nan,,nan,,nan,-0.96094,0.16309,0.01562,-0.24414,-0.18311,-0.30518,3.940
1781376814.439689,141201,FAST,0,1,-0.4740,0.1290,0.1220,37,0x5CA9,1.4750,0xD41F,1.8030,0xC307,1.9010,0x4A10,2.3270,,nan,,nan,,nan,,nan,-0.95898,0.16235,0.01392,-0.18311,-0.18311,-0.24414,3.940
1781376814.452881,141221,FAST,0,1,-0.4740,0.1290,0.1220,37,0x5CA9,1.4750,0xD41F,1.8030,0xC307,1.9010,0x4A10,2.3270,,nan,,nan,,nan,,nan,-0.95898,0.16187,0.01392,-0.36621,-0.06104,-0.48828,3.940
1781376814.4798071,141241,FAST,0,1,-0.4740,0.1290,0.1220,37,0x5CA9,1.4750,0xD41F,1.8030,0xC307,1.9010,0x4A10,2.3270,,nan,,nan,,nan,,nan,-0.96143,0.16333,0.01416,-0.12207,-0.30518,-0.42725,3.940
1781376814.4941354,141261,FAST,0,1,-0.4740,0.1290,0.1220,37,0x5CA9,1.4750,0xD41F,1.8030,0xC307,1.9010,0x4A10,2.3270,,nan,,nan,,nan,,nan,-0.96021,0.16113,0.01489,-0.12207,-0.12207,-0.42725,3.940
1781376814.5255966,141281,FAST,0,1,-0.4740,0.1290,0.1220,37,0x5CA9,1.4750,0xD41F,1.8030,0xC307,1.9010,0x4A10,2.3270,,nan,,nan,,nan,,nan,-0.95972,0.16333,0.01465,-0.18311,-0.24414,-0.42725,3.940
1781376814.5299027,141296,UWB,1,1,-0.4770,0.1230,0.1610,50,0x5CA9,1.5080,0xD41F,1.8210,0xC307,1.9290,0x4A10,2.3180,,nan,,nan,,nan,,nan,-0.95972,0.16333,0.01465,-0.18311,-0.24414,-0.42725,3.940
1781376814.5333724,141301,FAST,0,1,-0.4770,0.1230,0.1610,50,0x5CA9,1.5080,0xD41F,1.8210,0xC307,1.9290,0x4A10,2.3180,,nan,,nan,,nan,,nan,-0.96118,0.16357,0.01392,-0.12207,-0.24414,-0.24414,3.940
1781376814.5536103,141321,FAST,0,1,-0.4770,0.1230,0.1610,50,0x5CA9,1.5080,0xD41F,1.8210,0xC307,1.9290,0x4A10,2.3180,,nan,,nan,,nan,,nan,-0.95996,0.16309,0.01416,-0.18311,-0.18311,-0.36621,3.940
1781376814.572847,141341,FAST,0,1,-0.4770,0.1230,0.1610,50,0x5CA9,1.5080,0xD41F,1.8210,0xC307,1.9290,0x4A10,2.3180,,nan,,nan,,nan,,nan,-0.96118,0.16309,0.01318,-0.12207,-0.18311,-0.36621,3.940
1781376814.593066,141361,FAST,0,1,-0.4770,0.1230,0.1610,50,0x5CA9,1.5080,0xD41F,1.8210,0xC307,1.9290,0x4A10,2.3180,,nan,,nan,,nan,,nan,-0.96143,0.16406,0.01343,-0.12207,-0.06104,-0.30518,3.940
1781376814.6203585,141381,FAST,0,1,-0.4770,0.1230,0.1610,50,0x5CA9,1.5080,0xD41F,1.8210,0xC307,1.9290,0x4A10,2.3180,,nan,,nan,,nan,,nan,-0.96094,0.16284,0.01538,-0.12207,-0.18311,-0.36621,3.940
1781376814.6490245,141395,UWB,1,1,-0.5100,0.0980,0.2630,70,0x5CA9,1.4840,0xD41F,1.8120,0xC307,1.9060,0x4A10,2.3040,,nan,,nan,,nan,,nan,-0.96094,0.16284,0.01538,-0.12207,-0.18311,-0.36621,3.940
1781376814.6493318,141401,FAST,0,1,-0.5100,0.0980,0.2630,70,0x5CA9,1.4840,0xD41F,1.8120,0xC307,1.9060,0x4A10,2.3040,,nan,,nan,,nan,,nan,-0.96094,0.16333,0.01392,-0.18311,-0.18311,-0.48828,3.940
1781376814.6626651,141421,FAST,0,1,-0.5100,0.0980,0.2630,70,0x5CA9,1.4840,0xD41F,1.8120,0xC307,1.9060,0x4A10,2.3040,,nan,,nan,,nan,,nan,-0.95923,0.16089,0.01514,-0.30518,-0.24414,-0.54932,3.940
1781376814.6874838,141441,FAST,0,1,-0.5100,0.0980,0.2630,70,0x5CA9,1.4840,0xD41F,1.8120,0xC307,1.9060,0x4A10,2.3040,,nan,,nan,,nan,,nan,-0.95874,0.16406,0.01392,-0.18311,-0.18311,-0.30518,3.940
1781376814.692843,141461,FAST,0,1,-0.5100,0.0980,0.2630,70,0x5CA9,1.4840,0xD41F,1.8120,0xC307,1.9060,0x4A10,2.3040,,nan,,nan,,nan,,nan,-0.95850,0.16357,0.01416,-0.18311,-0.36621,-0.48828,3.940
1781376814.7220147,141481,FAST,0,1,-0.5100,0.0980,0.2630,70,0x5CA9,1.4840,0xD41F,1.8120,0xC307,1.9060,0x4A10,2.3040,,nan,,nan,,nan,,nan,-0.96143,0.16187,0.01587,-0.18311,-0.24414,-0.42725,3.940
1781376814.7316508,141495,UWB,1,1,-0.5440,0.1080,0.3020,63,0x5CA9,1.4940,0xD41F,1.8920,0xC307,1.8920,0x4A10,2.2150,,nan,,nan,,nan,,nan,-0.96143,0.16187,0.01587,-0.18311,-0.24414,-0.42725,3.940
1781376814.7349515,141501,FAST,0,1,-0.5440,0.1080,0.3020,63,0x5CA9,1.4940,0xD41F,1.8920,0xC307,1.8920,0x4A10,2.2150,,nan,,nan,,nan,,nan,-0.96118,0.16309,0.01318,-0.24414,-0.18311,-0.42725,3.940
1781376814.7666297,141521,FAST,0,1,-0.5440,0.1080,0.3020,63,0x5CA9,1.4940,0xD41F,1.8920,0xC307,1.8920,0x4A10,2.2150,,nan,,nan,,nan,,nan,-0.95898,0.16309,0.01514,-0.18311,-0.24414,-0.42725,3.940
1781376814.7774768,141541,FAST,0,1,-0.5440,0.1080,0.3020,63,0x5CA9,1.4940,0xD41F,1.8920,0xC307,1.8920,0x4A10,2.2150,,nan,,nan,,nan,,nan,-0.95996,0.16162,0.01465,-0.18311,-0.18311,-0.36621,3.940
1781376814.7949233,141561,FAST,0,1,-0.5440,0.1080,0.3020,63,0x5CA9,1.4940,0xD41F,1.8920,0xC307,1.8920,0x4A10,2.2150,,nan,,nan,,nan,,nan,-0.96094,0.16260,0.01294,-0.24414,-0.06104,-0.36621,3.940
1781376814.815882,141581,FAST,0,1,-0.5440,0.1080,0.3020,63,0x5CA9,1.4940,0xD41F,1.8920,0xC307,1.8920,0x4A10,2.2150,,nan,,nan,,nan,,nan,-0.95923,0.16187,0.01587,-0.24414,-0.12207,-0.36621,3.940
1781376814.8320596,141595,UWB,1,1,-0.5200,0.1170,0.2260,36,0x5CA9,1.4840,0xD41F,1.8540,0xC307,1.8820,0x4A10,2.3410,,nan,,nan,,nan,,nan,-0.95923,0.16187,0.01587,-0.24414,-0.12207,-0.36621,3.940
1781376814.834488,141601,FAST,0,1,-0.5200,0.1170,0.2260,36,0x5CA9,1.4840,0xD41F,1.8540,0xC307,1.8820,0x4A10,2.3410,,nan,,nan,,nan,,nan,-0.96094,0.16357,0.01294,-0.06104,-0.18311,-0.42725,3.938
1781376814.853911,141621,FAST,0,1,-0.5200,0.1170,0.2260,36,0x5CA9,1.4840,0xD41F,1.8540,0xC307,1.8820,0x4A10,2.3410,,nan,,nan,,nan,,nan,-0.95996,0.16064,0.01465,-0.06104,-0.18311,-0.24414,3.938
1781376814.885459,141641,FAST,0,1,-0.5200,0.1170,0.2260,36,0x5CA9,1.4840,0xD41F,1.8540,0xC307,1.8820,0x4A10,2.3410,,nan,,nan,,nan,,nan,-0.96069,0.16211,0.01367,-0.06104,-0.18311,-0.36621,3.938
1781376814.9025865,141661,FAST,0,1,-0.5200,0.1170,0.2260,36,0x5CA9,1.4840,0xD41F,1.8540,0xC307,1.8820,0x4A10,2.3410,,nan,,nan,,nan,,nan,-0.96143,0.16187,0.01538,-0.24414,-0.06104,-0.48828,3.938
1781376814.9131029,141681,FAST,0,1,-0.5200,0.1170,0.2260,36,0x5CA9,1.4840,0xD41F,1.8540,0xC307,1.8820,0x4A10,2.3410,,nan,,nan,,nan,,nan,-0.96069,0.16357,0.01562,-0.24414,-0.12207,-0.36621,3.938
1781376814.9273536,141695,UWB,1,1,-0.5150,0.1120,0.2770,60,0x5CA9,1.4890,0xD41F,1.7560,0xC307,1.9200,0x4A10,2.3410,,nan,,nan,,nan,,nan,-0.96069,0.16357,0.01562,-0.24414,-0.12207,-0.36621,3.938
1781376814.93739,141701,FAST,0,1,-0.5150,0.1120,0.2770,60,0x5CA9,1.4890,0xD41F,1.7560,0xC307,1.9200,0x4A10,2.3410,,nan,,nan,,nan,,nan,-0.96021,0.16455,0.01367,-0.18311,0.00000,-0.48828,3.938
1781376814.9560387,141721,FAST,0,1,-0.5150,0.1120,0.2770,60,0x5CA9,1.4890,0xD41F,1.7560,0xC307,1.9200,0x4A10,2.3410,,nan,,nan,,nan,,nan,-0.96094,0.16406,0.01514,-0.12207,-0.06104,-0.30518,3.938
1781376815.0003617,141741,FAST,0,1,-0.5150,0.1120,0.2770,60,0x5CA9,1.4890,0xD41F,1.7560,0xC307,1.9200,0x4A10,2.3410,,nan,,nan,,nan,,nan,-0.96045,0.16382,0.01489,-0.18311,-0.12207,-0.30518,3.938
1781376815.0005193,141761,FAST,0,1,-0.5150,0.1120,0.2770,60,0x5CA9,1.4890,0xD41F,1.7560,0xC307,1.9200,0x4A10,2.3410,,nan,,nan,,nan,,nan,-0.96118,0.16162,0.01343,-0.12207,-0.30518,-0.24414,3.938
1781376815.0131779,141781,FAST,0,1,-0.5150,0.1120,0.2770,60,0x5CA9,1.4890,0xD41F,1.7560,0xC307,1.9200,0x4A10,2.3410,,nan,,nan,,nan,,nan,-0.95972,0.16357,0.01416,-0.18311,-0.24414,-0.30518,3.938
1781376815.0595298,141795,UWB,1,1,-0.5090,0.1190,0.2140,34,0x5CA9,1.4840,0xD41F,1.8210,0xC307,1.8640,0x4A10,2.2570,,nan,,nan,,nan,,nan,-0.95972,0.16357,0.01416,-0.18311,-0.24414,-0.30518,3.938
1781376815.0985608,141801,FAST,0,1,-0.5090,0.1190,0.2140,34,0x5CA9,1.4840,0xD41F,1.8210,0xC307,1.8640,0x4A10,2.2570,,nan,,nan,,nan,,nan,-0.96094,0.16260,0.01514,-0.06104,-0.24414,-0.42725,3.938
1781376815.0987315,141821,FAST,0,1,-0.5090,0.1190,0.2140,34,0x5CA9,1.4840,0xD41F,1.8210,0xC307,1.8640,0x4A10,2.2570,,nan,,nan,,nan,,nan,-0.96216,0.16138,0.01514,-0.24414,-0.18311,-0.42725,3.938
1781376815.0988274,141841,FAST,0,1,-0.5090,0.1190,0.2140,34,0x5CA9,1.4840,0xD41F,1.8210,0xC307,1.8640,0x4A10,2.2570,,nan,,nan,,nan,,nan,-0.95947,0.16455,0.01416,-0.12207,-0.18311,-0.48828,3.938
1781376815.1186428,141861,FAST,0,1,-0.5090,0.1190,0.2140,34,0x5CA9,1.4840,0xD41F,1.8210,0xC307,1.8640,0x4A10,2.2570,,nan,,nan,,nan,,nan,-0.96069,0.16211,0.01758,-0.12207,-0.18311,-0.36621,3.938
1781376815.1188173,141881,FAST,0,1,-0.5090,0.1190,0.2140,34,0x5CA9,1.4840,0xD41F,1.8210,0xC307,1.8640,0x4A10,2.2570,,nan,,nan,,nan,,nan,-0.95972,0.16284,0.01270,-0.18311,-0.12207,-0.42725,3.938
1781376815.128676,141896,UWB,1,1,-0.5180,0.1080,0.2210,49,0x5CA9,1.5130,0xD41F,1.8820,0xC307,1.9250,0x4A10,2.3700,,nan,,nan,,nan,,nan,-0.95972,0.16284,0.01270,-0.18311,-0.12207,-0.42725,3.938
1781376815.1332815,141901,FAST,0,1,-0.5180,0.1080,0.2210,49,0x5CA9,1.5130,0xD41F,1.8820,0xC307,1.9250,0x4A10,2.3700,,nan,,nan,,nan,,nan,-0.96021,0.16309,0.01221,-0.18311,-0.12207,-0.36621,3.938
1781376815.162481,141921,FAST,0,1,-0.5180,0.1080,0.2210,49,0x5CA9,1.5130,0xD41F,1.8820,0xC307,1.9250,0x4A10,2.3700,,nan,,nan,,nan,,nan,-0.95923,0.16235,0.01270,-0.06104,-0.30518,-0.30518,3.938
1781376815.1750257,141941,FAST,0,1,-0.5180,0.1080,0.2210,49,0x5CA9,1.5130,0xD41F,1.8820,0xC307,1.9250,0x4A10,2.3700,,nan,,nan,,nan,,nan,-0.96265,0.16333,0.01392,-0.30518,-0.18311,-0.48828,3.938
1781376815.1968906,141961,FAST,0,1,-0.5180,0.1080,0.2210,49,0x5CA9,1.5130,0xD41F,1.8820,0xC307,1.9250,0x4A10,2.3700,,nan,,nan,,nan,,nan,-0.96021,0.16211,0.01514,-0.12207,-0.12207,-0.36621,3.938
1781376815.2353523,141981,FAST,0,1,-0.5180,0.1080,0.2210,49,0x5CA9,1.5130,0xD41F,1.8820,0xC307,1.9250,0x4A10,2.3700,,nan,,nan,,nan,,nan,-0.96191,0.16333,0.01465,-0.18311,-0.18311,-0.42725,3.938
1781376815.2354953,141995,UWB,1,1,-0.5000,0.1090,0.1540,36,0x5CA9,1.4800,0xD41F,1.8920,0xC307,1.9110,0x4A10,2.3460,,nan,,nan,,nan,,nan,-0.96191,0.16333,0.01465,-0.18311,-0.18311,-0.42725,3.938
1781376815.2356038,142001,FAST,0,1,-0.5000,0.1090,0.1540,36,0x5CA9,1.4800,0xD41F,1.8920,0xC307,1.9110,0x4A10,2.3460,,nan,,nan,,nan,,nan,-0.95850,0.16357,0.01343,0.00000,-0.18311,-0.42725,3.938
1781376815.2632084,142021,FAST,0,1,-0.5000,0.1090,0.1540,36,0x5CA9,1.4800,0xD41F,1.8920,0xC307,1.9110,0x4A10,2.3460,,nan,,nan,,nan,,nan,-0.96143,0.16235,0.01392,0.06104,-0.30518,-0.30518,3.938
1781376815.274692,142041,FAST,0,1,-0.5000,0.1090,0.1540,36,0x5CA9,1.4800,0xD41F,1.8920,0xC307,1.9110,0x4A10,2.3460,,nan,,nan,,nan,,nan,-0.96021,0.16553,0.01221,-0.18311,-0.12207,-0.42725,3.938
1781376815.2975597,142061,FAST,0,1,-0.5000,0.1090,0.1540,36,0x5CA9,1.4800,0xD41F,1.8920,0xC307,1.9110,0x4A10,2.3460,,nan,,nan,,nan,,nan,-0.95972,0.16284,0.01367,-0.06104,-0.18311,-0.54932,3.938
1781376815.3156633,142081,FAST,0,1,-0.5000,0.1090,0.1540,36,0x5CA9,1.4800,0xD41F,1.8920,0xC307,1.9110,0x4A10,2.3460,,nan,,nan,,nan,,nan,-0.95996,0.16357,0.01172,-0.24414,-0.18311,-0.42725,3.938
1781376815.3515596,142095,UWB,1,1,-0.5050,0.1040,0.1950,53,0x5CA9,1.4980,0xD41F,1.8210,0xC307,1.9250,0x4A10,2.3270,,nan,,nan,,nan,,nan,-0.95996,0.16357,0.01172,-0.24414,-0.18311,-0.42725,3.938
1781376815.3517554,142101,FAST,0,1,-0.5050,0.1040,0.1950,53,0x5CA9,1.4980,0xD41F,1.8210,0xC307,1.9250,0x4A10,2.3270,,nan,,nan,,nan,,nan,-0.95923,0.16333,0.01416,-0.12207,-0.12207,-0.42725,3.942
1781376815.3611789,142121,FAST,0,1,-0.5050,0.1040,0.1950,53,0x5CA9,1.4980,0xD41F,1.8210,0xC307,1.9250,0x4A10,2.3270,,nan,,nan,,nan,,nan,-0.95947,0.16284,0.01416,-0.12207,-0.30518,-0.48828,3.942
1781376815.3805377,142141,FAST,0,1,-0.5050,0.1040,0.1950,53,0x5CA9,1.4980,0xD41F,1.8210,0xC307,1.9250,0x4A10,2.3270,,nan,,nan,,nan,,nan,-0.96045,0.16333,0.01221,-0.30518,-0.12207,-0.48828,3.942
1781376815.393033,142161,FAST,0,1,-0.5050,0.1040,0.1950,53,0x5CA9,1.4980,0xD41F,1.8210,0xC307,1.9250,0x4A10,2.3270,,nan,,nan,,nan,,nan,-0.95996,0.16162,0.01489,-0.18311,-0.12207,-0.42725,3.942
1781376815.4190388,142181,FAST,0,1,-0.5050,0.1040,0.1950,53,0x5CA9,1.4980,0xD41F,1.8210,0xC307,1.9250,0x4A10,2.3270,,nan,,nan,,nan,,nan,-0.95923,0.16211,0.01416,-0.30518,-0.12207,-0.24414,3.942
1781376815.4285712,142195,UWB,1,1,-0.4920,0.1060,0.1460,34,0x5CA9,1.4520,0xD41F,1.8450,0xC307,1.9150,0x4A10,2.2810,,nan,,nan,,nan,,nan,-0.95923,0.16211,0.01416,-0.30518,-0.12207,-0.24414,3.942
1781376815.4328854,142201,FAST,0,1,-0.4920,0.1060,0.1460,34,0x5CA9,1.4520,0xD41F,1.8450,0xC307,1.9150,0x4A10,2.2810,,nan,,nan,,nan,,nan,-0.95947,0.16479,0.01538,-0.24414,-0.24414,-0.24414,3.942
1781376815.485492,142221,FAST,0,1,-0.4920,0.1060,0.1460,34,0x5CA9,1.4520,0xD41F,1.8450,0xC307,1.9150,0x4A10,2.2810,,nan,,nan,,nan,,nan,-0.96143,0.16235,0.01514,0.00000,-0.24414,-0.42725,3.942
1781376815.4856598,142241,FAST,0,1,-0.4920,0.1060,0.1460,34,0x5CA9,1.4520,0xD41F,1.8450,0xC307,1.9150,0x4A10,2.2810,,nan,,nan,,nan,,nan,-0.95972,0.16455,0.01514,-0.24414,-0.24414,-0.48828,3.942
1781376815.4959872,142261,FAST,0,1,-0.4920,0.1060,0.1460,34,0x5CA9,1.4520,0xD41F,1.8450,0xC307,1.9150,0x4A10,2.2810,,nan,,nan,,nan,,nan,-0.95825,0.16113,0.01392,-0.12207,-0.24414,-0.30518,3.942
1781376815.5218349,142281,FAST,0,1,-0.4920,0.1060,0.1460,34,0x5CA9,1.4520,0xD41F,1.8450,0xC307,1.9150,0x4A10,2.2810,,nan,,nan,,nan,,nan,-0.95898,0.16260,0.01318,-0.18311,-0.24414,-0.36621,3.942
1781376815.527747,142295,UWB,1,1,-0.5070,0.0990,0.2110,60,0x5CA9,1.4940,0xD41F,1.7980,0xC307,1.9110,0x4A10,2.2520,,nan,,nan,,nan,,nan,-0.95898,0.16260,0.01318,-0.18311,-0.24414,-0.36621,3.942
1781376815.5331895,142301,FAST,0,1,-0.5070,0.0990,0.2110,60,0x5CA9,1.4940,0xD41F,1.7980,0xC307,1.9110,0x4A10,2.2520,,nan,,nan,,nan,,nan,-0.95947,0.16333,0.01489,-0.24414,-0.06104,-0.42725,3.942
1781376815.5528476,142321,FAST,0,1,-0.5070,0.0990,0.2110,60,0x5CA9,1.4940,0xD41F,1.7980,0xC307,1.9110,0x4A10,2.2520,,nan,,nan,,nan,,nan,-0.96069,0.16284,0.01318,-0.24414,-0.18311,-0.30518,3.942
1781376815.5963845,142341,FAST,0,1,-0.5070,0.0990,0.2110,60,0x5CA9,1.4940,0xD41F,1.7980,0xC307,1.9110,0x4A10,2.2520,,nan,,nan,,nan,,nan,-0.95972,0.16333,0.01221,-0.36621,-0.06104,-0.48828,3.942
1781376815.596584,142361,FAST,0,1,-0.5070,0.0990,0.2110,60,0x5CA9,1.4940,0xD41F,1.7980,0xC307,1.9110,0x4A10,2.2520,,nan,,nan,,nan,,nan,-0.96094,0.16187,0.01465,-0.06104,-0.18311,-0.48828,3.942
1781376815.6398034,142381,FAST,0,1,-0.5070,0.0990,0.2110,60,0x5CA9,1.4940,0xD41F,1.7980,0xC307,1.9110,0x4A10,2.2520,,nan,,nan,,nan,,nan,-0.96094,0.16333,0.01294,-0.06104,-0.24414,-0.30518,3.942
1781376815.6399732,142395,UWB,1,1,-0.4980,0.1110,0.1510,36,0x5CA9,1.4890,0xD41F,1.8400,0xC307,1.8970,0x4A10,2.2850,,nan,,nan,,nan,,nan,-0.96094,0.16333,0.01294,-0.06104,-0.24414,-0.30518,3.942
1781376815.6400712,142401,FAST,0,1,-0.4980,0.1110,0.1510,36,0x5CA9,1.4890,0xD41F,1.8400,0xC307,1.8970,0x4A10,2.2850,,nan,,nan,,nan,,nan,-0.95825,0.16455,0.01440,-0.24414,-0.18311,-0.36621,3.942
1781376815.652856,142421,FAST,0,1,-0.4980,0.1110,0.1510,36,0x5CA9,1.4890,0xD41F,1.8400,0xC307,1.8970,0x4A10,2.2850,,nan,,nan,,nan,,nan,-0.96021,0.16187,0.01465,-0.24414,-0.30518,-0.30518,3.942
1781376815.673504,142441,FAST,0,1,-0.4980,0.1110,0.1510,36,0x5CA9,1.4890,0xD41F,1.8400,0xC307,1.8970,0x4A10,2.2850,,nan,,nan,,nan,,nan,-0.96069,0.16235,0.01343,-0.12207,-0.18311,-0.36621,3.942
1781376815.7116647,142461,FAST,0,1,-0.4980,0.1110,0.1510,36,0x5CA9,1.4890,0xD41F,1.8400,0xC307,1.8970,0x4A10,2.2850,,nan,,nan,,nan,,nan,-0.96118,0.16187,0.01538,-0.24414,-0.12207,-0.48828,3.942
1781376815.7131205,142481,FAST,0,1,-0.4980,0.1110,0.1510,36,0x5CA9,1.4890,0xD41F,1.8400,0xC307,1.8970,0x4A10,2.2850,,nan,,nan,,nan,,nan,-0.95923,0.16235,0.01440,-0.24414,-0.30518,-0.24414,3.942
1781376815.7277162,142495,UWB,1,1,-0.4990,0.1040,0.2030,56,0x5CA9,1.4800,0xD41F,1.7930,0xC307,1.9390,0x4A10,2.3090,,nan,,nan,,nan,,nan,-0.95923,0.16235,0.01440,-0.24414,-0.30518,-0.24414,3.942
1781376815.7386146,142501,FAST,0,1,-0.4990,0.1040,0.2030,56,0x5CA9,1.4800,0xD41F,1.7930,0xC307,1.9390,0x4A10,2.3090,,nan,,nan,,nan,,nan,-0.96216,0.16211,0.01367,-0.12207,-0.12207,-0.36621,3.942
1781376815.7549002,142521,FAST,0,1,-0.4990,0.1040,0.2030,56,0x5CA9,1.4800,0xD41F,1.7930,0xC307,1.9390,0x4A10,2.3090,,nan,,nan,,nan,,nan,-0.95923,0.16357,0.01465,-0.18311,-0.18311,-0.30518,3.942
1781376815.7751498,142541,FAST,0,1,-0.4990,0.1040,0.2030,56,0x5CA9,1.4800,0xD41F,1.7930,0xC307,1.9390,0x4A10,2.3090,,nan,,nan,,nan,,nan,-0.96143,0.16382,0.01392,-0.24414,-0.24414,-0.36621,3.942
1781376815.8047652,142561,FAST,0,1,-0.4990,0.1040,0.2030,56,0x5CA9,1.4800,0xD41F,1.7930,0xC307,1.9390,0x4A10,2.3090,,nan,,nan,,nan,,nan,-0.95972,0.16235,0.01440,-0.18311,-0.12207,-0.30518,3.942
1781376815.8258135,142581,FAST,0,1,-0.4990,0.1040,0.2030,56,0x5CA9,1.4800,0xD41F,1.7930,0xC307,1.9390,0x4A10,2.3090,,nan,,nan,,nan,,nan,-0.95898,0.16284,0.01245,-0.30518,-0.24414,-0.48828,3.942
1781376815.8284864,142596,UWB,1,1,-0.5060,0.0920,0.2500,58,0x5CA9,1.4750,0xD41F,1.8260,0xC307,1.9290,0x4A10,2.3560,,nan,,nan,,nan,,nan,-0.95898,0.16284,0.01245,-0.30518,-0.24414,-0.48828,3.942
1781376815.8329232,142601,FAST,0,1,-0.5060,0.0920,0.2500,58,0x5CA9,1.4750,0xD41F,1.8260,0xC307,1.9290,0x4A10,2.3560,,nan,,nan,,nan,,nan,-0.96143,0.16260,0.01392,-0.18311,-0.12207,-0.30518,3.936
1781376815.8528345,142621,FAST,0,1,-0.5060,0.0920,0.2500,58,0x5CA9,1.4750,0xD41F,1.8260,0xC307,1.9290,0x4A10,2.3560,,nan,,nan,,nan,,nan,-0.96167,0.16357,0.01318,-0.12207,-0.18311,-0.54932,3.936
1781376815.877536,142641,FAST,0,1,-0.5060,0.0920,0.2500,58,0x5CA9,1.4750,0xD41F,1.8260,0xC307,1.9290,0x4A10,2.3560,,nan,,nan,,nan,,nan,-0.96021,0.16235,0.01367,-0.18311,-0.12207,-0.36621,3.936
1781376815.897645,142661,FAST,0,1,-0.5060,0.0920,0.2500,58,0x5CA9,1.4750,0xD41F,1.8260,0xC307,1.9290,0x4A10,2.3560,,nan,,nan,,nan,,nan,-0.96094,0.16309,0.01489,-0.30518,-0.18311,-0.30518,3.936
1781376815.9150474,142681,FAST,0,1,-0.5060,0.0920,0.2500,58,0x5CA9,1.4750,0xD41F,1.8260,0xC307,1.9290,0x4A10,2.3560,,nan,,nan,,nan,,nan,-0.96094,0.16211,0.01343,-0.12207,-0.18311,-0.48828,3.936
1781376815.9458466,142696,UWB,1,1,-0.5010,0.0890,0.2740,54,0x5CA9,1.4700,0xD41F,1.7980,0xC307,1.9530,0x4A10,2.3230,,nan,,nan,,nan,,nan,-0.96094,0.16211,0.01343,-0.12207,-0.18311,-0.48828,3.936
1781376815.9460666,142701,FAST,0,1,-0.5010,0.0890,0.2740,54,0x5CA9,1.4700,0xD41F,1.7980,0xC307,1.9530,0x4A10,2.3230,,nan,,nan,,nan,,nan,-0.96021,0.16235,0.01318,-0.12207,-0.06104,-0.42725,3.936
1781376815.9529943,142721,FAST,0,1,-0.5010,0.0890,0.2740,54,0x5CA9,1.4700,0xD41F,1.7980,0xC307,1.9530,0x4A10,2.3230,,nan,,nan,,nan,,nan,-0.95972,0.16260,0.01221,-0.24414,0.00000,-0.48828,3.936
1781376815.9800627,142741,FAST,0,1,-0.5010,0.0890,0.2740,54,0x5CA9,1.4700,0xD41F,1.7980,0xC307,1.9530,0x4A10,2.3230,,nan,,nan,,nan,,nan,-0.95972,0.16162,0.01416,-0.36621,-0.24414,-0.36621,3.936
1781376815.9938009,142761,FAST,0,1,-0.5010,0.0890,0.2740,54,0x5CA9,1.4700,0xD41F,1.7980,0xC307,1.9530,0x4A10,2.3230,,nan,,nan,,nan,,nan,-0.96069,0.16333,0.01343,-0.30518,-0.18311,-0.36621,3.936
1781376816.0157468,142781,FAST,0,1,-0.5010,0.0890,0.2740,54,0x5CA9,1.4700,0xD41F,1.7980,0xC307,1.9530,0x4A10,2.3230,,nan,,nan,,nan,,nan,-0.96094,0.16284,0.01416,-0.18311,-0.12207,-0.42725,3.936
1781376816.0300782,142795,UWB,1,1,-0.5150,0.0830,0.3280,65,0x5CA9,1.4840,0xD41F,1.7790,0xC307,1.9110,0x4A10,2.2570,,nan,,nan,,nan,,nan,-0.96094,0.16284,0.01416,-0.18311,-0.12207,-0.42725,3.936
1781376816.0332015,142801,FAST,0,1,-0.5150,0.0830,0.3280,65,0x5CA9,1.4840,0xD41F,1.7790,0xC307,1.9110,0x4A10,2.2570,,nan,,nan,,nan,,nan,-0.95996,0.16235,0.01562,-0.24414,-0.18311,-0.30518,3.936
1781376816.0620792,142821,FAST,0,1,-0.5150,0.0830,0.3280,65,0x5CA9,1.4840,0xD41F,1.7790,0xC307,1.9110,0x4A10,2.2570,,nan,,nan,,nan,,nan,-0.96021,0.16235,0.01294,-0.24414,-0.24414,-0.42725,3.936
1781376816.0734656,142841,FAST,0,1,-0.5150,0.0830,0.3280,65,0x5CA9,1.4840,0xD41F,1.7790,0xC307,1.9110,0x4A10,2.2570,,nan,,nan,,nan,,nan,-0.96045,0.16479,0.01440,-0.06104,-0.18311,-0.36621,3.936
1781376816.0936675,142861,FAST,0,1,-0.5150,0.0830,0.3280,65,0x5CA9,1.4840,0xD41F,1.7790,0xC307,1.9110,0x4A10,2.2570,,nan,,nan,,nan,,nan,-0.96118,0.16162,0.01489,-0.18311,-0.24414,-0.36621,3.936
1781376816.118294,142881,FAST,0,1,-0.5150,0.0830,0.3280,65,0x5CA9,1.4840,0xD41F,1.7790,0xC307,1.9110,0x4A10,2.2570,,nan,,nan,,nan,,nan,-0.96069,0.16382,0.01172,-0.30518,-0.18311,-0.36621,3.936
1781376816.127372,142895,UWB,1,1,-0.5060,0.0850,0.3080,48,0x5CA9,1.4980,0xD41F,1.8450,0xC307,1.9480,0x4A10,2.3270,,nan,,nan,,nan,,nan,-0.96069,0.16382,0.01172,-0.30518,-0.18311,-0.36621,3.936
1781376816.133025,142901,FAST,0,1,-0.5060,0.0850,0.3080,48,0x5CA9,1.4980,0xD41F,1.8450,0xC307,1.9480,0x4A10,2.3270,,nan,,nan,,nan,,nan,-0.95898,0.16235,0.01318,-0.18311,-0.24414,-0.42725,3.936
1781376816.1845734,142921,FAST,0,1,-0.5060,0.0850,0.3080,48,0x5CA9,1.4980,0xD41F,1.8450,0xC307,1.9480,0x4A10,2.3270,,nan,,nan,,nan,,nan,-0.96191,0.16406,0.01538,-0.18311,-0.24414,-0.24414,3.936
1781376816.184756,142941,FAST,0,1,-0.5060,0.0850,0.3080,48,0x5CA9,1.4980,0xD41F,1.8450,0xC307,1.9480,0x4A10,2.3270,,nan,,nan,,nan,,nan,-0.96094,0.16382,0.01270,-0.18311,-0.30518,-0.36621,3.936
1781376816.1928246,142961,FAST,0,1,-0.5060,0.0850,0.3080,48,0x5CA9,1.4980,0xD41F,1.8450,0xC307,1.9480,0x4A10,2.3270,,nan,,nan,,nan,,nan,-0.95947,0.16113,0.01392,-0.12207,-0.24414,-0.48828,3.936
1781376816.2167099,142981,FAST,0,1,-0.5060,0.0850,0.3080,48,0x5CA9,1.4980,0xD41F,1.8450,0xC307,1.9480,0x4A10,2.3270,,nan,,nan,,nan,,nan,-0.96094,0.16431,0.01489,-0.06104,-0.30518,-0.42725,3.936
1781376816.2562952,142995,UWB,1,1,-0.5290,0.1050,0.3370,63,0x5CA9,1.4840,0xD41F,1.8500,0xC307,1.9010,0x4A10,2.2620,,nan,,nan,,nan,,nan,-0.96094,0.16431,0.01489,-0.06104,-0.30518,-0.42725,3.936
1781376816.256549,143001,FAST,0,1,-0.5290,0.1050,0.3370,63,0x5CA9,1.4840,0xD41F,1.8500,0xC307,1.9010,0x4A10,2.2620,,nan,,nan,,nan,,nan,-0.95996,0.16309,0.01343,-0.12207,-0.18311,-0.61035,3.936
1781376816.256651,143021,FAST,0,1,-0.5290,0.1050,0.3370,63,0x5CA9,1.4840,0xD41F,1.8500,0xC307,1.9010,0x4A10,2.2620,,nan,,nan,,nan,,nan,-0.95996,0.16211,0.01489,-0.24414,-0.18311,-0.42725,3.936
1781376816.2965312,143041,FAST,0,1,-0.5290,0.1050,0.3370,63,0x5CA9,1.4840,0xD41F,1.8500,0xC307,1.9010,0x4A10,2.2620,,nan,,nan,,nan,,nan,-0.96069,0.16431,0.01392,-0.18311,-0.12207,-0.42725,3.936
1781376816.2966993,143061,FAST,0,1,-0.5290,0.1050,0.3370,63,0x5CA9,1.4840,0xD41F,1.8500,0xC307,1.9010,0x4A10,2.2620,,nan,,nan,,nan,,nan,-0.95898,0.16260,0.01514,-0.12207,-0.24414,-0.36621,3.936
1781376816.3186963,143081,FAST,0,1,-0.5290,0.1050,0.3370,63,0x5CA9,1.4840,0xD41F,1.8500,0xC307,1.9010,0x4A10,2.2620,,nan,,nan,,nan,,nan,-0.96191,0.16284,0.01318,-0.12207,-0.12207,-0.30518,3.936
1781376816.3274853,143095,UWB,1,1,-0.5330,0.0960,0.3600,61,0x5CA9,1.4890,0xD41F,1.7980,0xC307,1.9110,0x4A10,2.2950,,nan,,nan,,nan,,nan,-0.96191,0.16284,0.01318,-0.12207,-0.12207,-0.30518,3.936
1781376816.3382947,143101,FAST,0,1,-0.5330,0.0960,0.3600,61,0x5CA9,1.4890,0xD41F,1.7980,0xC307,1.9110,0x4A10,2.2950,,nan,,nan,,nan,,nan,-0.95947,0.16455,0.01440,-0.18311,0.00000,-0.48828,3.942
1781376816.364653,143121,FAST,0,1,-0.5330,0.0960,0.3600,61,0x5CA9,1.4890,0xD41F,1.7980,0xC307,1.9110,0x4A10,2.2950,,nan,,nan,,nan,,nan,-0.95776,0.16211,0.01440,-0.12207,-0.30518,-0.42725,3.942
1781376816.3743134,143141,FAST,0,1,-0.5330,0.0960,0.3600,61,0x5CA9,1.4890,0xD41F,1.7980,0xC307,1.9110,0x4A10,2.2950,,nan,,nan,,nan,,nan,-0.96143,0.16406,0.01318,-0.18311,-0.06104,-0.36621,3.942
1781376816.420292,143161,FAST,0,1,-0.5330,0.0960,0.3600,61,0x5CA9,1.4890,0xD41F,1.7980,0xC307,1.9110,0x4A10,2.2950,,nan,,nan,,nan,,nan,-0.96094,0.16113,0.01562,-0.24414,-0.18311,-0.42725,3.942
1781376816.420479,143181,FAST,0,1,-0.5330,0.0960,0.3600,61,0x5CA9,1.4890,0xD41F,1.7980,0xC307,1.9110,0x4A10,2.2950,,nan,,nan,,nan,,nan,-0.95923,0.16357,0.01392,-0.24414,-0.18311,-0.42725,3.942
1781376816.4282472,143195,UWB,1,1,-0.5050,0.1120,0.2710,37,0x5CA9,1.4750,0xD41F,1.7980,0xC307,1.9060,0x4A10,2.3270,,nan,,nan,,nan,,nan,-0.95923,0.16357,0.01392,-0.24414,-0.18311,-0.42725,3.942
1781376816.434169,143201,FAST,0,1,-0.5050,0.1120,0.2710,37,0x5CA9,1.4750,0xD41F,1.7980,0xC307,1.9060,0x4A10,2.3270,,nan,,nan,,nan,,nan,-0.96069,0.16504,0.01392,-0.24414,0.00000,-0.30518,3.942
1781376816.4529295,143221,FAST,0,1,-0.5050,0.1120,0.2710,37,0x5CA9,1.4750,0xD41F,1.7980,0xC307,1.9060,0x4A10,2.3270,,nan,,nan,,nan,,nan,-0.96167,0.16357,0.01367,-0.24414,-0.30518,-0.36621,3.942
1781376816.4739916,143241,FAST,0,1,-0.5050,0.1120,0.2710,37,0x5CA9,1.4750,0xD41F,1.7980,0xC307,1.9060,0x4A10,2.3270,,nan,,nan,,nan,,nan,-0.96094,0.16504,0.01099,-0.30518,-0.18311,-0.42725,3.942
1781376816.5117576,143261,FAST,0,1,-0.5050,0.1120,0.2710,37,0x5CA9,1.4750,0xD41F,1.7980,0xC307,1.9060,0x4A10,2.3270,,nan,,nan,,nan,,nan,-0.95972,0.16187,0.01562,-0.30518,0.00000,-0.42725,3.942
1781376816.5455337,143281,FAST,0,1,-0.5050,0.1120,0.2710,37,0x5CA9,1.4750,0xD41F,1.7980,0xC307,1.9060,0x4A10,2.3270,,nan,,nan,,nan,,nan,-0.96094,0.16162,0.01318,-0.06104,-0.30518,-0.24414,3.942
1781376816.5457232,143295,UWB,1,1,-0.4910,0.1210,0.2080,35,0x5CA9,1.4750,0xD41F,1.8030,0xC307,1.8870,0x4A10,2.2950,,nan,,nan,,nan,,nan,-0.96094,0.16162,0.01318,-0.06104,-0.30518,-0.24414,3.942
1781376816.5458324,143301,FAST,0,1,-0.4910,0.1210,0.2080,35,0x5CA9,1.4750,0xD41F,1.8030,0xC307,1.8870,0x4A10,2.2950,,nan,,nan,,nan,,nan,-0.95972,0.16382,0.01147,-0.24414,-0.12207,-0.36621,3.942
1781376816.5546558,143321,FAST,0,1,-0.4910,0.1210,0.2080,35,0x5CA9,1.4750,0xD41F,1.8030,0xC307,1.8870,0x4A10,2.2950,,nan,,nan,,nan,,nan,-0.96118,0.16187,0.01782,-0.24414,-0.24414,-0.30518,3.942
1781376816.5748067,143341,FAST,0,1,-0.4910,0.1210,0.2080,35,0x5CA9,1.4750,0xD41F,1.8030,0xC307,1.8870,0x4A10,2.2950,,nan,,nan,,nan,,nan,-0.96021,0.16406,0.01318,-0.12207,-0.12207,-0.36621,3.942
1781376816.5943513,143361,FAST,0,1,-0.4910,0.1210,0.2080,35,0x5CA9,1.4750,0xD41F,1.8030,0xC307,1.8870,0x4A10,2.2950,,nan,,nan,,nan,,nan,-0.95972,0.16260,0.01465,-0.18311,-0.18311,-0.30518,3.942
1781376816.6133244,143381,FAST,0,1,-0.4910,0.1210,0.2080,35,0x5CA9,1.4750,0xD41F,1.8030,0xC307,1.8870,0x4A10,2.2950,,nan,,nan,,nan,,nan,-0.95923,0.16260,0.01343,-0.30518,-0.24414,-0.42725,3.942
1781376816.6609519,143395,UWB,1,1,-0.4810,0.1300,0.1530,37,0x5CA9,1.4980,0xD41F,1.8260,0xC307,1.8780,0x4A10,2.3270,,nan,,nan,,nan,,nan,-0.95923,0.16260,0.01343,-0.30518,-0.24414,-0.42725,3.942
1781376816.6611083,143401,FAST,0,1,-0.4810,0.1300,0.1530,37,0x5CA9,1.4980,0xD41F,1.8260,0xC307,1.8780,0x4A10,2.3270,,nan,,nan,,nan,,nan,-0.96240,0.16357,0.01440,0.00000,-0.12207,-0.30518,3.942
1781376816.6612084,143421,FAST,0,1,-0.4810,0.1300,0.1530,37,0x5CA9,1.4980,0xD41F,1.8260,0xC307,1.8780,0x4A10,2.3270,,nan,,nan,,nan,,nan,-0.95898,0.16211,0.01660,-0.12207,-0.30518,-0.24414,3.942
1781376816.6749887,143441,FAST,0,1,-0.4810,0.1300,0.1530,37,0x5CA9,1.4980,0xD41F,1.8260,0xC307,1.8780,0x4A10,2.3270,,nan,,nan,,nan,,nan,-0.95972,0.16479,0.01343,-0.18311,-0.18311,-0.42725,3.942
1781376816.6975148,143461,FAST,0,1,-0.4810,0.1300,0.1530,37,0x5CA9,1.4980,0xD41F,1.8260,0xC307,1.8780,0x4A10,2.3270,,nan,,nan,,nan,,nan,-0.95923,0.16235,0.01489,-0.12207,-0.18311,-0.42725,3.942
1781376816.7164216,143481,FAST,0,1,-0.4810,0.1300,0.1530,37,0x5CA9,1.4980,0xD41F,1.8260,0xC307,1.8780,0x4A10,2.3270,,nan,,nan,,nan,,nan,-0.96094,0.16382,0.01270,-0.18311,-0.18311,-0.54932,3.942
1781376816.7332585,143495,UWB,1,1,-0.4670,0.1350,0.1160,36,0x5CA9,1.4700,0xD41F,1.8070,0xC307,1.9060,0x4A10,2.3230,,nan,,nan,,nan,,nan,-0.96094,0.16382,0.01270,-0.18311,-0.18311,-0.54932,3.942
1781376816.7334414,143501,FAST,0,1,-0.4670,0.1350,0.1160,36,0x5CA9,1.4700,0xD41F,1.8070,0xC307,1.9060,0x4A10,2.3230,,nan,,nan,,nan,,nan,-0.96021,0.16431,0.01221,-0.24414,-0.18311,-0.30518,3.942
1781376816.786803,143521,FAST,0,1,-0.4670,0.1350,0.1160,36,0x5CA9,1.4700,0xD41F,1.8070,0xC307,1.9060,0x4A10,2.3230,,nan,,nan,,nan,,nan,-0.95996,0.16211,0.01440,-0.18311,-0.12207,-0.48828,3.942
1781376816.7907898,143541,FAST,0,1,-0.4670,0.1350,0.1160,36,0x5CA9,1.4700,0xD41F,1.8070,0xC307,1.9060,0x4A10,2.3230,,nan,,nan,,nan,,nan,-0.96118,0.16455,0.01416,-0.24414,-0.24414,-0.36621,3.942
1781376816.7987196,143561,FAST,0,1,-0.4670,0.1350,0.1160,36,0x5CA9,1.4700,0xD41F,1.8070,0xC307,1.9060,0x4A10,2.3230,,nan,,nan,,nan,,nan,-0.95923,0.16211,0.01514,-0.12207,-0.18311,-0.42725,3.942
1781376816.8128762,143581,FAST,0,1,-0.4670,0.1350,0.1160,36,0x5CA9,1.4700,0xD41F,1.8070,0xC307,1.9060,0x4A10,2.3230,,nan,,nan,,nan,,nan,-0.96045,0.16406,0.01465,-0.06104,-0.24414,-0.24414,3.942
1781376816.8495824,143595,UWB,1,1,-0.4570,0.1370,0.2430,70,0x5CA9,1.4980,0xD41F,1.8170,0xC307,1.9340,0x4A10,2.2100,,nan,,nan,,nan,,nan,-0.96045,0.16406,0.01465,-0.06104,-0.24414,-0.24414,3.942
1781376816.8497963,143601,FAST,0,1,-0.4570,0.1370,0.2430,70,0x5CA9,1.4980,0xD41F,1.8170,0xC307,1.9340,0x4A10,2.2100,,nan,,nan,,nan,,nan,-0.95850,0.16382,0.01416,-0.12207,-0.18311,-0.48828,3.944
1781376816.8545928,143621,FAST,0,1,-0.4570,0.1370,0.2430,70,0x5CA9,1.4980,0xD41F,1.8170,0xC307,1.9340,0x4A10,2.2100,,nan,,nan,,nan,,nan,-0.96094,0.16309,0.01465,-0.18311,-0.12207,-0.48828,3.944
1781376816.8926022,143641,FAST,0,1,-0.4570,0.1370,0.2430,70,0x5CA9,1.4980,0xD41F,1.8170,0xC307,1.9340,0x4A10,2.2100,,nan,,nan,,nan,,nan,-0.95898,0.16309,0.01440,-0.06104,-0.36621,-0.30518,3.944
1781376816.8927994,143661,FAST,0,1,-0.4570,0.1370,0.2430,70,0x5CA9,1.4980,0xD41F,1.8170,0xC307,1.9340,0x4A10,2.2100,,nan,,nan,,nan,,nan,-0.96045,0.16284,0.01367,-0.18311,-0.12207,-0.61035,3.944
1781376816.9257479,143681,FAST,0,1,-0.4570,0.1370,0.2430,70,0x5CA9,1.4980,0xD41F,1.8170,0xC307,1.9340,0x4A10,2.2100,,nan,,nan,,nan,,nan,-0.95947,0.16211,0.01221,-0.18311,-0.30518,-0.42725,3.944
1781376816.928039,143695,UWB,1,1,-0.5500,0.0750,0.4310,83,0x5CA9,1.4800,0xD41F,1.8310,0xC307,1.8640,,nan,,nan,,nan,,nan,,nan,-0.95947,0.16211,0.01221,-0.18311,-0.30518,-0.42725,3.944
1781376816.974799,143701,FAST,0,1,-0.5500,0.0750,0.4310,83,0x5CA9,1.4800,0xD41F,1.8310,0xC307,1.8640,,nan,,nan,,nan,,nan,,nan,-0.96167,0.16504,0.01440,0.00000,-0.12207,-0.30518,3.944
1781376816.9749773,143721,FAST,0,1,-0.5500,0.0750,0.4310,83,0x5CA9,1.4800,0xD41F,1.8310,0xC307,1.8640,,nan,,nan,,nan,,nan,,nan,-0.95898,0.16260,0.01587,-0.36621,-0.24414,-0.54932,3.944
1781376817.007355,143741,FAST,0,1,-0.5500,0.0750,0.4310,83,0x5CA9,1.4800,0xD41F,1.8310,0xC307,1.8640,,nan,,nan,,nan,,nan,,nan,-0.96021,0.16357,0.01367,-0.12207,-0.36621,-0.36621,3.944
1781376817.0075097,143761,FAST,0,1,-0.5500,0.0750,0.4310,83,0x5CA9,1.4800,0xD41F,1.8310,0xC307,1.8640,,nan,,nan,,nan,,nan,,nan,-0.95947,0.16162,0.01367,-0.18311,-0.30518,-0.54932,3.944
1781376817.0129375,143781,FAST,0,1,-0.5500,0.0750,0.4310,83,0x5CA9,1.4800,0xD41F,1.8310,0xC307,1.8640,,nan,,nan,,nan,,nan,,nan,-0.96118,0.16113,0.01440,-0.12207,-0.12207,-0.42725,3.944
1781376817.0301409,143795,UWB,1,1,-0.5020,0.1080,0.3630,41,0x5CA9,1.4700,0xD41F,1.8170,0xC307,1.8540,0x4A10,2.3600,,nan,,nan,,nan,,nan,-0.96118,0.16113,0.01440,-0.12207,-0.12207,-0.42725,3.944
1781376817.0359092,143801,FAST,0,1,-0.5020,0.1080,0.3630,41,0x5CA9,1.4700,0xD41F,1.8170,0xC307,1.8540,0x4A10,2.3600,,nan,,nan,,nan,,nan,-0.96021,0.16333,0.01172,-0.12207,-0.18311,-0.42725,3.944
1781376817.0540845,143821,FAST,0,1,-0.5020,0.1080,0.3630,41,0x5CA9,1.4700,0xD41F,1.8170,0xC307,1.8540,0x4A10,2.3600,,nan,,nan,,nan,,nan,-0.96118,0.16113,0.01758,-0.18311,-0.18311,-0.36621,3.944
1781376817.076534,143841,FAST,0,1,-0.5020,0.1080,0.3630,41,0x5CA9,1.4700,0xD41F,1.8170,0xC307,1.8540,0x4A10,2.3600,,nan,,nan,,nan,,nan,-0.96069,0.16455,0.01318,-0.12207,-0.18311,-0.48828,3.944
1781376817.0928955,143861,FAST,0,1,-0.5020,0.1080,0.3630,41,0x5CA9,1.4700,0xD41F,1.8170,0xC307,1.8540,0x4A10,2.3600,,nan,,nan,,nan,,nan,-0.96143,0.16187,0.01440,-0.18311,-0.06104,-0.30518,3.944
1781376817.1368728,143881,FAST,0,1,-0.5020,0.1080,0.3630,41,0x5CA9,1.4700,0xD41F,1.8170,0xC307,1.8540,0x4A10,2.3600,,nan,,nan,,nan,,nan,-0.95923,0.16284,0.01514,-0.18311,-0.18311,-0.30518,3.944
1781376817.1394846,143895,UWB,1,1,-0.5190,0.0980,0.3750,60,0x5CA9,1.4980,0xD41F,1.8170,0xC307,1.9010,0x4A10,2.2620,,nan,,nan,,nan,,nan,-0.95923,0.16284,0.01514,-0.18311,-0.18311,-0.30518,3.944
1781376817.139698,143901,FAST,0,1,-0.5190,0.0980,0.3750,60,0x5CA9,1.4980,0xD41F,1.8170,0xC307,1.9010,0x4A10,2.2620,,nan,,nan,,nan,,nan,-0.96045,0.16406,0.01392,-0.12207,-0.24414,-0.30518,3.944
1781376817.1611595,143921,FAST,0,1,-0.5190,0.0980,0.3750,60,0x5CA9,1.4980,0xD41F,1.8170,0xC307,1.9010,0x4A10,2.2620,,nan,,nan,,nan,,nan,-0.96143,0.16284,0.01587,-0.12207,-0.24414,-0.30518,3.944
1781376817.1763422,143941,FAST,0,1,-0.5190,0.0980,0.3750,60,0x5CA9,1.4980,0xD41F,1.8170,0xC307,1.9010,0x4A10,2.2620,,nan,,nan,,nan,,nan,-0.96094,0.16284,0.01196,0.00000,-0.30518,-0.18311,3.944
1781376817.1936152,143961,FAST,0,1,-0.5190,0.0980,0.3750,60,0x5CA9,1.4980,0xD41F,1.8170,0xC307,1.9010,0x4A10,2.2620,,nan,,nan,,nan,,nan,-0.95874,0.16284,0.01465,-0.18311,-0.30518,-0.18311,3.944
1781376817.2551894,143981,FAST,0,1,-0.5190,0.0980,0.3750,60,0x5CA9,1.4980,0xD41F,1.8170,0xC307,1.9010,0x4A10,2.2620,,nan,,nan,,nan,,nan,-0.95972,0.16211,0.01562,-0.12207,-0.18311,-0.54932,3.944
1781376817.259471,143995,UWB,1,1,-0.5000,0.1110,0.2840,36,0x5CA9,1.4840,0xD41F,1.8170,0xC307,1.8780,0x4A10,2.3270,,nan,,nan,,nan,,nan,-0.95972,0.16211,0.01562,-0.12207,-0.18311,-0.54932,3.944
1781376817.2596583,144001,FAST,0,1,-0.5000,0.1110,0.2840,36,0x5CA9,1.4840,0xD41F,1.8170,0xC307,1.8780,0x4A10,2.3270,,nan,,nan,,nan,,nan,-0.96094,0.16260,0.01270,-0.12207,-0.06104,-0.42725,3.944
1781376817.259752,144021,FAST,0,1,-0.5000,0.1110,0.2840,36,0x5CA9,1.4840,0xD41F,1.8170,0xC307,1.8780,0x4A10,2.3270,,nan,,nan,,nan,,nan,-0.95874,0.16357,0.01660,-0.18311,-0.42725,-0.30518,3.944
1781376817.2735991,144041,FAST,0,1,-0.5000,0.1110,0.2840,36,0x5CA9,1.4840,0xD41F,1.8170,0xC307,1.8780,0x4A10,2.3270,,nan,,nan,,nan,,nan,-0.95850,0.16357,0.01270,-0.30518,-0.18311,-0.48828,3.944
1781376817.29699,144061,FAST,0,1,-0.5000,0.1110,0.2840,36,0x5CA9,1.4840,0xD41F,1.8170,0xC307,1.8780,0x4A10,2.3270,,nan,,nan,,nan,,nan,-0.96167,0.16406,0.01489,-0.18311,-0.24414,-0.36621,3.944
1781376817.3136334,144081,FAST,0,1,-0.5000,0.1110,0.2840,36,0x5CA9,1.4840,0xD41F,1.8170,0xC307,1.8780,0x4A10,2.3270,,nan,,nan,,nan,,nan,-0.96021,0.16333,0.01318,-0.18311,-0.12207,-0.42725,3.944
1781376817.327287,144095,UWB,1,1,-0.4900,0.1190,0.2120,36,0x5CA9,1.4890,0xD41F,1.8310,0xC307,1.8780,0x4A10,2.3130,,nan,,nan,,nan,,nan,-0.96021,0.16333,0.01318,-0.18311,-0.12207,-0.42725,3.944
1781376817.3646061,144101,FAST,0,1,-0.4900,0.1190,0.2120,36,0x5CA9,1.4890,0xD41F,1.8310,0xC307,1.8780,0x4A10,2.3130,,nan,,nan,,nan,,nan,-0.95898,0.16162,0.01440,-0.30518,-0.24414,-0.42725,3.942
1781376817.3647745,144121,FAST,0,1,-0.4900,0.1190,0.2120,36,0x5CA9,1.4890,0xD41F,1.8310,0xC307,1.8780,0x4A10,2.3130,,nan,,nan,,nan,,nan,-0.96191,0.16284,0.01367,-0.18311,-0.24414,-0.54932,3.942
1781376817.3739026,144141,FAST,0,1,-0.4900,0.1190,0.2120,36,0x5CA9,1.4890,0xD41F,1.8310,0xC307,1.8780,0x4A10,2.3130,,nan,,nan,,nan,,nan,-0.96021,0.16260,0.01416,-0.24414,-0.24414,-0.24414,3.942
1781376817.393335,144161,FAST,0,1,-0.4900,0.1190,0.2120,36,0x5CA9,1.4890,0xD41F,1.8310,0xC307,1.8780,0x4A10,2.3130,,nan,,nan,,nan,,nan,-0.95996,0.16211,0.01587,-0.12207,-0.18311,-0.36621,3.942
1781376817.413408,144181,FAST,0,1,-0.4900,0.1190,0.2120,36,0x5CA9,1.4890,0xD41F,1.8310,0xC307,1.8780,0x4A10,2.3130,,nan,,nan,,nan,,nan,-0.96094,0.16260,0.01294,-0.18311,-0.18311,-0.42725,3.942
1781376817.4273994,144195,UWB,1,1,-0.5060,0.1400,0.2740,64,0x5CA9,1.4940,0xD41F,1.7840,0xC307,1.8970,0x4A10,2.3040,,nan,,nan,,nan,,nan,-0.96094,0.16260,0.01294,-0.18311,-0.18311,-0.42725,3.942
1781376817.4494822,144201,FAST,0,1,-0.5060,0.1400,0.2740,64,0x5CA9,1.4940,0xD41F,1.7840,0xC307,1.8970,0x4A10,2.3040,,nan,,nan,,nan,,nan,-0.96021,0.16113,0.01538,-0.18311,-0.18311,-0.24414,3.942
1781376817.4830995,144221,FAST,0,1,-0.5060,0.1400,0.2740,64,0x5CA9,1.4940,0xD41F,1.7840,0xC307,1.8970,0x4A10,2.3040,,nan,,nan,,nan,,nan,-0.96069,0.16406,0.01514,-0.18311,-0.30518,-0.24414,3.942
1781376817.4832478,144241,FAST,0,1,-0.5060,0.1400,0.2740,64,0x5CA9,1.4940,0xD41F,1.7840,0xC307,1.8970,0x4A10,2.3040,,nan,,nan,,nan,,nan,-0.95898,0.16309,0.01465,0.00000,-0.12207,-0.30518,3.942
1781376817.4943688,144261,FAST,0,1,-0.5060,0.1400,0.2740,64,0x5CA9,1.4940,0xD41F,1.7840,0xC307,1.8970,0x4A10,2.3040,,nan,,nan,,nan,,nan,-0.95874,0.16162,0.01758,-0.12207,-0.36621,-0.36621,3.942
1781376817.516043,144281,FAST,0,1,-0.5060,0.1400,0.2740,64,0x5CA9,1.4940,0xD41F,1.7840,0xC307,1.8970,0x4A10,2.3040,,nan,,nan,,nan,,nan,-0.96265,0.16431,0.01343,-0.18311,-0.12207,-0.48828,3.942
1781376817.5305355,144295,UWB,1,1,-0.5180,0.1530,0.3240,65,0x5CA9,1.4840,0xD41F,1.7890,0xC307,1.9060,0x4A10,2.2900,,nan,,nan,,nan,,nan,-0.96265,0.16431,0.01343,-0.18311,-0.12207,-0.48828,3.942
1781376817.5350115,144301,FAST,0,1,-0.5180,0.1530,0.3240,65,0x5CA9,1.4840,0xD41F,1.7890,0xC307,1.9060,0x4A10,2.2900,,nan,,nan,,nan,,nan,-0.96045,0.16309,0.01245,-0.18311,-0.12207,-0.42725,3.942
1781376817.552872,144321,FAST,0,1,-0.5180,0.1530,0.3240,65,0x5CA9,1.4840,0xD41F,1.7890,0xC307,1.9060,0x4A10,2.2900,,nan,,nan,,nan,,nan,-0.95776,0.16211,0.01709,-0.24414,-0.18311,-0.36621,3.942
1781376817.6037107,144341,FAST,0,1,-0.5180,0.1530,0.3240,65,0x5CA9,1.4840,0xD41F,1.7890,0xC307,1.9060,0x4A10,2.2900,,nan,,nan,,nan,,nan,-0.96094,0.16553,0.01221,-0.12207,-0.12207,-0.42725,3.942
1781376817.6039114,144361,FAST,0,1,-0.5180,0.1530,0.3240,65,0x5CA9,1.4840,0xD41F,1.7890,0xC307,1.9060,0x4A10,2.2900,,nan,,nan,,nan,,nan,-0.95972,0.16260,0.01465,-0.12207,-0.12207,-0.24414,3.942
1781376817.6550987,144381,FAST,0,1,-0.5180,0.1530,0.3240,65,0x5CA9,1.4840,0xD41F,1.7890,0xC307,1.9060,0x4A10,2.2900,,nan,,nan,,nan,,nan,-0.96313,0.16260,0.01367,-0.12207,-0.24414,-0.36621,3.942
1781376817.6553578,144395,UWB,1,1,-0.5330,0.1250,0.3410,59,0x5CA9,1.4840,0xD41F,1.8500,0xC307,1.9150,0x4A10,2.2620,,nan,,nan,,nan,,nan,-0.96313,0.16260,0.01367,-0.12207,-0.24414,-0.36621,3.942
1781376817.655472,144401,FAST,0,1,-0.5330,0.1250,0.3410,59,0x5CA9,1.4840,0xD41F,1.8500,0xC307,1.9150,0x4A10,2.2620,,nan,,nan,,nan,,nan,-0.96021,0.16309,0.01318,-0.06104,-0.18311,-0.48828,3.942
1781376817.655568,144421,FAST,0,1,-0.5330,0.1250,0.3410,59,0x5CA9,1.4840,0xD41F,1.8500,0xC307,1.9150,0x4A10,2.2620,,nan,,nan,,nan,,nan,-0.95923,0.16162,0.01758,-0.30518,-0.30518,-0.36621,3.942
1781376817.673155,144441,FAST,0,1,-0.5330,0.1250,0.3410,59,0x5CA9,1.4840,0xD41F,1.8500,0xC307,1.9150,0x4A10,2.2620,,nan,,nan,,nan,,nan,-0.96094,0.16333,0.01123,-0.12207,-0.30518,-0.36621,3.942
1781376817.724422,144461,FAST,0,1,-0.5330,0.1250,0.3410,59,0x5CA9,1.4840,0xD41F,1.8500,0xC307,1.9150,0x4A10,2.2620,,nan,,nan,,nan,,nan,-0.95923,0.16235,0.01611,-0.12207,-0.24414,-0.36621,3.942
1781376817.7246084,144481,FAST,0,1,-0.5330,0.1250,0.3410,59,0x5CA9,1.4840,0xD41F,1.8500,0xC307,1.9150,0x4A10,2.2620,,nan,,nan,,nan,,nan,-0.96069,0.16162,0.01514,-0.18311,-0.18311,-0.36621,3.942
1781376817.727531,144496,UWB,1,1,-0.5100,0.1320,0.2640,35,0x5CA9,1.4700,0xD41F,1.7930,0xC307,1.8870,0x4A10,2.2990,,nan,,nan,,nan,,nan,-0.96069,0.16162,0.01514,-0.18311,-0.18311,-0.36621,3.942
1781376817.7369316,144501,FAST,0,1,-0.5100,0.1320,0.2640,35,0x5CA9,1.4700,0xD41F,1.7930,0xC307,1.8870,0x4A10,2.2990,,nan,,nan,,nan,,nan,-0.95923,0.16479,0.01416,-0.24414,-0.12207,-0.48828,3.942
1781376817.762325,144521,FAST,0,1,-0.5100,0.1320,0.2640,35,0x5CA9,1.4700,0xD41F,1.7930,0xC307,1.8870,0x4A10,2.2990,,nan,,nan,,nan,,nan,-0.95801,0.16235,0.01709,-0.12207,-0.36621,-0.48828,3.942
1781376817.773432,144541,FAST,0,1,-0.5100,0.1320,0.2640,35,0x5CA9,1.4700,0xD41F,1.7930,0xC307,1.8870,0x4A10,2.2990,,nan,,nan,,nan,,nan,-0.96069,0.16382,0.01123,-0.24414,-0.06104,-0.36621,3.942
1781376817.7930725,144561,FAST,0,1,-0.5100,0.1320,0.2640,35,0x5CA9,1.4700,0xD41F,1.7930,0xC307,1.8870,0x4A10,2.2990,,nan,,nan,,nan,,nan,-0.96045,0.16235,0.01562,-0.24414,-0.18311,-0.48828,3.942
1781376817.8328495,144581,FAST,0,1,-0.5100,0.1320,0.2640,35,0x5CA9,1.4700,0xD41F,1.7930,0xC307,1.8870,0x4A10,2.2990,,nan,,nan,,nan,,nan,-0.95874,0.16187,0.01440,-0.18311,-0.18311,-0.48828,3.942
1781376817.8330529,144595,UWB,1,1,-0.5180,0.1200,0.2640,50,0x5CA9,1.5130,0xD41F,1.8590,0xC307,1.9200,0x4A10,2.3370,,nan,,nan,,nan,,nan,-0.95874,0.16187,0.01440,-0.18311,-0.18311,-0.48828,3.942
1781376817.833162,144601,FAST,0,1,-0.5180,0.1200,0.2640,50,0x5CA9,1.5130,0xD41F,1.8590,0xC307,1.9200,0x4A10,2.3370,,nan,,nan,,nan,,nan,-0.96094,0.16357,0.01465,-0.18311,-0.06104,-0.48828,3.942
1781376817.8590157,144621,FAST,0,1,-0.5180,0.1200,0.2640,50,0x5CA9,1.5130,0xD41F,1.8590,0xC307,1.9200,0x4A10,2.3370,,nan,,nan,,nan,,nan,-0.96021,0.16284,0.01611,-0.30518,-0.18311,-0.36621,3.942
1781376817.8735123,144641,FAST,0,1,-0.5180,0.1200,0.2640,50,0x5CA9,1.5130,0xD41F,1.8590,0xC307,1.9200,0x4A10,2.3370,,nan,,nan,,nan,,nan,-0.95996,0.16431,0.01318,-0.12207,-0.18311,-0.48828,3.942
1781376817.9081845,144661,FAST,0,1,-0.5180,0.1200,0.2640,50,0x5CA9,1.5130,0xD41F,1.8590,0xC307,1.9200,0x4A10,2.3370,,nan,,nan,,nan,,nan,-0.96045,0.16333,0.01514,-0.18311,-0.18311,-0.36621,3.942
1781376817.9130554,144681,FAST,0,1,-0.5180,0.1200,0.2640,50,0x5CA9,1.5130,0xD41F,1.8590,0xC307,1.9200,0x4A10,2.3370,,nan,,nan,,nan,,nan,-0.95972,0.16211,0.01587,-0.24414,-0.12207,-0.36621,3.942
1781376817.952749,144695,UWB,1,1,-0.5340,0.1020,0.3060,62,0x5CA9,1.4940,0xD41F,1.8310,0xC307,1.9010,0x4A10,2.2810,,nan,,nan,,nan,,nan,-0.95972,0.16211,0.01587,-0.24414,-0.12207,-0.36621,3.942
1781376817.952941,144701,FAST,0,1,-0.5340,0.1020,0.3060,62,0x5CA9,1.4940,0xD41F,1.8310,0xC307,1.9010,0x4A10,2.2810,,nan,,nan,,nan,,nan,-0.96167,0.16333,0.01123,-0.12207,-0.18311,-0.42725,3.942
1781376817.96422,144721,FAST,0,1,-0.5340,0.1020,0.3060,62,0x5CA9,1.4940,0xD41F,1.8310,0xC307,1.9010,0x4A10,2.2810,,nan,,nan,,nan,,nan,-0.95972,0.16187,0.01489,-0.18311,-0.30518,-0.36621,3.942
1781376817.9758062,144741,FAST,0,1,-0.5340,0.1020,0.3060,62,0x5CA9,1.4940,0xD41F,1.8310,0xC307,1.9010,0x4A10,2.2810,,nan,,nan,,nan,,nan,-0.96265,0.16455,0.01367,-0.12207,-0.30518,-0.36621,3.942
1781376817.9965723,144761,FAST,0,1,-0.5340,0.1020,0.3060,62,0x5CA9,1.4940,0xD41F,1.8310,0xC307,1.9010,0x4A10,2.2810,,nan,,nan,,nan,,nan,-0.95923,0.16431,0.01270,-0.06104,-0.12207,-0.30518,3.942
1781376818.0130215,144781,FAST,0,1,-0.5340,0.1020,0.3060,62,0x5CA9,1.4940,0xD41F,1.8310,0xC307,1.9010,0x4A10,2.2810,,nan,,nan,,nan,,nan,-0.95679,0.16162,0.01807,-0.12207,-0.24414,-0.30518,3.942
1781376818.0295963,144795,UWB,1,1,-0.5270,0.1000,0.3060,52,0x5CA9,1.4980,0xD41F,1.8170,0xC307,1.9290,0x4A10,2.3650,,nan,,nan,,nan,,nan,-0.95679,0.16162,0.01807,-0.12207,-0.24414,-0.30518,3.942
1781376818.0328896,144801,FAST,0,1,-0.5270,0.1000,0.3060,52,0x5CA9,1.4980,0xD41F,1.8170,0xC307,1.9290,0x4A10,2.3650,,nan,,nan,,nan,,nan,-0.96289,0.16382,0.01074,-0.36621,-0.24414,-0.73242,3.942
1781376818.0739229,144821,FAST,0,1,-0.5270,0.1000,0.3060,52,0x5CA9,1.4980,0xD41F,1.8170,0xC307,1.9290,0x4A10,2.3650,,nan,,nan,,nan,,nan,-0.95923,0.16089,0.01611,-0.24414,-0.12207,-0.36621,3.942
1781376818.0740902,144841,FAST,0,1,-0.5270,0.1000,0.3060,52,0x5CA9,1.4980,0xD41F,1.8170,0xC307,1.9290,0x4A10,2.3650,,nan,,nan,,nan,,nan,-0.96069,0.16187,0.01636,-0.12207,-0.36621,-0.30518,3.942
1781376818.1012464,144861,FAST,0,1,-0.5270,0.1000,0.3060,52,0x5CA9,1.4980,0xD41F,1.8170,0xC307,1.9290,0x4A10,2.3650,,nan,,nan,,nan,,nan,-0.96167,0.16504,0.01318,-0.30518,-0.06104,-0.42725,3.942
1781376818.1153927,144881,FAST,0,1,-0.5270,0.1000,0.3060,52,0x5CA9,1.4980,0xD41F,1.8170,0xC307,1.9290,0x4A10,2.3650,,nan,,nan,,nan,,nan,-0.96021,0.16162,0.01538,-0.12207,-0.36621,-0.61035,3.942
1781376818.1299963,144895,UWB,1,1,-0.5060,0.1210,0.2700,42,0x5CA9,1.4660,0xD41F,1.7980,0xC307,1.8400,0x4A10,2.3130,,nan,,nan,,nan,,nan,-0.96021,0.16162,0.01538,-0.12207,-0.36621,-0.61035,3.942
1781376818.133461,144901,FAST,0,1,-0.5060,0.1210,0.2700,42,0x5CA9,1.4660,0xD41F,1.7980,0xC307,1.8400,0x4A10,2.3130,,nan,,nan,,nan,,nan,-0.96045,0.16211,0.01294,-0.24414,-0.12207,-0.36621,3.942
1781376818.156818,144921,FAST,0,1,-0.5060,0.1210,0.2700,42,0x5CA9,1.4660,0xD41F,1.7980,0xC307,1.8400,0x4A10,2.3130,,nan,,nan,,nan,,nan,-0.96094,0.16187,0.01489,-0.18311,-0.18311,-0.36621,3.942
1781376818.198749,144941,FAST,0,1,-0.5060,0.1210,0.2700,42,0x5CA9,1.4660,0xD41F,1.7980,0xC307,1.8400,0x4A10,2.3130,,nan,,nan,,nan,,nan,-0.95898,0.16284,0.01465,-0.18311,-0.12207,-0.30518,3.942
1781376818.2042522,144961,FAST,0,1,-0.5060,0.1210,0.2700,42,0x5CA9,1.4660,0xD41F,1.7980,0xC307,1.8400,0x4A10,2.3130,,nan,,nan,,nan,,nan,-0.96240,0.16479,0.01318,-0.18311,-0.18311,-0.36621,3.942
1781376818.217436,144981,FAST,0,1,-0.5060,0.1210,0.2700,42,0x5CA9,1.4660,0xD41F,1.7980,0xC307,1.8400,0x4A10,2.3130,,nan,,nan,,nan,,nan,-0.96094,0.16284,0.01343,-0.06104,-0.18311,-0.48828,3.942
1781376818.2358372,144995,UWB,1,1,-0.5240,0.1310,0.3250,67,0x5CA9,1.4330,0xD41F,1.8170,0xC307,1.9150,0x4A10,2.2480,,nan,,nan,,nan,,nan,-0.96094,0.16284,0.01343,-0.06104,-0.18311,-0.48828,3.942
1781376818.2360473,145001,FAST,0,1,-0.5240,0.1310,0.3250,67,0x5CA9,1.4330,0xD41F,1.8170,0xC307,1.9150,0x4A10,2.2480,,nan,,nan,,nan,,nan,-0.95996,0.16284,0.01416,-0.12207,-0.12207,-0.36621,3.942
1781376818.262565,145021,FAST,0,1,-0.5240,0.1310,0.3250,67,0x5CA9,1.4330,0xD41F,1.8170,0xC307,1.9150,0x4A10,2.2480,,nan,,nan,,nan,,nan,-0.96069,0.16382,0.01514,0.00000,-0.24414,-0.54932,3.942
1781376818.2753677,145041,FAST,0,1,-0.5240,0.1310,0.3250,67,0x5CA9,1.4330,0xD41F,1.8170,0xC307,1.9150,0x4A10,2.2480,,nan,,nan,,nan,,nan,-0.95874,0.16162,0.01343,-0.06104,-0.24414,-0.48828,3.942
1781376818.3134105,145061,FAST,0,1,-0.5240,0.1310,0.3250,67,0x5CA9,1.4330,0xD41F,1.8170,0xC307,1.9150,0x4A10,2.2480,,nan,,nan,,nan,,nan,-0.95996,0.16309,0.01343,-0.24414,-0.24414,-0.42725,3.942
1781376818.3136086,145081,FAST,0,1,-0.5240,0.1310,0.3250,67,0x5CA9,1.4330,0xD41F,1.8170,0xC307,1.9150,0x4A10,2.2480,,nan,,nan,,nan,,nan,-0.96045,0.16333,0.01367,-0.06104,-0.18311,-0.36621,3.942
1781376818.3369677,145095,UWB,1,1,-0.5030,0.1420,0.2720,39,0x5CA9,1.4800,0xD41F,1.7510,0xC307,1.8360,0x4A10,2.3090,,nan,,nan,,nan,,nan,-0.96045,0.16333,0.01367,-0.06104,-0.18311,-0.36621,3.942
1781376818.3372746,145101,FAST,0,1,-0.5030,0.1420,0.2720,39,0x5CA9,1.4800,0xD41F,1.7510,0xC307,1.8360,0x4A10,2.3090,,nan,,nan,,nan,,nan,-0.95898,0.16309,0.01587,-0.12207,-0.12207,-0.67139,3.938
1781376818.3712907,145121,FAST,0,1,-0.5030,0.1420,0.2720,39,0x5CA9,1.4800,0xD41F,1.7510,0xC307,1.8360,0x4A10,2.3090,,nan,,nan,,nan,,nan,-0.96167,0.16309,0.01367,-0.12207,-0.30518,-0.42725,3.938
1781376818.375061,145141,FAST,0,1,-0.5030,0.1420,0.2720,39,0x5CA9,1.4800,0xD41F,1.7510,0xC307,1.8360,0x4A10,2.3090,,nan,,nan,,nan,,nan,-0.96021,0.16357,0.01392,-0.06104,-0.18311,-0.42725,3.938
1781376818.3929148,145161,FAST,0,1,-0.5030,0.1420,0.2720,39,0x5CA9,1.4800,0xD41F,1.7510,0xC307,1.8360,0x4A10,2.3090,,nan,,nan,,nan,,nan,-0.95898,0.16284,0.01587,-0.24414,-0.12207,-0.48828,3.938
1781376818.4364257,145181,FAST,0,1,-0.5030,0.1420,0.2720,39,0x5CA9,1.4800,0xD41F,1.7510,0xC307,1.8360,0x4A10,2.3090,,nan,,nan,,nan,,nan,-0.96045,0.16211,0.01367,-0.30518,-0.24414,-0.42725,3.938
1781376818.4366245,145195,UWB,1,1,-0.5010,0.1170,0.3210,62,0x5CA9,1.4420,0xD41F,1.7890,0xC307,1.9580,0x4A10,2.3320,,nan,,nan,,nan,,nan,-0.96045,0.16211,0.01367,-0.30518,-0.24414,-0.42725,3.938
1781376818.4367356,145201,FAST,0,1,-0.5010,0.1170,0.3210,62,0x5CA9,1.4420,0xD41F,1.7890,0xC307,1.9580,0x4A10,2.3320,,nan,,nan,,nan,,nan,-0.95923,0.16382,0.01660,-0.24414,-0.12207,-0.42725,3.938
1781376818.4578714,145221,FAST,0,1,-0.5010,0.1170,0.3210,62,0x5CA9,1.4420,0xD41F,1.7890,0xC307,1.9580,0x4A10,2.3320,,nan,,nan,,nan,,nan,-0.96143,0.16260,0.01392,-0.24414,-0.24414,-0.30518,3.938
1781376818.475344,145241,FAST,0,1,-0.5010,0.1170,0.3210,62,0x5CA9,1.4420,0xD41F,1.7890,0xC307,1.9580,0x4A10,2.3320,,nan,,nan,,nan,,nan,-0.96021,0.16357,0.01440,-0.18311,-0.18311,-0.30518,3.938
1781376818.4961169,145261,FAST,0,1,-0.5010,0.1170,0.3210,62,0x5CA9,1.4420,0xD41F,1.7890,0xC307,1.9580,0x4A10,2.3320,,nan,,nan,,nan,,nan,-0.95996,0.16138,0.01392,-0.24414,-0.30518,-0.30518,3.938
1781376818.5416868,145281,FAST,0,1,-0.5010,0.1170,0.3210,62,0x5CA9,1.4420,0xD41F,1.7890,0xC307,1.9580,0x4A10,2.3320,,nan,,nan,,nan,,nan,-0.96216,0.16479,0.01270,-0.18311,-0.18311,-0.42725,3.938
1781376818.5418935,145295,UWB,1,1,-0.4810,0.1320,0.2660,37,0x5CA9,1.4700,0xD41F,1.7840,0xC307,1.8590,0x4A10,2.3370,,nan,,nan,,nan,,nan,-0.96216,0.16479,0.01270,-0.18311,-0.18311,-0.42725,3.938
1781376818.5420053,145301,FAST,0,1,-0.4810,0.1320,0.2660,37,0x5CA9,1.4700,0xD41F,1.7840,0xC307,1.8590,0x4A10,2.3370,,nan,,nan,,nan,,nan,-0.95996,0.16211,0.01465,-0.18311,-0.18311,-0.48828,3.938
1781376818.5539346,145321,FAST,0,1,-0.4810,0.1320,0.2660,37,0x5CA9,1.4700,0xD41F,1.7840,0xC307,1.8590,0x4A10,2.3370,,nan,,nan,,nan,,nan,-0.95972,0.16260,0.01587,-0.18311,-0.30518,-0.48828,3.938
1781376818.575736,145341,FAST,0,1,-0.4810,0.1320,0.2660,37,0x5CA9,1.4700,0xD41F,1.7840,0xC307,1.8590,0x4A10,2.3370,,nan,,nan,,nan,,nan,-0.96045,0.16260,0.01465,-0.18311,-0.24414,-0.42725,3.938
1781376818.5931914,145361,FAST,0,1,-0.4810,0.1320,0.2660,37,0x5CA9,1.4700,0xD41F,1.7840,0xC307,1.8590,0x4A10,2.3370,,nan,,nan,,nan,,nan,-0.95874,0.16211,0.01489,-0.12207,-0.24414,-0.24414,3.938
1781376818.6307979,145381,FAST,0,1,-0.4810,0.1320,0.2660,37,0x5CA9,1.4700,0xD41F,1.7840,0xC307,1.8590,0x4A10,2.3370,,nan,,nan,,nan,,nan,-0.95923,0.16479,0.01270,-0.30518,0.00000,-0.36621,3.938
1781376818.6309865,145395,UWB,1,1,-0.4870,0.1450,0.3290,67,0x5CA9,1.4520,0xD41F,1.7560,0xC307,1.9430,0x4A10,2.3040,,nan,,nan,,nan,,nan,-0.95923,0.16479,0.01270,-0.30518,0.00000,-0.36621,3.938
1781376818.6747015,145401,FAST,0,1,-0.4870,0.1450,0.3290,67,0x5CA9,1.4520,0xD41F,1.7560,0xC307,1.9430,0x4A10,2.3040,,nan,,nan,,nan,,nan,-0.96484,0.16504,0.01318,-0.24414,-0.12207,-0.61035,3.938
1781376818.674888,145421,FAST,0,1,-0.4870,0.1450,0.3290,67,0x5CA9,1.4520,0xD41F,1.7560,0xC307,1.9430,0x4A10,2.3040,,nan,,nan,,nan,,nan,-0.95801,0.16284,0.01611,-0.12207,-0.12207,-0.30518,3.938
1781376818.6782138,145441,FAST,0,1,-0.4870,0.1450,0.3290,67,0x5CA9,1.4520,0xD41F,1.7560,0xC307,1.9430,0x4A10,2.3040,,nan,,nan,,nan,,nan,-0.95996,0.16406,0.01367,-0.12207,0.00000,-0.36621,3.938
1781376818.693268,145461,FAST,0,1,-0.4870,0.1450,0.3290,67,0x5CA9,1.4520,0xD41F,1.7560,0xC307,1.9430,0x4A10,2.3040,,nan,,nan,,nan,,nan,-0.95996,0.16260,0.01440,0.00000,0.00000,-0.54932,3.938
1781376818.7128563,145481,FAST,0,1,-0.4870,0.1450,0.3290,67,0x5CA9,1.4520,0xD41F,1.7560,0xC307,1.9430,0x4A10,2.3040,,nan,,nan,,nan,,nan,-0.95996,0.16016,0.01392,-0.24414,-0.12207,-0.36621,3.938
1781376818.7278216,145495,UWB,1,1,-0.4910,0.1590,0.2940,45,0x5CA9,1.4980,0xD41F,1.7930,0xC307,1.7840,0x4A10,2.2710,,nan,,nan,,nan,,nan,-0.95996,0.16016,0.01392,-0.24414,-0.12207,-0.36621,3.938
1781376818.745938,145501,FAST,0,1,-0.4910,0.1590,0.2940,45,0x5CA9,1.4980,0xD41F,1.7930,0xC307,1.7840,0x4A10,2.2710,,nan,,nan,,nan,,nan,-0.96143,0.16333,0.01514,-0.18311,0.06104,-0.30518,3.938
1781376818.7780514,145521,FAST,0,1,-0.4910,0.1590,0.2940,45,0x5CA9,1.4980,0xD41F,1.7930,0xC307,1.7840,0x4A10,2.2710,,nan,,nan,,nan,,nan,-0.96069,0.16187,0.01514,-0.24414,-0.06104,-0.48828,3.938
1781376818.7787476,145541,FAST,0,1,-0.4910,0.1590,0.2940,45,0x5CA9,1.4980,0xD41F,1.7930,0xC307,1.7840,0x4A10,2.2710,,nan,,nan,,nan,,nan,-0.96143,0.16333,0.01416,-0.24414,-0.24414,-0.48828,3.938
1781376818.7984695,145561,FAST,0,1,-0.4910,0.1590,0.2940,45,0x5CA9,1.4980,0xD41F,1.7930,0xC307,1.7840,0x4A10,2.2710,,nan,,nan,,nan,,nan,-0.96240,0.16406,0.01440,-0.18311,0.00000,-0.36621,3.938
1781376818.821266,145581,FAST,0,1,-0.4910,0.1590,0.2940,45,0x5CA9,1.4980,0xD41F,1.7930,0xC307,1.7840,0x4A10,2.2710,,nan,,nan,,nan,,nan,-0.95850,0.16235,0.01294,-0.18311,-0.06104,-0.54932,3.938
1781376818.8335588,145595,UWB,1,1,-0.4640,0.1390,0.3250,56,0x5CA9,1.4800,0xD41F,1.8450,0xC307,2.0880,0x4A10,2.3460,,nan,,nan,,nan,,nan,-0.95850,0.16235,0.01294,-0.18311,-0.06104,-0.54932,3.938
1781376818.833761,145601,FAST,0,1,-0.4640,0.1390,0.3250,56,0x5CA9,1.4800,0xD41F,1.8450,0xC307,2.0880,0x4A10,2.3460,,nan,,nan,,nan,,nan,-0.96069,0.16260,0.01270,-0.30518,-0.18311,-0.73242,3.942
1781376818.8528955,145621,FAST,0,1,-0.4640,0.1390,0.3250,56,0x5CA9,1.4800,0xD41F,1.8450,0xC307,2.0880,0x4A10,2.3460,,nan,,nan,,nan,,nan,-0.96069,0.16284,0.01367,-0.30518,-0.30518,-0.36621,3.942
1781376818.9002821,145641,FAST,0,1,-0.4640,0.1390,0.3250,56,0x5CA9,1.4800,0xD41F,1.8450,0xC307,2.0880,0x4A10,2.3460,,nan,,nan,,nan,,nan,-0.95972,0.16235,0.01489,-0.18311,-0.12207,-0.42725,3.942
1781376818.900592,145661,FAST,0,1,-0.4640,0.1390,0.3250,56,0x5CA9,1.4800,0xD41F,1.8450,0xC307,2.0880,0x4A10,2.3460,,nan,,nan,,nan,,nan,-0.96069,0.16211,0.01514,-0.24414,-0.18311,-0.36621,3.942
1781376818.913081,145681,FAST,0,1,-0.4640,0.1390,0.3250,56,0x5CA9,1.4800,0xD41F,1.8450,0xC307,2.0880,0x4A10,2.3460,,nan,,nan,,nan,,nan,-0.95972,0.16235,0.01440,-0.24414,-0.18311,-0.42725,3.942
1781376818.9359834,145695,UWB,1,1,-0.4580,0.1340,0.3570,60,0x5CA9,1.4940,0xD41F,1.8260,0xC307,2.0040,0x4A10,2.2990,,nan,,nan,,nan,,nan,-0.95972,0.16235,0.01440,-0.24414,-0.18311,-0.42725,3.942
1781376818.9361403,145701,FAST,0,1,-0.4580,0.1340,0.3570,60,0x5CA9,1.4940,0xD41F,1.8260,0xC307,2.0040,0x4A10,2.2990,,nan,,nan,,nan,,nan,-0.96045,0.16382,0.01440,-0.30518,-0.18311,-0.24414,3.942
1781376818.9529037,145721,FAST,0,1,-0.4580,0.1340,0.3570,60,0x5CA9,1.4940,0xD41F,1.8260,0xC307,2.0040,0x4A10,2.2990,,nan,,nan,,nan,,nan,-0.96191,0.16284,0.01587,-0.12207,-0.06104,-0.30518,3.942
1781376818.981233,145741,FAST,0,1,-0.4580,0.1340,0.3570,60,0x5CA9,1.4940,0xD41F,1.8260,0xC307,2.0040,0x4A10,2.2990,,nan,,nan,,nan,,nan,-0.96045,0.16235,0.01392,-0.18311,-0.30518,-0.54932,3.942
1781376819.0525806,145761,FAST,0,1,-0.4580,0.1340,0.3570,60,0x5CA9,1.4940,0xD41F,1.8260,0xC307,2.0040,0x4A10,2.2990,,nan,,nan,,nan,,nan,-0.96167,0.16260,0.01465,-0.12207,-0.24414,-0.18311,3.942
1781376819.053981,145781,FAST,0,1,-0.4580,0.1340,0.3570,60,0x5CA9,1.4940,0xD41F,1.8260,0xC307,2.0040,0x4A10,2.2990,,nan,,nan,,nan,,nan,-0.95996,0.16382,0.01416,-0.18311,-0.30518,-0.36621,3.942
1781376819.06462,145795,UWB,1,1,-0.4380,0.1470,0.4400,73,0x5CA9,1.5170,0xD41F,1.7650,0xC307,1.9480,0x4A10,2.2620,,nan,,nan,,nan,,nan,-0.95996,0.16382,0.01416,-0.18311,-0.30518,-0.36621,3.942
1781376819.0648174,145801,FAST,0,1,-0.4380,0.1470,0.4400,73,0x5CA9,1.5170,0xD41F,1.7650,0xC307,1.9480,0x4A10,2.2620,,nan,,nan,,nan,,nan,-0.95850,0.16382,0.01367,-0.06104,-0.24414,-0.61035,3.942
1781376819.0649295,145821,FAST,0,1,-0.4380,0.1470,0.4400,73,0x5CA9,1.5170,0xD41F,1.7650,0xC307,1.9480,0x4A10,2.2620,,nan,,nan,,nan,,nan,-0.96143,0.16187,0.01660,-0.18311,-0.06104,-0.48828,3.942
1781376819.0755854,145841,FAST,0,1,-0.4380,0.1470,0.4400,73,0x5CA9,1.5170,0xD41F,1.7650,0xC307,1.9480,0x4A10,2.2620,,nan,,nan,,nan,,nan,-0.95825,0.16333,0.01465,-0.30518,-0.18311,-0.36621,3.942
1781376819.0930827,145861,FAST,0,1,-0.4380,0.1470,0.4400,73,0x5CA9,1.5170,0xD41F,1.7650,0xC307,1.9480,0x4A10,2.2620,,nan,,nan,,nan,,nan,-0.95850,0.16162,0.01489,-0.30518,-0.24414,-0.30518,3.942
1781376819.1405811,145881,FAST,0,1,-0.4380,0.1470,0.4400,73,0x5CA9,1.5170,0xD41F,1.7650,0xC307,1.9480,0x4A10,2.2620,,nan,,nan,,nan,,nan,-0.96094,0.16235,0.01416,-0.12207,-0.36621,-0.48828,3.942
1781376819.1437685,145895,UWB,1,1,-0.4140,0.1160,0.4500,57,0x5CA9,1.4840,0xD41F,1.8500,0xC307,2.1680,0x4A10,2.3320,,nan,,nan,,nan,,nan,-0.96094,0.16235,0.01416,-0.12207,-0.36621,-0.48828,3.942
1781376819.1439579,145901,FAST,0,1,-0.4140,0.1160,0.4500,57,0x5CA9,1.4840,0xD41F,1.8500,0xC307,2.1680,0x4A10,2.3320,,nan,,nan,,nan,,nan,-0.95972,0.16406,0.01294,-0.18311,-0.18311,-0.42725,3.942
1781376819.1541839,145921,FAST,0,1,-0.4140,0.1160,0.4500,57,0x5CA9,1.4840,0xD41F,1.8500,0xC307,2.1680,0x4A10,2.3320,,nan,,nan,,nan,,nan,-0.95898,0.16333,0.01465,-0.18311,-0.30518,-0.36621,3.942
1781376819.1734006,145941,FAST,0,1,-0.4140,0.1160,0.4500,57,0x5CA9,1.4840,0xD41F,1.8500,0xC307,2.1680,0x4A10,2.3320,,nan,,nan,,nan,,nan,-0.95972,0.16455,0.01367,-0.24414,0.06104,-0.36621,3.942
1781376819.1930494,145961,FAST,0,1,-0.4140,0.1160,0.4500,57,0x5CA9,1.4840,0xD41F,1.8500,0xC307,2.1680,0x4A10,2.3320,,nan,,nan,,nan,,nan,-0.95874,0.15894,0.01489,-0.36621,-0.18311,-0.67139,3.942
1781376819.215883,145981,FAST,0,1,-0.4140,0.1160,0.4500,57,0x5CA9,1.4840,0xD41F,1.8500,0xC307,2.1680,0x4A10,2.3320,,nan,,nan,,nan,,nan,-0.94922,0.22510,0.01514,-0.42725,-0.18311,-0.42725,3.942
1781376819.258126,145995,UWB,1,1,-0.4280,0.1130,0.3940,46,0x5CA9,1.5030,0xD41F,1.8820,0xC307,1.9580,0x4A10,2.3090,,nan,,nan,,nan,,nan,-0.94922,0.22510,0.01514,-0.42725,-0.18311,-0.42725,3.942
1781376819.2583356,146001,FAST,0,1,-0.4280,0.1130,0.3940,46,0x5CA9,1.5030,0xD41F,1.8820,0xC307,1.9580,0x4A10,2.3090,,nan,,nan,,nan,,nan,-0.98022,0.12524,0.01025,-0.06104,0.42725,-3.47900,3.942
1781376819.2584276,146021,FAST,0,1,-0.4280,0.1130,0.3940,46,0x5CA9,1.5030,0xD41F,1.8820,0xC307,1.9580,0x4A10,2.3090,,nan,,nan,,nan,,nan,-0.94995,0.15210,0.01855,0.79346,0.18311,-0.30518,3.942
1781376819.2728362,146041,FAST,0,1,-0.4280,0.1130,0.3940,46,0x5CA9,1.5030,0xD41F,1.8820,0xC307,1.9580,0x4A10,2.3090,,nan,,nan,,nan,,nan,-0.94727,0.15332,0.00854,0.24414,0.12207,2.86865,3.942
1781376819.2938306,146061,FAST,0,1,-0.4280,0.1130,0.3940,46,0x5CA9,1.5030,0xD41F,1.8820,0xC307,1.9580,0x4A10,2.3090,,nan,,nan,,nan,,nan,-0.97144,0.13916,0.01611,-0.12207,0.18311,-0.36621,3.942
1781376819.3142254,146082,FAST,0,1,-0.4280,0.1130,0.3940,46,0x5CA9,1.5030,0xD41F,1.8820,0xC307,1.9580,0x4A10,2.3090,,nan,,nan,,nan,,nan,-0.96118,0.13550,0.01807,0.00000,-0.30518,-1.03760,3.942
1781376819.3287945,146095,UWB,1,1,-0.4370,0.1160,0.2870,36,0x5CA9,1.4840,0xD41F,1.8680,0xC307,1.8970,0x4A10,2.3180,,nan,,nan,,nan,,nan,-0.96118,0.13550,0.01807,0.00000,-0.30518,-1.03760,3.942
1781376819.3332512,146101,FAST,0,1,-0.4370,0.1160,0.2870,36,0x5CA9,1.4840,0xD41F,1.8680,0xC307,1.8970,0x4A10,2.3180,,nan,,nan,,nan,,nan,-0.95752,0.18164,0.01172,-0.48828,-0.36621,-0.54932,3.940
1781376819.3746123,146121,FAST,0,1,-0.4370,0.1160,0.2870,36,0x5CA9,1.4840,0xD41F,1.8680,0xC307,1.8970,0x4A10,2.3180,,nan,,nan,,nan,,nan,-0.96338,0.15820,0.01660,-0.18311,0.06104,-0.24414,3.940
1781376819.374764,146141,FAST,0,1,-0.4370,0.1160,0.2870,36,0x5CA9,1.4840,0xD41F,1.8680,0xC307,1.8970,0x4A10,2.3180,,nan,,nan,,nan,,nan,-0.95898,0.15552,0.01343,-0.06104,0.00000,-0.42725,3.940
1781376819.3967996,146161,FAST,0,1,-0.4370,0.1160,0.2870,36,0x5CA9,1.4840,0xD41F,1.8680,0xC307,1.8970,0x4A10,2.3180,,nan,,nan,,nan,,nan,-0.96436,0.16333,0.01196,0.00000,-0.24414,-0.73242,3.940
1781376819.4129384,146181,FAST,0,1,-0.4370,0.1160,0.2870,36,0x5CA9,1.4840,0xD41F,1.8680,0xC307,1.8970,0x4A10,2.3180,,nan,,nan,,nan,,nan,-0.95923,0.16528,0.01392,-0.06104,0.06104,0.42725,3.940
1781376819.428052,146195,UWB,1,1,-0.4030,0.1540,0.2870,47,0x5CA9,1.4800,0xD41F,1.8030,0xC307,1.8360,0x4A10,2.3790,,nan,,nan,,nan,,nan,-0.95923,0.16528,0.01392,-0.06104,0.06104,0.42725,3.940
1781376819.4328842,146201,FAST,0,1,-0.4030,0.1540,0.2870,47,0x5CA9,1.4800,0xD41F,1.8030,0xC307,1.8360,0x4A10,2.3790,,nan,,nan,,nan,,nan,-0.95776,0.15796,0.01416,-0.06104,-0.18311,0.12207,3.940
1781376819.4876828,146221,FAST,0,1,-0.4030,0.1540,0.2870,47,0x5CA9,1.4800,0xD41F,1.8030,0xC307,1.8360,0x4A10,2.3790,,nan,,nan,,nan,,nan,-0.96167,0.15967,0.01196,-0.12207,-0.12207,-0.85449,3.940
1781376819.4878683,146241,FAST,0,1,-0.4030,0.1540,0.2870,47,0x5CA9,1.4800,0xD41F,1.8030,0xC307,1.8360,0x4A10,2.3790,,nan,,nan,,nan,,nan,-0.95947,0.16284,0.01514,-0.18311,0.00000,-0.42725,3.940
1781376819.5050292,146261,FAST,0,1,-0.4030,0.1540,0.2870,47,0x5CA9,1.4800,0xD41F,1.8030,0xC307,1.8360,0x4A10,2.3790,,nan,,nan,,nan,,nan,-0.95972,0.16455,0.01587,-0.18311,-0.24414,-0.12207,3.940
1781376819.515334,146281,FAST,0,1,-0.4030,0.1540,0.2870,47,0x5CA9,1.4800,0xD41F,1.8030,0xC307,1.8360,0x4A10,2.3790,,nan,,nan,,nan,,nan,-0.96191,0.16724,0.01099,-0.24414,-0.12207,-0.67139,3.940
1781376819.5272937,146295,UWB,1,1,-0.4250,0.1530,0.2280,35,0x5CA9,1.4940,0xD41F,1.8500,0xC307,1.8400,0x4A10,2.2990,,nan,,nan,,nan,,nan,-0.96191,0.16724,0.01099,-0.24414,-0.12207,-0.67139,3.940
1781376819.532922,146301,FAST,0,1,-0.4250,0.1530,0.2280,35,0x5CA9,1.4940,0xD41F,1.8500,0xC307,1.8400,0x4A10,2.2990,,nan,,nan,,nan,,nan,-0.95874,0.16162,0.01440,-0.18311,-0.18311,-0.42725,3.940
1781376819.5629709,146321,FAST,0,1,-0.4250,0.1530,0.2280,35,0x5CA9,1.4940,0xD41F,1.8500,0xC307,1.8400,0x4A10,2.2990,,nan,,nan,,nan,,nan,-0.96069,0.16235,0.01465,-0.12207,-0.30518,-0.12207,3.940
1781376819.573522,146341,FAST,0,1,-0.4250,0.1530,0.2280,35,0x5CA9,1.4940,0xD41F,1.8500,0xC307,1.8400,0x4A10,2.2990,,nan,,nan,,nan,,nan,-0.95947,0.16211,0.01172,-0.18311,-0.06104,-0.36621,3.940
1781376819.6065516,146361,FAST,0,1,-0.4250,0.1530,0.2280,35,0x5CA9,1.4940,0xD41F,1.8500,0xC307,1.8400,0x4A10,2.2990,,nan,,nan,,nan,,nan,-0.95825,0.16113,0.01562,-0.12207,-0.30518,-0.48828,3.940
1781376819.613812,146381,FAST,0,1,-0.4250,0.1530,0.2280,35,0x5CA9,1.4940,0xD41F,1.8500,0xC307,1.8400,0x4A10,2.2990,,nan,,nan,,nan,,nan,-0.96191,0.16479,0.01343,-0.12207,-0.06104,-0.48828,3.940
1781376819.6290543,146395,UWB,1,1,-0.4550,0.1430,0.1700,33,0x5CA9,1.4840,0xD41F,1.9760,0xC307,1.8680,0x4A10,2.2900,,nan,,nan,,nan,,nan,-0.96191,0.16479,0.01343,-0.12207,-0.06104,-0.48828,3.940
1781376819.6414886,146401,FAST,0,1,-0.4550,0.1430,0.1700,33,0x5CA9,1.4840,0xD41F,1.9760,0xC307,1.8680,0x4A10,2.2900,,nan,,nan,,nan,,nan,-0.95996,0.16089,0.01245,-0.30518,0.00000,-0.30518,3.940
1781376819.6856105,146421,FAST,0,1,-0.4550,0.1430,0.1700,33,0x5CA9,1.4840,0xD41F,1.9760,0xC307,1.8680,0x4A10,2.2900,,nan,,nan,,nan,,nan,-0.95923,0.16333,0.01416,-0.30518,-0.24414,-0.48828,3.940
1781376819.6857946,146441,FAST,0,1,-0.4550,0.1430,0.1700,33,0x5CA9,1.4840,0xD41F,1.9760,0xC307,1.8680,0x4A10,2.2900,,nan,,nan,,nan,,nan,-0.95703,0.16504,0.00781,0.06104,0.18311,-0.36621,3.940
1781376819.6961648,146461,FAST,0,1,-0.4550,0.1430,0.1700,33,0x5CA9,1.4840,0xD41F,1.9760,0xC307,1.8680,0x4A10,2.2900,,nan,,nan,,nan,,nan,-0.96118,0.15356,0.01440,0.24414,0.48828,-0.79346,3.940
1781376819.724144,146481,FAST,0,1,-0.4550,0.1430,0.1700,33,0x5CA9,1.4840,0xD41F,1.9760,0xC307,1.8680,0x4A10,2.2900,,nan,,nan,,nan,,nan,-0.96777,0.16553,0.02051,-0.24414,-0.06104,0.24414,3.940
1781376819.7327616,146496,UWB,1,1,-0.4680,0.1370,0.1330,34,0x5CA9,1.4660,0xD41F,1.9480,0xC307,1.8820,0x4A10,2.3040,,nan,,nan,,nan,,nan,-0.96777,0.16553,0.02051,-0.24414,-0.06104,0.24414,3.940
1781376819.7344425,146501,FAST,0,1,-0.4680,0.1370,0.1330,34,0x5CA9,1.4660,0xD41F,1.9480,0xC307,1.8820,0x4A10,2.3040,,nan,,nan,,nan,,nan,-0.95532,0.16895,0.00488,-0.12207,0.00000,-0.67139,3.940
1781376819.7534978,146521,FAST,0,1,-0.4680,0.1370,0.1330,34,0x5CA9,1.4660,0xD41F,1.9480,0xC307,1.8820,0x4A10,2.3040,,nan,,nan,,nan,,nan,-0.95776,0.15723,0.01953,-0.30518,-0.24414,-0.85449,3.940
1781376819.7810555,146541,FAST,0,1,-0.4680,0.1370,0.1330,34,0x5CA9,1.4660,0xD41F,1.9480,0xC307,1.8820,0x4A10,2.3040,,nan,,nan,,nan,,nan,-0.97217,0.16064,-0.01123,0.79346,1.34277,-0.54932,3.940
1781376819.7956846,146561,FAST,0,1,-0.4680,0.1370,0.1330,34,0x5CA9,1.4660,0xD41F,1.9480,0xC307,1.8820,0x4A10,2.3040,,nan,,nan,,nan,,nan,-0.94897,0.14917,0.04492,0.54932,0.85449,1.40381,3.940
1781376819.8130798,146581,FAST,0,1,-0.4680,0.1370,0.1330,34,0x5CA9,1.4660,0xD41F,1.9480,0xC307,1.8820,0x4A10,2.3040,,nan,,nan,,nan,,nan,-0.95532,0.16309,-0.00244,-0.36621,-0.97656,-0.36621,3.940
1781376819.841481,146595,UWB,1,1,-0.4570,0.1350,0.1060,35,0x5CA9,1.4520,0xD41F,1.8540,0xC307,1.9060,0x4A10,2.3410,,nan,,nan,,nan,,nan,-0.95532,0.16309,-0.00244,-0.36621,-0.97656,-0.36621,3.940
1781376819.8416722,146601,FAST,0,1,-0.4570,0.1350,0.1060,35,0x5CA9,1.4520,0xD41F,1.8540,0xC307,1.9060,0x4A10,2.3410,,nan,,nan,,nan,,nan,-0.96533,0.16064,0.01147,0.06104,0.36621,-1.64795,3.942
1781376819.8528395,146621,FAST,0,1,-0.4570,0.1350,0.1060,35,0x5CA9,1.4520,0xD41F,1.8540,0xC307,1.9060,0x4A10,2.3410,,nan,,nan,,nan,,nan,-0.95508,0.15796,0.02271,-0.36621,-0.30518,-0.48828,3.942
1781376819.8806694,146641,FAST,0,1,-0.4570,0.1350,0.1060,35,0x5CA9,1.4520,0xD41F,1.8540,0xC307,1.9060,0x4A10,2.3410,,nan,,nan,,nan,,nan,-0.95850,0.17310,0.00464,-0.18311,-0.30518,-0.12207,3.942
1781376819.9009101,146661,FAST,0,1,-0.4570,0.1350,0.1060,35,0x5CA9,1.4520,0xD41F,1.8540,0xC307,1.9060,0x4A10,2.3410,,nan,,nan,,nan,,nan,-0.96021,0.16846,0.01562,0.12207,0.18311,-0.79346,3.942
1781376819.9188135,146681,FAST,0,1,-0.4570,0.1350,0.1060,35,0x5CA9,1.4520,0xD41F,1.8540,0xC307,1.9060,0x4A10,2.3410,,nan,,nan,,nan,,nan,-0.95532,0.14917,0.01562,-0.30518,-0.30518,-0.36621,3.942
1781376819.92819,146695,UWB,1,1,-0.4600,0.1160,0.1850,58,0x5CA9,1.4470,0xD41F,1.7840,0xC307,1.9620,0x4A10,2.4210,,nan,,nan,,nan,,nan,-0.95532,0.14917,0.01562,-0.30518,-0.30518,-0.36621,3.942
1781376819.9592154,146701,FAST,0,1,-0.4600,0.1160,0.1850,58,0x5CA9,1.4470,0xD41F,1.7840,0xC307,1.9620,0x4A10,2.4210,,nan,,nan,,nan,,nan,-0.96338,0.16650,0.01025,-0.06104,-0.18311,0.18311,3.942
1781376819.9594064,146721,FAST,0,1,-0.4600,0.1160,0.1850,58,0x5CA9,1.4470,0xD41F,1.7840,0xC307,1.9620,0x4A10,2.4210,,nan,,nan,,nan,,nan,-0.96069,0.16211,0.01587,-0.12207,-0.12207,-0.79346,3.942
1781376819.9802625,146741,FAST,0,1,-0.4600,0.1160,0.1850,58,0x5CA9,1.4470,0xD41F,1.7840,0xC307,1.9620,0x4A10,2.4210,,nan,,nan,,nan,,nan,-0.95801,0.16113,0.01221,-0.30518,-0.42725,-0.61035,3.942
1781376819.9928691,146761,FAST,0,1,-0.4600,0.1160,0.1850,58,0x5CA9,1.4470,0xD41F,1.7840,0xC307,1.9620,0x4A10,2.4210,,nan,,nan,,nan,,nan,-0.96509,0.16626,0.00928,-0.18311,-0.06104,-0.36621,3.942
1781376820.0129066,146781,FAST,0,1,-0.4600,0.1160,0.1850,58,0x5CA9,1.4470,0xD41F,1.7840,0xC307,1.9620,0x4A10,2.4210,,nan,,nan,,nan,,nan,-0.95581,0.16260,0.01514,-0.12207,-0.24414,-0.24414,3.942
1781376820.0275474,146795,UWB,1,1,-0.4570,0.1160,0.1430,34,0x5CA9,1.4370,0xD41F,1.8260,0xC307,1.9250,0x4A10,2.2620,,nan,,nan,,nan,,nan,-0.95581,0.16260,0.01514,-0.12207,-0.24414,-0.24414,3.942
1781376820.0383458,146801,FAST,0,1,-0.4570,0.1160,0.1430,34,0x5CA9,1.4370,0xD41F,1.8260,0xC307,1.9250,0x4A10,2.2620,,nan,,nan,,nan,,nan,-0.96143,0.16309,0.00928,-0.12207,-0.24414,-0.36621,3.942
1781376820.0780888,146821,FAST,0,1,-0.4570,0.1160,0.1430,34,0x5CA9,1.4370,0xD41F,1.8260,0xC307,1.9250,0x4A10,2.2620,,nan,,nan,,nan,,nan,-0.96265,0.16235,0.01270,-0.06104,0.12207,-0.42725,3.942
1781376820.0782483,146841,FAST,0,1,-0.4570,0.1160,0.1430,34,0x5CA9,1.4370,0xD41F,1.8260,0xC307,1.9250,0x4A10,2.2620,,nan,,nan,,nan,,nan,-0.95752,0.16187,0.01221,-0.18311,-0.24414,-0.36621,3.942
1781376820.0949857,146861,FAST,0,1,-0.4570,0.1160,0.1430,34,0x5CA9,1.4370,0xD41F,1.8260,0xC307,1.9250,0x4A10,2.2620,,nan,,nan,,nan,,nan,-0.96167,0.16504,0.00854,-0.42725,-0.18311,-0.54932,3.942
1781376820.1129034,146881,FAST,0,1,-0.4570,0.1160,0.1430,34,0x5CA9,1.4370,0xD41F,1.8260,0xC307,1.9250,0x4A10,2.2620,,nan,,nan,,nan,,nan,-1.00317,0.22705,0.03149,1.34277,0.42725,0.91553,3.942
1781376820.1283824,146895,UWB,1,1,-0.4750,0.0950,0.1850,52,0x5CA9,1.4610,0xD41F,1.8780,0xC307,1.9580,0x4A10,2.3510,,nan,,nan,,nan,,nan,-1.00317,0.22705,0.03149,1.34277,0.42725,0.91553,3.942
1781376820.1331112,146901,FAST,0,1,-0.4750,0.0950,0.1850,52,0x5CA9,1.4610,0xD41F,1.8780,0xC307,1.9580,0x4A10,2.3510,,nan,,nan,,nan,,nan,-0.95190,0.09253,-0.05273,-2.92969,-2.80762,-14.64844,3.942
1781376820.1529481,146921,FAST,0,1,-0.4750,0.0950,0.1850,52,0x5CA9,1.4610,0xD41F,1.8780,0xC307,1.9580,0x4A10,2.3510,,nan,,nan,,nan,,nan,-0.94873,0.05664,0.06152,-0.79346,-0.30518,1.64795,3.942
1781376820.2104025,146941,FAST,0,1,-0.4750,0.0950,0.1850,52,0x5CA9,1.4610,0xD41F,1.8780,0xC307,1.9580,0x4A10,2.3510,,nan,,nan,,nan,,nan,-0.96582,0.12427,-0.01196,0.12207,-0.54932,7.14111,3.942
1781376820.2106972,146961,FAST,0,1,-0.4750,0.0950,0.1850,52,0x5CA9,1.4610,0xD41F,1.8780,0xC307,1.9580,0x4A10,2.3510,,nan,,nan,,nan,,nan,-1.01221,0.30200,0.02319,1.28174,0.61035,2.74658,3.942
1781376820.2157242,146981,FAST,0,1,-0.4750,0.0950,0.1850,52,0x5CA9,1.4610,0xD41F,1.8780,0xC307,1.9580,0x4A10,2.3510,,nan,,nan,,nan,,nan,-1.03052,0.24438,-0.00024,0.00000,2.01416,-9.03320,3.942
1781376820.2293603,146996,UWB,1,1,-0.4920,0.0780,0.2050,50,0x5CA9,1.4750,0xD41F,1.9060,0xC307,1.9530,0x4A10,2.3980,,nan,,nan,,nan,,nan,-1.03052,0.24438,-0.00024,0.00000,2.01416,-9.03320,3.942
1781376820.2330089,147001,FAST,0,1,-0.4920,0.0780,0.2050,50,0x5CA9,1.4750,0xD41F,1.9060,0xC307,1.9530,0x4A10,2.3980,,nan,,nan,,nan,,nan,-1.22949,0.37085,0.03882,0.42725,6.83594,-23.31543,3.942
1781376820.276341,147021,FAST,0,1,-0.4920,0.0780,0.2050,50,0x5CA9,1.4750,0xD41F,1.9060,0xC307,1.9530,0x4A10,2.3980,,nan,,nan,,nan,,nan,-1.11890,-0.21582,-0.01831,6.89697,-3.23486,-38.75732,3.942
1781376820.2765465,147041,FAST,0,1,-0.4920,0.0780,0.2050,50,0x5CA9,1.4750,0xD41F,1.9060,0xC307,1.9530,0x4A10,2.3980,,nan,,nan,,nan,,nan,-1.27051,-0.13013,0.05444,-1.52588,-8.66699,-85.44922,3.942
1781376820.3174832,147061,FAST,0,1,-0.4920,0.0780,0.2050,50,0x5CA9,1.4750,0xD41F,1.9060,0xC307,1.9530,0x4A10,2.3980,,nan,,nan,,nan,,nan,-1.43042,0.18896,-0.03833,10.00977,2.80762,-72.75391,3.942
1781376820.3177097,147081,FAST,0,1,-0.4920,0.0780,0.2050,50,0x5CA9,1.4750,0xD41F,1.9060,0xC307,1.9530,0x4A10,2.3980,,nan,,nan,,nan,,nan,-1.65210,0.17969,0.02393,1.34277,-13.85498,8.30078,3.942
1781376820.3273668,147095,UWB,1,1,-0.4820,0.0940,0.1660,35,0x5CA9,1.4610,0xD41F,1.7980,0xC307,1.8820,0x4A10,2.2810,,nan,,nan,,nan,,nan,-1.65210,0.17969,0.02393,1.34277,-13.85498,8.30078,3.942
1781376820.335438,147101,FAST,0,1,-0.4820,0.0940,0.1660,35,0x5CA9,1.4610,0xD41F,1.7980,0xC307,1.8820,0x4A10,2.2810,,nan,,nan,,nan,,nan,-1.35059,0.34131,-0.03857,-5.67627,-15.80811,46.87500,3.938
1781376820.3561115,147121,FAST,0,1,-0.4820,0.0940,0.1660,35,0x5CA9,1.4610,0xD41F,1.7980,0xC307,1.8820,0x4A10,2.2810,,nan,,nan,,nan,,nan,-1.41016,0.33496,0.02856,2.50244,-16.47949,30.76172,3.938
1781376820.3754287,147141,FAST,0,1,-0.4820,0.0940,0.1660,35,0x5CA9,1.4610,0xD41F,1.7980,0xC307,1.8820,0x4A10,2.2810,,nan,,nan,,nan,,nan,-1.31812,0.06470,0.01416,-4.33350,-23.80371,-38.69629,3.938
1781376820.397853,147161,FAST,0,1,-0.4820,0.0940,0.1660,35,0x5CA9,1.4610,0xD41F,1.7980,0xC307,1.8820,0x4A10,2.2810,,nan,,nan,,nan,,nan,-1.31494,0.26709,0.00684,-0.79346,-21.66748,-48.09570,3.938
1781376820.4334366,147181,FAST,0,1,-0.4820,0.0940,0.1660,35,0x5CA9,1.4610,0xD41F,1.7980,0xC307,1.8820,0x4A10,2.2810,,nan,,nan,,nan,,nan,-1.43677,0.17505,0.02197,-1.89209,-25.87891,21.11816,3.938
1781376820.4336371,147195,UWB,1,1,-0.4830,0.1060,0.1330,34,0x5CA9,1.4940,0xD41F,1.8210,0xC307,1.8450,0x4A10,2.2850,,nan,,nan,,nan,,nan,-1.43677,0.17505,0.02197,-1.89209,-25.87891,21.11816,3.938
1781376820.433751,147201,FAST,0,1,-0.4830,0.1060,0.1330,34,0x5CA9,1.4940,0xD41F,1.8210,0xC307,1.8450,0x4A10,2.2850,,nan,,nan,,nan,,nan,-1.20801,0.15332,0.03076,-6.53076,-29.66309,25.32959,3.938
1781376820.4531457,147221,FAST,0,1,-0.4830,0.1060,0.1330,34,0x5CA9,1.4940,0xD41F,1.8210,0xC307,1.8450,0x4A10,2.2850,,nan,,nan,,nan,,nan,-1.32080,0.26074,-0.01196,-4.02832,-30.39551,-10.31494,3.938
1781376820.4814434,147241,FAST,0,1,-0.4830,0.1060,0.1330,34,0x5CA9,1.4940,0xD41F,1.8210,0xC307,1.8450,0x4A10,2.2850,,nan,,nan,,nan,,nan,-1.07080,0.15796,0.00269,-3.54004,-34.66797,-12.69531,3.938
1781376820.4986846,147261,FAST,0,1,-0.4830,0.1060,0.1330,34,0x5CA9,1.4940,0xD41F,1.8210,0xC307,1.8450,0x4A10,2.2850,,nan,,nan,,nan,,nan,-1.23389,0.12061,0.03052,-8.36182,-34.54590,-0.06104,3.938
1781376820.5177145,147281,FAST,0,1,-0.4830,0.1060,0.1330,34,0x5CA9,1.4940,0xD41F,1.8210,0xC307,1.8450,0x4A10,2.2850,,nan,,nan,,nan,,nan,-1.04370,0.11133,0.01782,-8.23975,-38.20801,2.01416,3.938
1781376820.5505419,147295,UWB,1,1,-0.4300,0.1280,0.2760,69,0x5CA9,1.3950,0xD41F,1.7180,0xC307,1.9060,0x4A10,2.2290,,nan,,nan,,nan,,nan,-1.04370,0.11133,0.01782,-8.23975,-38.20801,2.01416,3.938
1781376820.5507567,147301,FAST,0,1,-0.4300,0.1280,0.2760,69,0x5CA9,1.3950,0xD41F,1.7180,0xC307,1.9060,0x4A10,2.2290,,nan,,nan,,nan,,nan,-1.18945,0.21387,0.07739,-3.54004,-33.87451,-4.33350,3.938
1781376820.5532339,147321,FAST,0,1,-0.4300,0.1280,0.2760,69,0x5CA9,1.3950,0xD41F,1.7180,0xC307,1.9060,0x4A10,2.2290,,nan,,nan,,nan,,nan,-1.05151,0.25830,0.06543,-8.54492,-39.36768,2.62451,3.938
1781376820.5738056,147341,FAST,0,1,-0.4300,0.1280,0.2760,69,0x5CA9,1.3950,0xD41F,1.7180,0xC307,1.9060,0x4A10,2.2290,,nan,,nan,,nan,,nan,-1.20630,0.18066,0.10425,-8.78906,-37.78076,-3.60107,3.938
1781376820.5935738,147361,FAST,0,1,-0.4300,0.1280,0.2760,69,0x5CA9,1.3950,0xD41F,1.7180,0xC307,1.9060,0x4A10,2.2290,,nan,,nan,,nan,,nan,-1.01440,0.19604,0.04834,-10.00977,-42.72461,-5.73730,3.938
1781376820.618692,147381,FAST,0,1,-0.4300,0.1280,0.2760,69,0x5CA9,1.3950,0xD41F,1.7180,0xC307,1.9060,0x4A10,2.2290,,nan,,nan,,nan,,nan,-1.04980,0.14233,0.05664,-9.70459,-39.79492,0.73242,3.938
1781376820.6272979,147395,UWB,1,1,-0.4180,0.1300,0.3780,72,0x5CA9,1.3810,0xD41F,1.8120,0xC307,1.8680,0x4A10,2.1160,,nan,,nan,,nan,,nan,-1.04980,0.14233,0.05664,-9.70459,-39.79492,0.73242,3.938
1781376820.6388447,147401,FAST,0,1,-0.4180,0.1300,0.3780,72,0x5CA9,1.3810,0xD41F,1.8120,0xC307,1.8680,0x4A10,2.1160,,nan,,nan,,nan,,nan,-0.97925,0.19678,0.07520,-11.41357,-43.33496,1.64795,3.938
1781376820.6702445,147421,FAST,0,1,-0.4180,0.1300,0.3780,72,0x5CA9,1.3810,0xD41F,1.8120,0xC307,1.8680,0x4A10,2.1160,,nan,,nan,,nan,,nan,-0.95264,0.22681,0.12964,-11.47461,-40.16113,-0.42725,3.938
1781376820.6751263,147441,FAST,0,1,-0.4180,0.1300,0.3780,72,0x5CA9,1.3810,0xD41F,1.8120,0xC307,1.8680,0x4A10,2.1160,,nan,,nan,,nan,,nan,-0.92212,0.12720,0.13062,-13.36670,-43.27393,-2.19727,3.938
1781376820.6928596,147461,FAST,0,1,-0.4180,0.1300,0.3780,72,0x5CA9,1.3810,0xD41F,1.8120,0xC307,1.8680,0x4A10,2.1160,,nan,,nan,,nan,,nan,-0.93091,0.01245,0.15356,-11.65771,-39.85596,-4.15039,3.938
1781376820.716446,147481,FAST,0,1,-0.4180,0.1300,0.3780,72,0x5CA9,1.3810,0xD41F,1.8120,0xC307,1.8680,0x4A10,2.1160,,nan,,nan,,nan,,nan,-0.91064,0.06055,0.16138,-12.75635,-42.84668,3.17383,3.938
1781376820.7272673,147495,UWB,1,1,-0.4200,0.1160,0.3680,52,0x5CA9,1.3480,0xD41F,1.6950,0xC307,1.8820,0x4A10,2.2480,,nan,,nan,,nan,,nan,-0.91064,0.06055,0.16138,-12.75635,-42.84668,3.17383,3.938
1781376820.7328286,147501,FAST,0,1,-0.4200,0.1160,0.3680,52,0x5CA9,1.3480,0xD41F,1.6950,0xC307,1.8820,0x4A10,2.2480,,nan,,nan,,nan,,nan,-0.90088,0.06616,0.18359,-12.02393,-39.97803,7.56836,3.938
1781376820.7563465,147521,FAST,0,1,-0.4200,0.1160,0.3680,52,0x5CA9,1.3480,0xD41F,1.6950,0xC307,1.8820,0x4A10,2.2480,,nan,,nan,,nan,,nan,-0.93433,0.14282,0.19360,-11.90186,-41.56494,4.02832,3.938
1781376820.8078797,147541,FAST,0,1,-0.4200,0.1160,0.3680,52,0x5CA9,1.3480,0xD41F,1.6950,0xC307,1.8820,0x4A10,2.2480,,nan,,nan,,nan,,nan,-0.93970,0.15747,0.20288,-12.39014,-39.61182,0.85449,3.938
1781376820.8080385,147561,FAST,0,1,-0.4200,0.1160,0.3680,52,0x5CA9,1.3480,0xD41F,1.6950,0xC307,1.8820,0x4A10,2.2480,,nan,,nan,,nan,,nan,-0.79712,0.06885,0.22925,-13.97705,-42.90771,2.44141,3.938
1781376820.8197274,147581,FAST,0,1,-0.4200,0.1160,0.3680,52,0x5CA9,1.3480,0xD41F,1.6950,0xC307,1.8820,0x4A10,2.2480,,nan,,nan,,nan,,nan,-0.69702,0.04053,0.22021,-13.42773,-38.94043,-3.84521,3.938
1781376820.8303194,147595,UWB,1,1,-0.3950,0.1160,0.4460,69,0x5CA9,1.3390,0xD41F,1.8120,0xC307,1.9250,0x4A10,2.1540,,nan,,nan,,nan,,nan,-0.69702,0.04053,0.22021,-13.42773,-38.94043,-3.84521,3.938
1781376820.832917,147601,FAST,0,1,-0.3950,0.1160,0.4460,69,0x5CA9,1.3390,0xD41F,1.8120,0xC307,1.9250,0x4A10,2.1540,,nan,,nan,,nan,,nan,-0.78198,0.05566,0.17236,-12.93945,-39.00146,-3.90625,3.938
1781376820.8531277,147621,FAST,0,1,-0.3950,0.1160,0.4460,69,0x5CA9,1.3390,0xD41F,1.8120,0xC307,1.9250,0x4A10,2.1540,,nan,,nan,,nan,,nan,-0.66724,0.10107,0.25513,-12.51221,-35.46143,-0.12207,3.938
1781376820.8734298,147641,FAST,0,1,-0.3950,0.1160,0.4460,69,0x5CA9,1.3390,0xD41F,1.8120,0xC307,1.9250,0x4A10,2.1540,,nan,,nan,,nan,,nan,-0.60962,0.02856,0.30225,-13.36670,-35.82764,-2.92969,3.938
1781376820.909392,147661,FAST,0,1,-0.3950,0.1160,0.4460,69,0x5CA9,1.3390,0xD41F,1.8120,0xC307,1.9250,0x4A10,2.1540,,nan,,nan,,nan,,nan,-0.47314,-0.11328,0.30835,-12.14600,-31.73828,-7.38525,3.938
1781376820.9345298,147681,FAST,0,1,-0.3950,0.1160,0.4460,69,0x5CA9,1.3390,0xD41F,1.8120,0xC307,1.9250,0x4A10,2.1540,,nan,,nan,,nan,,nan,-0.40210,-0.18726,0.33276,-12.02393,-30.15137,-1.15967,3.938
1781376820.949196,147696,UWB,1,1,-0.3830,0.0920,0.4840,63,0x5CA9,1.2460,0xD41F,1.6760,0xC307,1.9860,0x4A10,2.1120,,nan,,nan,,nan,,nan,-0.40210,-0.18726,0.33276,-12.02393,-30.15137,-1.15967,3.938
1781376820.9493537,147701,FAST,0,1,-0.3830,0.0920,0.4840,63,0x5CA9,1.2460,0xD41F,1.6760,0xC307,1.9860,0x4A10,2.1120,,nan,,nan,,nan,,nan,-0.24951,-0.10889,0.37354,-8.60596,-23.68164,2.92969,3.938
1781376820.983464,147721,FAST,0,1,-0.3830,0.0920,0.4840,63,0x5CA9,1.2460,0xD41F,1.6760,0xC307,1.9860,0x4A10,2.1120,,nan,,nan,,nan,,nan,-0.24658,-0.07324,0.37354,-7.93457,-20.26367,0.97656,3.938
1781376820.9836433,147741,FAST,0,1,-0.3830,0.0920,0.4840,63,0x5CA9,1.2460,0xD41F,1.6760,0xC307,1.9860,0x4A10,2.1120,,nan,,nan,,nan,,nan,-0.21631,-0.08081,0.38232,-6.95801,-13.48877,-0.91553,3.938
1781376820.997746,147761,FAST,0,1,-0.3830,0.0920,0.4840,63,0x5CA9,1.2460,0xD41F,1.6760,0xC307,1.9860,0x4A10,2.1120,,nan,,nan,,nan,,nan,-0.20581,-0.11084,0.42065,-6.04248,-9.82666,-0.06104,3.938
1781376821.049715,147781,FAST,0,1,-0.3830,0.0920,0.4840,63,0x5CA9,1.2460,0xD41F,1.6760,0xC307,1.9860,0x4A10,2.1120,,nan,,nan,,nan,,nan,-0.20215,-0.11157,0.40161,-4.02832,-3.29590,4.76074,3.938
1781376821.0499163,147795,UWB,1,1,-0.3790,0.0540,0.5610,71,0x5CA9,1.2230,0xD41F,1.6290,0xC307,2.0270,0x4A10,2.0880,,nan,,nan,,nan,,nan,-0.20215,-0.11157,0.40161,-4.02832,-3.29590,4.76074,3.938
1781376821.050051,147801,FAST,0,1,-0.3790,0.0540,0.5610,71,0x5CA9,1.2230,0xD41F,1.6290,0xC307,2.0270,0x4A10,2.0880,,nan,,nan,,nan,,nan,-0.18823,-0.13550,0.42676,-3.47900,0.06104,4.39453,3.938
1781376821.0544767,147821,FAST,0,1,-0.3790,0.0540,0.5610,71,0x5CA9,1.2230,0xD41F,1.6290,0xC307,2.0270,0x4A10,2.0880,,nan,,nan,,nan,,nan,-0.19653,-0.13208,0.40527,-1.22070,6.83594,-2.56348,3.938
1781376821.0756648,147841,FAST,0,1,-0.3790,0.0540,0.5610,71,0x5CA9,1.2230,0xD41F,1.6290,0xC307,2.0270,0x4A10,2.0880,,nan,,nan,,nan,,nan,-0.24536,-0.07129,0.40186,-0.12207,11.23047,0.97656,3.938
1781376821.092927,147861,FAST,0,1,-0.3790,0.0540,0.5610,71,0x5CA9,1.2230,0xD41F,1.6290,0xC307,2.0270,0x4A10,2.0880,,nan,,nan,,nan,,nan,-0.28638,-0.18677,0.37866,0.42725,16.17432,3.60107,3.938
1781376821.1441636,147881,FAST,0,1,-0.3790,0.0540,0.5610,71,0x5CA9,1.2230,0xD41F,1.6290,0xC307,2.0270,0x4A10,2.0880,,nan,,nan,,nan,,nan,-0.32373,-0.27637,0.38110,3.29590,20.26367,-4.76074,3.938
1781376821.1450152,147895,UWB,1,1,-0.3660,0.0440,0.5510,58,0x5CA9,1.2370,0xD41F,1.7460,0xC307,1.9900,0x4A10,2.1300,,nan,,nan,,nan,,nan,-0.32373,-0.27637,0.38110,3.29590,20.26367,-4.76074,3.938
1781376821.1451535,147901,FAST,0,1,-0.3660,0.0440,0.5510,58,0x5CA9,1.2370,0xD41F,1.7460,0xC307,1.9900,0x4A10,2.1300,,nan,,nan,,nan,,nan,-0.39697,-0.20117,0.35767,5.37109,25.02441,1.15967,3.938
1781376821.1529698,147921,FAST,0,1,-0.3660,0.0440,0.5510,58,0x5CA9,1.2370,0xD41F,1.7460,0xC307,1.9900,0x4A10,2.1300,,nan,,nan,,nan,,nan,-0.58130,-0.06079,0.33203,8.30078,29.11377,3.23486,3.938
1781376821.1764736,147941,FAST,0,1,-0.3660,0.0440,0.5510,58,0x5CA9,1.2370,0xD41F,1.7460,0xC307,1.9900,0x4A10,2.1300,,nan,,nan,,nan,,nan,-0.81201,-0.06128,0.32520,8.54492,29.35791,-1.34277,3.938
1781376821.194258,147961,FAST,0,1,-0.3660,0.0440,0.5510,58,0x5CA9,1.2370,0xD41F,1.7460,0xC307,1.9900,0x4A10,2.1300,,nan,,nan,,nan,,nan,-0.85352,0.06689,0.31543,9.70459,31.00586,1.46484,3.938
1781376821.213612,147981,FAST,0,1,-0.3660,0.0440,0.5510,58,0x5CA9,1.2370,0xD41F,1.7460,0xC307,1.9900,0x4A10,2.1300,,nan,,nan,,nan,,nan,-0.81250,0.04736,0.28247,8.11768,30.51758,-0.42725,3.938
1781376821.2287145,147995,UWB,1,1,-0.3470,0.0430,0.5620,61,0x5CA9,1.2510,0xD41F,1.7140,0xC307,1.9950,0x4A10,2.1540,,nan,,nan,,nan,,nan,-0.81250,0.04736,0.28247,8.11768,30.51758,-0.42725,3.938
1781376821.261587,148001,FAST,0,1,-0.3470,0.0430,0.5620,61,0x5CA9,1.2510,0xD41F,1.7140,0xC307,1.9950,0x4A10,2.1540,,nan,,nan,,nan,,nan,-1.01807,0.03882,0.27686,10.07080,31.61621,-6.53076,3.938
1781376821.2617702,148021,FAST,0,1,-0.3470,0.0430,0.5620,61,0x5CA9,1.2510,0xD41F,1.7140,0xC307,1.9950,0x4A10,2.1540,,nan,,nan,,nan,,nan,-1.11035,0.07788,0.27856,8.91113,29.90723,1.89209,3.938
1781376821.2788484,148041,FAST,0,1,-0.3470,0.0430,0.5620,61,0x5CA9,1.2510,0xD41F,1.7140,0xC307,1.9950,0x4A10,2.1540,,nan,,nan,,nan,,nan,-1.11914,0.11890,0.27856,8.97217,28.01514,4.88281,3.938
1781376821.2965183,148061,FAST,0,1,-0.3470,0.0430,0.5620,61,0x5CA9,1.2510,0xD41F,1.7140,0xC307,1.9950,0x4A10,2.1540,,nan,,nan,,nan,,nan,-1.01978,0.14771,0.27686,8.42285,26.48926,-5.85938,3.938
1781376821.3151498,148083,FAST,0,1,-0.3470,0.0430,0.5620,61,0x5CA9,1.2510,0xD41F,1.7140,0xC307,1.9950,0x4A10,2.1540,,nan,,nan,,nan,,nan,-0.98828,0.14844,0.21655,6.40869,24.96338,-4.88281,3.938
1781376821.3285782,148095,UWB,1,1,-0.3270,0.0530,0.6080,69,0x5CA9,1.2970,0xD41F,1.7700,0xC307,1.9900,0x4A10,2.1540,,nan,,nan,,nan,,nan,-0.98828,0.14844,0.21655,6.40869,24.96338,-4.88281,3.938
1781376821.3414755,148101,FAST,0,1,-0.3270,0.0530,0.6080,69,0x5CA9,1.2970,0xD41F,1.7700,0xC307,1.9900,0x4A10,2.1540,,nan,,nan,,nan,,nan,-1.00366,0.04321,0.17285,6.71387,25.81787,-2.01416,3.938
1781376821.3765888,148121,FAST,0,1,-0.3270,0.0530,0.6080,69,0x5CA9,1.2970,0xD41F,1.7700,0xC307,1.9900,0x4A10,2.1540,,nan,,nan,,nan,,nan,-1.14014,0.00269,0.25708,8.11768,25.69580,-0.24414,3.938
1781376821.3767855,148141,FAST,0,1,-0.3270,0.0530,0.6080,69,0x5CA9,1.2970,0xD41F,1.7700,0xC307,1.9900,0x4A10,2.1540,,nan,,nan,,nan,,nan,-1.23511,0.06323,0.25073,8.48389,24.65820,0.42725,3.938
1781376821.3925016,148161,FAST,0,1,-0.3270,0.0530,0.6080,69,0x5CA9,1.2970,0xD41F,1.7700,0xC307,1.9900,0x4A10,2.1540,,nan,,nan,,nan,,nan,-1.35962,0.21460,0.23486,9.64355,22.09473,-0.54932,3.938
1781376821.414294,148181,FAST,0,1,-0.3270,0.0530,0.6080,69,0x5CA9,1.2970,0xD41F,1.7700,0xC307,1.9900,0x4A10,2.1540,,nan,,nan,,nan,,nan,-1.32129,0.35205,0.19580,6.46973,17.45605,2.31934,3.938
1781376821.4305067,148195,UWB,1,1,-0.3440,0.0590,0.5770,60,0x5CA9,1.3250,0xD41F,1.7610,0xC307,1.8970,0x4A10,2.1300,,nan,,nan,,nan,,nan,-1.32129,0.35205,0.19580,6.46973,17.45605,2.31934,3.938
1781376821.4433515,148201,FAST,0,1,-0.3440,0.0590,0.5770,60,0x5CA9,1.3250,0xD41F,1.7610,0xC307,1.8970,0x4A10,2.1300,,nan,,nan,,nan,,nan,-1.23511,0.27637,0.21094,3.72314,14.77051,-1.89209,3.938
1781376821.4527795,148221,FAST,0,1,-0.3440,0.0590,0.5770,60,0x5CA9,1.3250,0xD41F,1.7610,0xC307,1.8970,0x4A10,2.1300,,nan,,nan,,nan,,nan,-1.31885,0.13892,0.19141,3.29590,12.20703,-6.40869,3.938
1781376821.4940448,148241,FAST,0,1,-0.3440,0.0590,0.5770,60,0x5CA9,1.3250,0xD41F,1.7610,0xC307,1.8970,0x4A10,2.1300,,nan,,nan,,nan,,nan,-1.39941,0.18579,0.25098,3.11279,9.82666,-1.22070,3.938
1781376821.4942334,148261,FAST,0,1,-0.3440,0.0590,0.5770,60,0x5CA9,1.3250,0xD41F,1.7610,0xC307,1.8970,0x4A10,2.1300,,nan,,nan,,nan,,nan,-1.37891,0.30566,0.21655,1.70898,5.85938,5.61523,3.938
1781376821.5129147,148281,FAST,0,1,-0.3440,0.0590,0.5770,60,0x5CA9,1.3250,0xD41F,1.7610,0xC307,1.8970,0x4A10,2.1300,,nan,,nan,,nan,,nan,-1.43237,0.36865,0.22144,1.09863,3.84521,-2.56348,3.938
1781376821.5305896,148295,UWB,1,1,-0.3810,0.0400,0.4140,30,0x5CA9,1.3010,0xD41F,1.9110,0xC307,1.8870,0x4A10,2.1590,,nan,,nan,,nan,,nan,-1.43237,0.36865,0.22144,1.09863,3.84521,-2.56348,3.938
1781376821.5418434,148301,FAST,0,1,-0.3810,0.0400,0.4140,30,0x5CA9,1.3010,0xD41F,1.9110,0xC307,1.8870,0x4A10,2.1590,,nan,,nan,,nan,,nan,-1.41992,0.33960,0.20410,-2.56348,-2.25830,-5.06592,3.938
1781376821.5531917,148321,FAST,0,1,-0.3810,0.0400,0.4140,30,0x5CA9,1.3010,0xD41F,1.9110,0xC307,1.8870,0x4A10,2.1590,,nan,,nan,,nan,,nan,-1.44775,0.24854,0.24878,-4.82178,-5.85938,-0.48828,3.938
1781376821.61939,148341,FAST,0,1,-0.3810,0.0400,0.4140,30,0x5CA9,1.3010,0xD41F,1.9110,0xC307,1.8870,0x4A10,2.1590,,nan,,nan,,nan,,nan,-1.40430,0.18579,0.24463,-5.79834,-9.82666,1.40381,3.938
1781376821.6196249,148361,FAST,0,1,-0.3810,0.0400,0.4140,30,0x5CA9,1.3010,0xD41F,1.9110,0xC307,1.8870,0x4A10,2.1590,,nan,,nan,,nan,,nan,-1.44312,0.24536,0.29224,-5.06592,-12.08496,8.23975,3.938
1781376821.619735,148381,FAST,0,1,-0.3810,0.0400,0.4140,30,0x5CA9,1.3010,0xD41F,1.9110,0xC307,1.8870,0x4A10,2.1590,,nan,,nan,,nan,,nan,-1.45190,0.29004,0.37329,-8.60596,-17.94434,7.99561,3.938
1781376821.6299927,148395,UWB,1,1,-0.4000,0.0280,0.3140,31,0x5CA9,1.2510,0xD41F,1.8730,0xC307,1.8920,0x4A10,2.1540,,nan,,nan,,nan,,nan,-1.45190,0.29004,0.37329,-8.60596,-17.94434,7.99561,3.938
1781376821.64726,148401,FAST,0,1,-0.4000,0.0280,0.3140,31,0x5CA9,1.2510,0xD41F,1.8730,0xC307,1.8920,0x4A10,2.1540,,nan,,nan,,nan,,nan,-1.47876,0.22119,0.39404,-11.41357,-23.37646,-16.29639,3.938
1781376821.6529152,148421,FAST,0,1,-0.4000,0.0280,0.3140,31,0x5CA9,1.2510,0xD41F,1.8730,0xC307,1.8920,0x4A10,2.1540,,nan,,nan,,nan,,nan,-1.30347,0.15625,0.33691,-8.42285,-22.82715,0.61035,3.938
1781376821.675188,148441,FAST,0,1,-0.4000,0.0280,0.3140,31,0x5CA9,1.2510,0xD41F,1.8730,0xC307,1.8920,0x4A10,2.1540,,nan,,nan,,nan,,nan,-1.27832,0.10596,0.22949,-11.04736,-32.04346,3.84521,3.938
1781376821.6938713,148461,FAST,0,1,-0.4000,0.0280,0.3140,31,0x5CA9,1.2510,0xD41F,1.8730,0xC307,1.8920,0x4A10,2.1540,,nan,,nan,,nan,,nan,-1.28833,0.29370,0.18457,-13.42773,-32.59277,-6.83594,3.938
1781376821.7304833,148481,FAST,0,1,-0.4000,0.0280,0.3140,31,0x5CA9,1.2510,0xD41F,1.8730,0xC307,1.8920,0x4A10,2.1540,,nan,,nan,,nan,,nan,-1.17920,0.22412,0.18750,-14.40430,-32.22656,8.85010,3.938
1781376821.730678,148495,UWB,1,1,-0.3630,0.0650,0.4180,70,0x5CA9,1.2780,0xD41F,1.7790,0xC307,1.8310,0x4A10,2.1260,,nan,,nan,,nan,,nan,-1.17920,0.22412,0.18750,-14.40430,-32.22656,8.85010,3.938
1781376821.7332783,148501,FAST,0,1,-0.3630,0.0650,0.4180,70,0x5CA9,1.2780,0xD41F,1.7790,0xC307,1.8310,0x4A10,2.1260,,nan,,nan,,nan,,nan,-1.11621,0.00415,0.18677,-11.16943,-33.69141,3.60107,3.938
1781376821.7558916,148521,FAST,0,1,-0.3630,0.0650,0.4180,70,0x5CA9,1.2780,0xD41F,1.7790,0xC307,1.8310,0x4A10,2.1260,,nan,,nan,,nan,,nan,-1.04907,-0.00366,0.17090,-18.31055,-41.74805,-13.24463,3.938
1781376821.7735152,148541,FAST,0,1,-0.3630,0.0650,0.4180,70,0x5CA9,1.2780,0xD41F,1.7790,0xC307,1.8310,0x4A10,2.1260,,nan,,nan,,nan,,nan,-0.71509,-0.15942,0.14380,-11.53564,-31.49414,2.86865,3.938
1781376821.8021352,148561,FAST,0,1,-0.3630,0.0650,0.4180,70,0x5CA9,1.2780,0xD41F,1.7790,0xC307,1.8310,0x4A10,2.1260,,nan,,nan,,nan,,nan,-0.81152,-0.12891,0.09839,-7.75146,-33.32520,6.59180,3.938
1781376821.8165643,148581,FAST,0,1,-0.3630,0.0650,0.4180,70,0x5CA9,1.2780,0xD41F,1.7790,0xC307,1.8310,0x4A10,2.1260,,nan,,nan,,nan,,nan,-0.58594,-0.00415,0.11670,-7.32422,-26.48926,-1.40381,3.938
1781376821.8512046,148595,UWB,1,1,-0.3370,0.0700,0.4850,66,0x5CA9,1.2870,0xD41F,1.7750,0xC307,1.9900,0x4A10,2.1770,,nan,,nan,,nan,,nan,-0.58594,-0.00415,0.11670,-7.32422,-26.48926,-1.40381,3.938
1781376821.8514135,148601,FAST,0,1,-0.3370,0.0700,0.4850,66,0x5CA9,1.2870,0xD41F,1.7750,0xC307,1.9900,0x4A10,2.1770,,nan,,nan,,nan,,nan,-0.73291,-0.00195,0.33716,-7.99561,-28.44238,-3.17383,3.942
1781376821.854507,148621,FAST,0,1,-0.3370,0.0700,0.4850,66,0x5CA9,1.2870,0xD41F,1.7750,0xC307,1.9900,0x4A10,2.1770,,nan,,nan,,nan,,nan,-0.53223,-0.15186,0.34790,-6.83594,-24.65820,-4.27246,3.942
1781376821.8729079,148641,FAST,0,1,-0.3370,0.0700,0.4850,66,0x5CA9,1.2870,0xD41F,1.7750,0xC307,1.9900,0x4A10,2.1770,,nan,,nan,,nan,,nan,-0.55396,-0.23145,0.32690,-4.82178,-23.74268,-2.74658,3.942
1781376821.893164,148661,FAST,0,1,-0.3370,0.0700,0.4850,66,0x5CA9,1.2870,0xD41F,1.7750,0xC307,1.9900,0x4A10,2.1770,,nan,,nan,,nan,,nan,-0.38843,-0.21240,0.36206,-1.95312,-17.76123,0.61035,3.942
1781376821.919196,148681,FAST,0,1,-0.3370,0.0700,0.4850,66,0x5CA9,1.2870,0xD41F,1.7750,0xC307,1.9900,0x4A10,2.1770,,nan,,nan,,nan,,nan,-0.44409,-0.01050,0.39502,-0.91553,-15.62500,5.12695,3.942
1781376821.9289458,148695,UWB,1,1,-0.3860,0.0200,0.5450,73,0x5CA9,1.2280,0xD41F,1.7650,0xC307,1.9860,0x4A10,2.1440,,nan,,nan,,nan,,nan,-0.44409,-0.01050,0.39502,-0.91553,-15.62500,5.12695,3.942
1781376821.9331594,148701,FAST,0,1,-0.3860,0.0200,0.5450,73,0x5CA9,1.2280,0xD41F,1.7650,0xC307,1.9860,0x4A10,2.1440,,nan,,nan,,nan,,nan,-0.37476,-0.00171,0.39331,-1.22070,-11.59668,-1.46484,3.942
1781376821.972173,148721,FAST,0,1,-0.3860,0.0200,0.5450,73,0x5CA9,1.2280,0xD41F,1.7650,0xC307,1.9860,0x4A10,2.1440,,nan,,nan,,nan,,nan,-0.39038,-0.10229,0.39648,0.91553,-8.11768,-7.50732,3.942
1781376821.9744513,148741,FAST,0,1,-0.3860,0.0200,0.5450,73,0x5CA9,1.2280,0xD41F,1.7650,0xC307,1.9860,0x4A10,2.1440,,nan,,nan,,nan,,nan,-0.36572,-0.10767,0.38354,1.52588,-3.29590,0.67139,3.942
1781376821.9998963,148761,FAST,0,1,-0.3860,0.0200,0.5450,73,0x5CA9,1.2280,0xD41F,1.7650,0xC307,1.9860,0x4A10,2.1440,,nan,,nan,,nan,,nan,-0.39307,-0.08618,0.39795,2.31934,-0.48828,2.07520,3.942
1781376822.0133936,148781,FAST,0,1,-0.3860,0.0200,0.5450,73,0x5CA9,1.2280,0xD41F,1.7650,0xC307,1.9860,0x4A10,2.1440,,nan,,nan,,nan,,nan,-0.33984,-0.02979,0.39844,3.90625,4.63867,-3.35693,3.942
1781376822.0273297,148795,UWB,1,1,-0.3830,0.0080,0.5410,60,0x5CA9,1.2180,0xD41F,1.7230,0xC307,1.9950,0x4A10,2.0790,,nan,,nan,,nan,,nan,-0.33984,-0.02979,0.39844,3.90625,4.63867,-3.35693,3.942
1781376822.0353467,148801,FAST,0,1,-0.3830,0.0080,0.5410,60,0x5CA9,1.2180,0xD41F,1.7230,0xC307,1.9950,0x4A10,2.0790,,nan,,nan,,nan,,nan,-0.40747,-0.03149,0.36816,3.84521,7.69043,-6.04248,3.942
1781376822.0602946,148821,FAST,0,1,-0.3830,0.0080,0.5410,60,0x5CA9,1.2180,0xD41F,1.7230,0xC307,1.9950,0x4A10,2.0790,,nan,,nan,,nan,,nan,-0.40430,-0.07397,0.39600,5.85938,12.39014,-7.69043,3.942
1781376822.0878003,148841,FAST,0,1,-0.3830,0.0080,0.5410,60,0x5CA9,1.2180,0xD41F,1.7230,0xC307,1.9950,0x4A10,2.0790,,nan,,nan,,nan,,nan,-0.45581,-0.04126,0.38110,6.59180,15.68604,-4.82178,3.942
1781376822.0928876,148861,FAST,0,1,-0.3830,0.0080,0.5410,60,0x5CA9,1.2180,0xD41F,1.7230,0xC307,1.9950,0x4A10,2.0790,,nan,,nan,,nan,,nan,-0.50537,0.05908,0.40430,5.98145,18.00537,2.62451,3.942
1781376822.1162176,148881,FAST,0,1,-0.3830,0.0080,0.5410,60,0x5CA9,1.2180,0xD41F,1.7230,0xC307,1.9950,0x4A10,2.0790,,nan,,nan,,nan,,nan,-0.52588,0.04468,0.34448,6.65283,21.05713,1.40381,3.942
1781376822.1272483,148895,UWB,1,1,-0.3320,0.0420,0.6270,71,0x5CA9,1.2510,0xD41F,1.6950,0xC307,1.9290,0x4A10,2.1350,,nan,,nan,,nan,,nan,-0.52588,0.04468,0.34448,6.65283,21.05713,1.40381,3.942
1781376822.1352513,148901,FAST,0,1,-0.3320,0.0420,0.6270,71,0x5CA9,1.2510,0xD41F,1.6950,0xC307,1.9290,0x4A10,2.1350,,nan,,nan,,nan,,nan,-0.57983,0.04688,0.31641,5.67627,22.94922,-1.83105,3.942
1781376822.1534781,148921,FAST,0,1,-0.3320,0.0420,0.6270,71,0x5CA9,1.2510,0xD41F,1.6950,0xC307,1.9290,0x4A10,2.1350,,nan,,nan,,nan,,nan,-0.53369,-0.03320,0.34155,7.20215,26.67236,-3.47900,3.942
1781376822.1742604,148941,FAST,0,1,-0.3320,0.0420,0.6270,71,0x5CA9,1.2510,0xD41F,1.6950,0xC307,1.9290,0x4A10,2.1350,,nan,,nan,,nan,,nan,-0.65088,-0.01880,0.30518,7.99561,28.13721,-2.07520,3.942
1781376822.2047207,148961,FAST,0,1,-0.3320,0.0420,0.6270,71,0x5CA9,1.2510,0xD41F,1.6950,0xC307,1.9290,0x4A10,2.1350,,nan,,nan,,nan,,nan,-0.60254,0.06323,0.32446,8.11768,30.88379,2.50244,3.942
1781376822.2228873,148981,FAST,0,1,-0.3320,0.0420,0.6270,71,0x5CA9,1.2510,0xD41F,1.6950,0xC307,1.9290,0x4A10,2.1350,,nan,,nan,,nan,,nan,-0.60547,0.07397,0.26562,7.87354,32.53174,1.15967,3.942
1781376822.229454,148995,UWB,1,1,-0.3310,0.0420,0.6220,64,0x5CA9,1.2700,0xD41F,1.7510,0xC307,1.9670,0x4A10,2.1210,,nan,,nan,,nan,,nan,-0.60547,0.07397,0.26562,7.87354,32.53174,1.15967,3.942
1781376822.2329228,149001,FAST,0,1,-0.3310,0.0420,0.6220,64,0x5CA9,1.2700,0xD41F,1.7510,0xC307,1.9670,0x4A10,2.1210,,nan,,nan,,nan,,nan,-0.83960,-0.02612,0.22974,8.66699,34.97314,-8.23975,3.942
1781376822.2558894,149021,FAST,0,1,-0.3310,0.0420,0.6220,64,0x5CA9,1.2700,0xD41F,1.7510,0xC307,1.9670,0x4A10,2.1210,,nan,,nan,,nan,,nan,-1.10034,-0.09375,0.22827,10.92529,35.27832,-12.32910,3.942
1781376822.272928,149041,FAST,0,1,-0.3310,0.0420,0.6220,64,0x5CA9,1.2700,0xD41F,1.7510,0xC307,1.9670,0x4A10,2.1210,,nan,,nan,,nan,,nan,-1.40918,0.17725,0.31079,10.49805,30.70068,4.69971,3.942
1781376822.2937412,149061,FAST,0,1,-0.3310,0.0420,0.6220,64,0x5CA9,1.2700,0xD41F,1.7510,0xC307,1.9670,0x4A10,2.1210,,nan,,nan,,nan,,nan,-1.15576,0.29272,0.22827,6.10352,25.81787,10.25391,3.942
1781376822.3491294,149081,FAST,0,1,-0.3310,0.0420,0.6220,64,0x5CA9,1.2700,0xD41F,1.7510,0xC307,1.9670,0x4A10,2.1210,,nan,,nan,,nan,,nan,-0.99805,0.28247,0.27734,6.28662,26.42822,-3.60107,3.942
1781376822.3493066,149095,UWB,1,1,-0.3330,0.0540,0.5760,55,0x5CA9,1.3060,0xD41F,1.8120,0xC307,1.9390,0x4A10,2.2050,,nan,,nan,,nan,,nan,-0.99805,0.28247,0.27734,6.28662,26.42822,-3.60107,3.942
1781376822.3494334,149101,FAST,0,1,-0.3330,0.0540,0.5760,55,0x5CA9,1.3060,0xD41F,1.8120,0xC307,1.9390,0x4A10,2.2050,,nan,,nan,,nan,,nan,-0.91528,0.14282,0.21704,3.66211,24.78027,-11.77979,3.946
1781376822.3530068,149121,FAST,0,1,-0.3330,0.0540,0.5760,55,0x5CA9,1.3060,0xD41F,1.8120,0xC307,1.9390,0x4A10,2.2050,,nan,,nan,,nan,,nan,-1.03540,-0.05713,0.05811,6.04248,26.73340,-7.99561,3.946
1781376822.3798907,149141,FAST,0,1,-0.3330,0.0540,0.5760,55,0x5CA9,1.3060,0xD41F,1.8120,0xC307,1.9390,0x4A10,2.2050,,nan,,nan,,nan,,nan,-1.07349,-0.00171,0.22632,6.28662,26.12305,10.37598,3.946
1781376822.3929572,149161,FAST,0,1,-0.3330,0.0540,0.5760,55,0x5CA9,1.3060,0xD41F,1.8120,0xC307,1.9390,0x4A10,2.2050,,nan,,nan,,nan,,nan,-1.01270,0.08765,0.27026,7.26318,25.02441,8.42285,3.946
1781376822.4419687,149181,FAST,0,1,-0.3330,0.0540,0.5760,55,0x5CA9,1.3060,0xD41F,1.8120,0xC307,1.9390,0x4A10,2.2050,,nan,,nan,,nan,,nan,-0.90186,0.20776,0.18335,5.24902,24.29199,-0.91553,3.946
1781376822.442139,149195,UWB,1,1,-0.3590,0.0450,0.5130,51,0x5CA9,1.3060,0xD41F,1.9200,0xC307,1.9200,0x4A10,2.1260,,nan,,nan,,nan,,nan,-0.90186,0.20776,0.18335,5.24902,24.29199,-0.91553,3.946
1781376822.4422312,149201,FAST,0,1,-0.3590,0.0450,0.5130,51,0x5CA9,1.3060,0xD41F,1.9200,0xC307,1.9200,0x4A10,2.1260,,nan,,nan,,nan,,nan,-0.83691,0.03394,0.17285,5.43213,24.96338,-10.25391,3.946
1781376822.4555604,149221,FAST,0,1,-0.3590,0.0450,0.5130,51,0x5CA9,1.3060,0xD41F,1.9200,0xC307,1.9200,0x4A10,2.1260,,nan,,nan,,nan,,nan,-0.82910,-0.07373,0.16284,6.16455,26.12305,-8.66699,3.946
1781376822.4753294,149241,FAST,0,1,-0.3590,0.0450,0.5130,51,0x5CA9,1.3060,0xD41F,1.9200,0xC307,1.9200,0x4A10,2.1260,,nan,,nan,,nan,,nan,-0.94653,-0.03320,0.15356,7.87354,27.77100,1.64795,3.946
1781376822.4942958,149261,FAST,0,1,-0.3590,0.0450,0.5130,51,0x5CA9,1.3060,0xD41F,1.9200,0xC307,1.9200,0x4A10,2.1260,,nan,,nan,,nan,,nan,-1.02637,0.12378,0.16040,8.23975,27.03857,4.76074,3.946
1781376822.5129466,149281,FAST,0,1,-0.3590,0.0450,0.5130,51,0x5CA9,1.3060,0xD41F,1.9200,0xC307,1.9200,0x4A10,2.1260,,nan,,nan,,nan,,nan,-0.97778,0.24243,0.14160,6.83594,26.42822,-0.97656,3.946
1781376822.572071,149295,UWB,1,1,-0.3590,0.0680,0.5160,62,0x5CA9,1.3580,0xD41F,1.7610,0xC307,1.8870,0x4A10,2.1910,,nan,,nan,,nan,,nan,-0.97778,0.24243,0.14160,6.83594,26.42822,-0.97656,3.946
1781376822.572283,149301,FAST,0,1,-0.3590,0.0680,0.5160,62,0x5CA9,1.3580,0xD41F,1.7610,0xC307,1.8870,0x4A10,2.1910,,nan,,nan,,nan,,nan,-0.91650,0.17944,0.12329,6.53076,27.09961,-8.11768,3.946
1781376822.5723758,149321,FAST,0,1,-0.3590,0.0680,0.5160,62,0x5CA9,1.3580,0xD41F,1.7610,0xC307,1.8870,0x4A10,2.1910,,nan,,nan,,nan,,nan,-0.99463,0.14771,0.10693,4.69971,26.30615,-5.00488,3.946
1781376822.5730975,149341,FAST,0,1,-0.3590,0.0680,0.5160,62,0x5CA9,1.3580,0xD41F,1.7610,0xC307,1.8870,0x4A10,2.1910,,nan,,nan,,nan,,nan,-1.12842,0.23901,0.12158,3.54004,25.32959,4.57764,3.946
1781376822.593045,149361,FAST,0,1,-0.3590,0.0680,0.5160,62,0x5CA9,1.3580,0xD41F,1.7610,0xC307,1.8870,0x4A10,2.1910,,nan,,nan,,nan,,nan,-1.07764,0.24146,0.13110,2.31934,24.16992,3.90625,3.946
1781376822.6147606,149381,FAST,0,1,-0.3590,0.0680,0.5160,62,0x5CA9,1.3580,0xD41F,1.7610,0xC307,1.8870,0x4A10,2.1910,,nan,,nan,,nan,,nan,-1.01025,0.17603,0.09839,1.70898,23.25439,-5.49316,3.946
1781376822.6298988,149395,UWB,1,1,-0.3820,0.0550,0.4980,58,0x5CA9,1.3950,0xD41F,1.8030,0xC307,1.9860,0x4A10,2.1680,,nan,,nan,,nan,,nan,-1.01025,0.17603,0.09839,1.70898,23.25439,-5.49316,3.946
1781376822.6357484,149401,FAST,0,1,-0.3820,0.0550,0.4980,58,0x5CA9,1.3950,0xD41F,1.8030,0xC307,1.9860,0x4A10,2.1680,,nan,,nan,,nan,,nan,-0.98608,0.13281,0.08472,1.46484,24.35303,-6.65283,3.946
1781376822.675303,149421,FAST,0,1,-0.3820,0.0550,0.4980,58,0x5CA9,1.3950,0xD41F,1.8030,0xC307,1.9860,0x4A10,2.1680,,nan,,nan,,nan,,nan,-1.06616,0.07373,0.08105,0.42725,22.27783,-1.28174,3.946
1781376822.675494,149441,FAST,0,1,-0.3820,0.0550,0.4980,58,0x5CA9,1.3950,0xD41F,1.8030,0xC307,1.9860,0x4A10,2.1680,,nan,,nan,,nan,,nan,-1.13940,0.03613,0.07959,1.40381,23.07129,-2.80762,3.946
1781376822.6944244,149461,FAST,0,1,-0.3820,0.0550,0.4980,58,0x5CA9,1.3950,0xD41F,1.8030,0xC307,1.9860,0x4A10,2.1680,,nan,,nan,,nan,,nan,-1.26099,0.06226,0.09229,1.64795,20.20264,-4.82178,3.946
1781376822.7198431,149481,FAST,0,1,-0.3820,0.0550,0.4980,58,0x5CA9,1.3950,0xD41F,1.8030,0xC307,1.9860,0x4A10,2.1680,,nan,,nan,,nan,,nan,-1.17407,0.08032,0.07471,1.58691,18.73779,-1.28174,3.946
1781376822.737373,149495,UWB,1,1,-0.3430,0.0830,0.5530,68,0x5CA9,1.3580,0xD41F,1.8070,0xC307,1.9580,0x4A10,2.2430,,nan,,nan,,nan,,nan,-1.17407,0.08032,0.07471,1.58691,18.73779,-1.28174,3.946
1781376822.7376225,149501,FAST,0,1,-0.3430,0.0830,0.5530,68,0x5CA9,1.3580,0xD41F,1.8070,0xC307,1.9580,0x4A10,2.2430,,nan,,nan,,nan,,nan,-1.12354,0.15112,0.05835,0.67139,16.84570,2.68555,3.946
1781376822.7620304,149521,FAST,0,1,-0.3430,0.0830,0.5530,68,0x5CA9,1.3580,0xD41F,1.8070,0xC307,1.9580,0x4A10,2.2430,,nan,,nan,,nan,,nan,-1.04346,0.15552,0.08545,-0.12207,15.31982,-0.18311,3.946
1781376822.801877,149541,FAST,0,1,-0.3430,0.0830,0.5530,68,0x5CA9,1.3580,0xD41F,1.8070,0xC307,1.9580,0x4A10,2.2430,,nan,,nan,,nan,,nan,-1.02295,0.07520,0.06030,-1.15967,15.07568,-4.69971,3.946
1781376822.8020575,149561,FAST,0,1,-0.3430,0.0830,0.5530,68,0x5CA9,1.3580,0xD41F,1.8070,0xC307,1.9580,0x4A10,2.2430,,nan,,nan,,nan,,nan,-1.09814,-0.06372,0.04883,0.73242,15.99121,-5.43213,3.946
1781376822.8151612,149581,FAST,0,1,-0.3430,0.0830,0.5530,68,0x5CA9,1.3580,0xD41F,1.8070,0xC307,1.9580,0x4A10,2.2430,,nan,,nan,,nan,,nan,-1.16968,-0.05933,0.05518,1.95312,14.09912,1.52588,3.946
1781376822.8273385,149595,UWB,1,1,-0.3750,0.0760,0.4500,40,0x5CA9,1.3860,0xD41F,1.8260,0xC307,1.8970,0x4A10,2.3130,,nan,,nan,,nan,,nan,-1.16968,-0.05933,0.05518,1.95312,14.09912,1.52588,3.946
1781376822.833329,149601,FAST,0,1,-0.3750,0.0760,0.4500,40,0x5CA9,1.3860,0xD41F,1.8260,0xC307,1.8970,0x4A10,2.3130,,nan,,nan,,nan,,nan,-1.08984,0.06714,0.04858,2.01416,12.87842,5.49316,3.940
1781376822.8547595,149621,FAST,0,1,-0.3750,0.0760,0.4500,40,0x5CA9,1.3860,0xD41F,1.8260,0xC307,1.8970,0x4A10,2.3130,,nan,,nan,,nan,,nan,-1.03613,0.14795,0.05859,1.34277,11.90186,-0.73242,3.940
1781376822.8796043,149641,FAST,0,1,-0.3750,0.0760,0.4500,40,0x5CA9,1.3860,0xD41F,1.8260,0xC307,1.8970,0x4A10,2.3130,,nan,,nan,,nan,,nan,-1.04614,0.11426,0.04468,1.09863,12.08496,-6.40869,3.940
1781376822.917892,149661,FAST,0,1,-0.3750,0.0760,0.4500,40,0x5CA9,1.3860,0xD41F,1.8260,0xC307,1.8970,0x4A10,2.3130,,nan,,nan,,nan,,nan,-1.12305,0.05444,0.03638,0.24414,10.00977,-2.99072,3.940
1781376822.9180927,149681,FAST,0,1,-0.3750,0.0760,0.4500,40,0x5CA9,1.3860,0xD41F,1.8260,0xC307,1.8970,0x4A10,2.3130,,nan,,nan,,nan,,nan,-1.08667,0.01172,0.02295,1.28174,10.25391,1.28174,3.940
1781376822.9279644,149695,UWB,1,1,-0.3900,0.0740,0.4480,59,0x5CA9,1.4370,0xD41F,1.7560,0xC307,1.9760,0x4A10,2.2430,,nan,,nan,,nan,,nan,-1.08667,0.01172,0.02295,1.28174,10.25391,1.28174,3.940
1781376822.9357586,149701,FAST,0,1,-0.3900,0.0740,0.4480,59,0x5CA9,1.4370,0xD41F,1.7560,0xC307,1.9760,0x4A10,2.2430,,nan,,nan,,nan,,nan,-1.09351,0.02441,0.05103,1.77002,8.85010,0.18311,3.940
1781376822.9845884,149721,FAST,0,1,-0.3900,0.0740,0.4480,59,0x5CA9,1.4370,0xD41F,1.7560,0xC307,1.9760,0x4A10,2.2430,,nan,,nan,,nan,,nan,-1.03101,0.04883,0.04028,1.58691,8.23975,-0.36621,3.940
1781376822.9847841,149741,FAST,0,1,-0.3900,0.0740,0.4480,59,0x5CA9,1.4370,0xD41F,1.7560,0xC307,1.9760,0x4A10,2.2430,,nan,,nan,,nan,,nan,-1.01807,0.02124,0.03662,1.40381,7.69043,-1.34277,3.940
1781376822.9949074,149761,FAST,0,1,-0.3900,0.0740,0.4480,59,0x5CA9,1.4370,0xD41F,1.7560,0xC307,1.9760,0x4A10,2.2430,,nan,,nan,,nan,,nan,-1.07129,-0.07617,0.03296,2.25830,6.59180,-2.62451,3.940
1781376823.0346303,149781,FAST,0,1,-0.3900,0.0740,0.4480,59,0x5CA9,1.4370,0xD41F,1.7560,0xC307,1.9760,0x4A10,2.2430,,nan,,nan,,nan,,nan,-1.01953,-0.11670,0.00732,4.27246,7.14111,1.09863,3.940
1781376823.0425427,149795,UWB,1,1,-0.4270,0.0900,0.4610,66,0x5CA9,1.4000,0xD41F,1.8120,0xC307,1.9580,0x4A10,2.2570,,nan,,nan,,nan,,nan,-1.01953,-0.11670,0.00732,4.27246,7.14111,1.09863,3.940
1781376823.0581434,149801,FAST,0,1,-0.4270,0.0900,0.4610,66,0x5CA9,1.4000,0xD41F,1.8120,0xC307,1.9580,0x4A10,2.2570,,nan,,nan,,nan,,nan,-1.02759,-0.08057,0.03613,5.49316,6.65283,3.11279,3.940
1781376823.058426,149821,FAST,0,1,-0.4270,0.0900,0.4610,66,0x5CA9,1.4000,0xD41F,1.8120,0xC307,1.9580,0x4A10,2.2570,,nan,,nan,,nan,,nan,-1.01099,0.01270,0.02759,6.53076,6.53076,2.13623,3.940
1781376823.0866961,149841,FAST,0,1,-0.4270,0.0900,0.4610,66,0x5CA9,1.4000,0xD41F,1.8120,0xC307,1.9580,0x4A10,2.2570,,nan,,nan,,nan,,nan,-1.00854,0.11621,0.02197,6.28662,6.59180,1.52588,3.940
1781376823.0999644,149861,FAST,0,1,-0.4270,0.0900,0.4610,66,0x5CA9,1.4000,0xD41F,1.8120,0xC307,1.9580,0x4A10,2.2570,,nan,,nan,,nan,,nan,-1.08691,0.13477,0.01465,5.43213,5.12695,-1.28174,3.940
1781376823.1158726,149881,FAST,0,1,-0.4270,0.0900,0.4610,66,0x5CA9,1.4000,0xD41F,1.8120,0xC307,1.9580,0x4A10,2.2570,,nan,,nan,,nan,,nan,-1.07007,0.11792,-0.00244,5.06592,4.63867,-2.74658,3.940
1781376823.163528,149895,UWB,1,1,-0.4270,0.0880,0.4300,52,0x5CA9,1.4470,0xD41F,1.7790,0xC307,1.9900,0x4A10,2.3700,,nan,,nan,,nan,,nan,-1.07007,0.11792,-0.00244,5.06592,4.63867,-2.74658,3.940
1781376823.1638916,149901,FAST,0,1,-0.4270,0.0880,0.4300,52,0x5CA9,1.4470,0xD41F,1.7790,0xC307,1.9900,0x4A10,2.3700,,nan,,nan,,nan,,nan,-1.06006,0.11426,0.02393,4.57764,4.02832,-0.54932,3.940
1781376823.1640828,149921,FAST,0,1,-0.4270,0.0880,0.4300,52,0x5CA9,1.4470,0xD41F,1.7790,0xC307,1.9900,0x4A10,2.3700,,nan,,nan,,nan,,nan,-1.04590,0.09668,0.03125,4.21143,3.35693,0.30518,3.940
1781376823.1794155,149941,FAST,0,1,-0.4270,0.0880,0.4300,52,0x5CA9,1.4470,0xD41F,1.7790,0xC307,1.9900,0x4A10,2.3700,,nan,,nan,,nan,,nan,-1.03784,0.06958,0.01123,4.08936,2.62451,-1.15967,3.940
1781376823.195254,149961,FAST,0,1,-0.4270,0.0880,0.4300,52,0x5CA9,1.4470,0xD41F,1.7790,0xC307,1.9900,0x4A10,2.3700,,nan,,nan,,nan,,nan,-0.98828,0.05225,-0.01245,4.21143,2.62451,0.30518,3.940
1781376823.2336018,149981,FAST,0,1,-0.4270,0.0880,0.4300,52,0x5CA9,1.4470,0xD41F,1.7790,0xC307,1.9900,0x4A10,2.3700,,nan,,nan,,nan,,nan,-0.97998,0.04932,0.03052,4.15039,2.07520,0.06104,3.940
1781376823.3026805,149995,UWB,1,1,-0.4280,0.1060,0.3740,44,0x5CA9,1.5410,0xD41F,1.7930,0xC307,1.9390,0x4A10,2.3560,,nan,,nan,,nan,,nan,-0.97998,0.04932,0.03052,4.15039,2.07520,0.06104,3.940
1781376823.3029883,150001,FAST,0,1,-0.4280,0.1060,0.3740,44,0x5CA9,1.5410,0xD41F,1.7930,0xC307,1.9390,0x4A10,2.3560,,nan,,nan,,nan,,nan,-0.95166,0.06348,0.00854,4.76074,2.99072,-1.34277,3.940
1781376823.3031697,150021,FAST,0,1,-0.4280,0.1060,0.3740,44,0x5CA9,1.5410,0xD41F,1.7930,0xC307,1.9390,0x4A10,2.3560,,nan,,nan,,nan,,nan,-1.00684,0.08350,0.01074,4.76074,2.86865,-0.91553,3.940
1781376823.3033242,150041,FAST,0,1,-0.4280,0.1060,0.3740,44,0x5CA9,1.5410,0xD41F,1.7930,0xC307,1.9390,0x4A10,2.3560,,nan,,nan,,nan,,nan,-1.18018,0.30127,0.02271,-0.54932,-0.79346,66.04004,3.940
1781376823.303478,150061,FAST,0,1,-0.4280,0.1060,0.3740,44,0x5CA9,1.5410,0xD41F,1.7930,0xC307,1.9390,0x4A10,2.3560,,nan,,nan,,nan,,nan,-0.96997,0.09717,0.00269,1.83105,2.86865,75.98877,3.940
1781376823.3182843,150084,FAST,0,1,-0.4280,0.1060,0.3740,44,0x5CA9,1.5410,0xD41F,1.7930,0xC307,1.9390,0x4A10,2.3560,,nan,,nan,,nan,,nan,-1.02710,0.09814,0.03613,-0.18311,-2.01416,36.62109,3.940
1781376823.3320282,150095,UWB,1,1,-0.4550,0.0840,0.3620,53,0x5CA9,1.4520,0xD41F,1.8820,0xC307,1.9620,0x4A10,2.3180,,nan,,nan,,nan,,nan,-1.02710,0.09814,0.03613,-0.18311,-2.01416,36.62109,3.940
1781376823.336183,150101,FAST,0,1,-0.4550,0.0840,0.3620,53,0x5CA9,1.4520,0xD41F,1.8820,0xC307,1.9620,0x4A10,2.3180,,nan,,nan,,nan,,nan,-0.89404,0.16333,0.01904,1.15967,1.22070,23.37646,3.878
1781376823.3530967,150121,FAST,0,1,-0.4550,0.0840,0.3620,53,0x5CA9,1.4520,0xD41F,1.8820,0xC307,1.9620,0x4A10,2.3180,,nan,,nan,,nan,,nan,-1.04980,0.37915,-0.01416,-0.36621,-0.12207,34.85107,3.878
1781376823.3841445,150141,FAST,0,1,-0.4550,0.0840,0.3620,53,0x5CA9,1.4520,0xD41F,1.8820,0xC307,1.9620,0x4A10,2.3180,,nan,,nan,,nan,,nan,-0.96729,0.12134,0.03198,1.46484,1.89209,23.01025,3.878
1781376823.3931677,150161,FAST,0,1,-0.4550,0.0840,0.3620,53,0x5CA9,1.4520,0xD41F,1.8820,0xC307,1.9620,0x4A10,2.3180,,nan,,nan,,nan,,nan,-1.06177,0.30469,-0.03296,-2.99072,-2.13623,-2.50244,3.878
1781376823.4229162,150181,FAST,0,1,-0.4550,0.0840,0.3620,53,0x5CA9,1.4520,0xD41F,1.8820,0xC307,1.9620,0x4A10,2.3180,,nan,,nan,,nan,,nan,-0.90161,0.15771,0.01660,0.24414,0.00000,-8.85010,3.878
1781376823.4342136,150195,UWB,1,1,-0.4270,0.0780,0.4110,67,0x5CA9,1.4890,0xD41F,1.7840,0x4A10,2.3320,,nan,,nan,,nan,,nan,,nan,-0.90161,0.15771,0.01660,0.24414,0.00000,-8.85010,3.878
1781376823.4408538,150201,FAST,0,1,-0.4270,0.0780,0.4110,67,0x5CA9,1.4890,0xD41F,1.7840,0x4A10,2.3320,,nan,,nan,,nan,,nan,,nan,-0.93579,0.20728,0.01587,-1.15967,-3.41797,3.96729,3.878
1781376823.4576914,150221,FAST,0,1,-0.4270,0.0780,0.4110,67,0x5CA9,1.4890,0xD41F,1.7840,0x4A10,2.3320,,nan,,nan,,nan,,nan,,nan,-0.98145,0.13281,0.01074,-0.91553,-3.72314,0.79346,3.878
1781376823.474318,150241,FAST,0,1,-0.4270,0.0780,0.4110,67,0x5CA9,1.4890,0xD41F,1.7840,0x4A10,2.3320,,nan,,nan,,nan,,nan,,nan,-1.01392,0.16357,0.00391,-1.03760,-2.44141,-4.57764,3.878
1781376823.5055172,150261,FAST,0,1,-0.4270,0.0780,0.4110,67,0x5CA9,1.4890,0xD41F,1.7840,0x4A10,2.3320,,nan,,nan,,nan,,nan,,nan,-0.96411,0.18237,0.02148,-0.42725,-0.61035,0.48828,3.878
1781376823.5130844,150281,FAST,0,1,-0.4270,0.0780,0.4110,67,0x5CA9,1.4890,0xD41F,1.7840,0x4A10,2.3320,,nan,,nan,,nan,,nan,,nan,-0.96094,0.13330,0.01489,-0.67139,-0.91553,1.58691,3.878
1781376823.5274873,150295,UWB,1,1,-0.4280,0.1030,0.3250,36,0x5CA9,1.4840,0xD41F,1.8070,0xC307,1.8590,0x4A10,2.3460,,nan,,nan,,nan,,nan,-0.96094,0.13330,0.01489,-0.67139,-0.91553,1.58691,3.878
1781376823.533111,150301,FAST,0,1,-0.4280,0.1030,0.3250,36,0x5CA9,1.4840,0xD41F,1.8070,0xC307,1.8590,0x4A10,2.3460,,nan,,nan,,nan,,nan,-0.96924,0.15845,0.00903,0.12207,-0.48828,-0.73242,3.878
1781376823.553078,150321,FAST,0,1,-0.4280,0.1030,0.3250,36,0x5CA9,1.4840,0xD41F,1.8070,0xC307,1.8590,0x4A10,2.3460,,nan,,nan,,nan,,nan,-0.95947,0.15625,0.01343,-0.24414,-0.85449,-1.22070,3.878
1781376823.5733533,150341,FAST,0,1,-0.4280,0.1030,0.3250,36,0x5CA9,1.4840,0xD41F,1.8070,0xC307,1.8590,0x4A10,2.3460,,nan,,nan,,nan,,nan,-0.96265,0.15356,0.01758,-0.54932,-0.67139,0.18311,3.878
1781376823.5979826,150361,FAST,0,1,-0.4280,0.1030,0.3250,36,0x5CA9,1.4840,0xD41F,1.8070,0xC307,1.8590,0x4A10,2.3460,,nan,,nan,,nan,,nan,-0.96509,0.16553,0.00659,-0.30518,0.00000,-0.12207,3.878
1781376823.6604528,150381,FAST,0,1,-0.4280,0.1030,0.3250,36,0x5CA9,1.4840,0xD41F,1.8070,0xC307,1.8590,0x4A10,2.3460,,nan,,nan,,nan,,nan,-0.95801,0.15942,0.01733,-0.24414,-0.61035,-1.09863,3.878
1781376823.6607208,150395,UWB,1,1,-0.4570,0.0910,0.3390,58,0x5CA9,1.4800,0xD41F,1.8310,0xC307,1.9250,0x4A10,2.3180,,nan,,nan,,nan,,nan,-0.95801,0.15942,0.01733,-0.24414,-0.61035,-1.09863,3.878
1781376823.6608622,150401,FAST,0,1,-0.4570,0.0910,0.3390,58,0x5CA9,1.4800,0xD41F,1.8310,0xC307,1.9250,0x4A10,2.3180,,nan,,nan,,nan,,nan,-0.96289,0.15625,0.01196,0.00000,-0.61035,-0.79346,3.878
1781376823.6609862,150421,FAST,0,1,-0.4570,0.0910,0.3390,58,0x5CA9,1.4800,0xD41F,1.8310,0xC307,1.9250,0x4A10,2.3180,,nan,,nan,,nan,,nan,-0.96216,0.15381,0.01221,-0.24414,-0.30518,0.24414,3.878
1781376823.6739814,150441,FAST,0,1,-0.4570,0.0910,0.3390,58,0x5CA9,1.4800,0xD41F,1.8310,0xC307,1.9250,0x4A10,2.3180,,nan,,nan,,nan,,nan,-0.95776,0.15649,0.01685,-0.30518,-0.61035,-0.12207,3.878
1781376823.6962605,150461,FAST,0,1,-0.4570,0.0910,0.3390,58,0x5CA9,1.4800,0xD41F,1.8310,0xC307,1.9250,0x4A10,2.3180,,nan,,nan,,nan,,nan,-0.96240,0.16260,0.00928,-0.24414,-0.18311,-1.03760,3.878
1781376823.7576377,150481,FAST,0,1,-0.4570,0.0910,0.3390,58,0x5CA9,1.4800,0xD41F,1.8310,0xC307,1.9250,0x4A10,2.3180,,nan,,nan,,nan,,nan,-0.96021,0.15210,0.01660,-0.24414,-0.36621,-0.30518,3.878
1781376823.7579484,150495,UWB,1,1,-0.4490,0.1070,0.2750,36,0x5CA9,1.4660,0xD41F,1.9110,0xC307,1.8640,0x4A10,2.3180,,nan,,nan,,nan,,nan,-0.96021,0.15210,0.01660,-0.24414,-0.36621,-0.30518,3.878
1781376823.7581556,150501,FAST,0,1,-0.4490,0.1070,0.2750,36,0x5CA9,1.4660,0xD41F,1.9110,0xC307,1.8640,0x4A10,2.3180,,nan,,nan,,nan,,nan,-0.96094,0.15991,0.00928,-0.24414,-0.30518,-0.18311,3.878
1781376823.758303,150521,FAST,0,1,-0.4490,0.1070,0.2750,36,0x5CA9,1.4660,0xD41F,1.9110,0xC307,1.8640,0x4A10,2.3180,,nan,,nan,,nan,,nan,-0.96069,0.15845,0.01489,-0.24414,-0.36621,-0.61035,3.878
1781376823.7855303,150541,FAST,0,1,-0.4490,0.1070,0.2750,36,0x5CA9,1.4660,0xD41F,1.9110,0xC307,1.8640,0x4A10,2.3180,,nan,,nan,,nan,,nan,-0.96143,0.15698,0.01343,-0.30518,-0.30518,-0.73242,3.878
1781376823.798495,150561,FAST,0,1,-0.4490,0.1070,0.2750,36,0x5CA9,1.4660,0xD41F,1.9110,0xC307,1.8640,0x4A10,2.3180,,nan,,nan,,nan,,nan,-0.96167,0.15869,0.01343,-0.12207,0.06104,-0.24414,3.878
1781376823.8138044,150581,FAST,0,1,-0.4490,0.1070,0.2750,36,0x5CA9,1.4660,0xD41F,1.9110,0xC307,1.8640,0x4A10,2.3180,,nan,,nan,,nan,,nan,-0.96021,0.15698,0.01611,-0.12207,-0.30518,-0.30518,3.878
1781376823.8274589,150595,UWB,1,1,-0.4500,0.1090,0.2830,51,0x5CA9,1.4890,0xD41F,1.8400,0xC307,1.9530,0x4A10,2.2900,,nan,,nan,,nan,,nan,-0.96021,0.15698,0.01611,-0.12207,-0.30518,-0.30518,3.878
1781376823.8645878,150601,FAST,0,1,-0.4500,0.1090,0.2830,51,0x5CA9,1.4890,0xD41F,1.8400,0xC307,1.9530,0x4A10,2.2900,,nan,,nan,,nan,,nan,-0.96167,0.15576,0.01392,-0.18311,-0.18311,-0.36621,3.940
1781376823.8648767,150621,FAST,0,1,-0.4500,0.1090,0.2830,51,0x5CA9,1.4890,0xD41F,1.8400,0xC307,1.9530,0x4A10,2.2900,,nan,,nan,,nan,,nan,-0.96240,0.15771,0.01440,-0.18311,-0.12207,-0.48828,3.940
1781376823.875049,150641,FAST,0,1,-0.4500,0.1090,0.2830,51,0x5CA9,1.4890,0xD41F,1.8400,0xC307,1.9530,0x4A10,2.2900,,nan,,nan,,nan,,nan,-0.95972,0.15454,0.01367,-0.12207,-0.12207,-0.54932,3.940
1781376823.8965015,150661,FAST,0,1,-0.4500,0.1090,0.2830,51,0x5CA9,1.4890,0xD41F,1.8400,0xC307,1.9530,0x4A10,2.2900,,nan,,nan,,nan,,nan,-0.96143,0.15845,0.01367,-0.48828,-0.18311,-0.42725,3.940
1781376823.9161437,150681,FAST,0,1,-0.4500,0.1090,0.2830,51,0x5CA9,1.4890,0xD41F,1.8400,0xC307,1.9530,0x4A10,2.2900,,nan,,nan,,nan,,nan,-0.96167,0.15894,0.01318,-0.18311,-0.48828,-0.54932,3.940
1781376823.9277487,150695,UWB,1,1,-0.4820,0.1020,0.2840,53,0x5CA9,1.5270,0xD41F,1.8640,0xC307,1.8970,0x4A10,2.3040,,nan,,nan,,nan,,nan,-0.96167,0.15894,0.01318,-0.18311,-0.48828,-0.54932,3.940
1781376823.9332137,150701,FAST,0,1,-0.4820,0.1020,0.2840,53,0x5CA9,1.5270,0xD41F,1.8640,0xC307,1.8970,0x4A10,2.3040,,nan,,nan,,nan,,nan,-0.95923,0.15625,0.01416,-0.24414,-0.42725,-0.48828,3.940
1781376823.9858441,150721,FAST,0,1,-0.4820,0.1020,0.2840,53,0x5CA9,1.5270,0xD41F,1.8640,0xC307,1.8970,0x4A10,2.3040,,nan,,nan,,nan,,nan,-0.96216,0.15918,0.01343,-0.06104,-0.30518,-0.24414,3.940
1781376823.9861379,150741,FAST,0,1,-0.4820,0.1020,0.2840,53,0x5CA9,1.5270,0xD41F,1.8640,0xC307,1.8970,0x4A10,2.3040,,nan,,nan,,nan,,nan,-0.95898,0.15625,0.01318,-0.36621,-0.48828,-0.61035,3.940
1781376823.9984722,150761,FAST,0,1,-0.4820,0.1020,0.2840,53,0x5CA9,1.5270,0xD41F,1.8640,0xC307,1.8970,0x4A10,2.3040,,nan,,nan,,nan,,nan,-0.96167,0.15479,0.01343,-0.24414,-0.48828,-0.61035,3.940
1781376824.013192,150781,FAST,0,1,-0.4820,0.1020,0.2840,53,0x5CA9,1.5270,0xD41F,1.8640,0xC307,1.8970,0x4A10,2.3040,,nan,,nan,,nan,,nan,-0.96362,0.15747,0.01416,-0.36621,-0.42725,-0.48828,3.940
1781376824.0303342,150795,UWB,1,1,-0.4890,0.1120,0.2190,34,0x5CA9,1.5080,0xD41F,1.9900,0xC307,1.8310,0x4A10,2.2810,,nan,,nan,,nan,,nan,-0.96362,0.15747,0.01416,-0.36621,-0.42725,-0.48828,3.940
1781376824.0332468,150801,FAST,0,1,-0.4890,0.1120,0.2190,34,0x5CA9,1.5080,0xD41F,1.9900,0xC307,1.8310,0x4A10,2.2810,,nan,,nan,,nan,,nan,-0.96143,0.15820,0.01367,-0.36621,-0.30518,-0.48828,3.940
1781376824.0546463,150821,FAST,0,1,-0.4890,0.1120,0.2190,34,0x5CA9,1.5080,0xD41F,1.9900,0xC307,1.8310,0x4A10,2.2810,,nan,,nan,,nan,,nan,-0.96240,0.15796,0.01514,-0.24414,-0.36621,-0.42725,3.940
1781376824.0940108,150841,FAST,0,1,-0.4890,0.1120,0.2190,34,0x5CA9,1.5080,0xD41F,1.9900,0xC307,1.8310,0x4A10,2.2810,,nan,,nan,,nan,,nan,-0.96167,0.15747,0.01294,-0.18311,-0.24414,-0.54932,3.940
1781376824.0943074,150861,FAST,0,1,-0.4890,0.1120,0.2190,34,0x5CA9,1.5080,0xD41F,1.9900,0xC307,1.8310,0x4A10,2.2810,,nan,,nan,,nan,,nan,-0.96143,0.15356,0.01660,-0.18311,-0.30518,-0.36621,3.940
1781376824.112906,150881,FAST,0,1,-0.4890,0.1120,0.2190,34,0x5CA9,1.5080,0xD41F,1.9900,0xC307,1.8310,0x4A10,2.2810,,nan,,nan,,nan,,nan,-0.96167,0.15747,0.01343,-0.18311,-0.30518,-0.36621,3.940
1781376824.1277614,150895,UWB,1,1,-0.4880,0.1150,0.1540,35,0x5CA9,1.4890,0xD41F,1.8730,0xC307,1.8970,0x4A10,2.2900,,nan,,nan,,nan,,nan,-0.96167,0.15747,0.01343,-0.18311,-0.30518,-0.36621,3.940
1781376824.139524,150901,FAST,0,1,-0.4880,0.1150,0.1540,35,0x5CA9,1.4890,0xD41F,1.8730,0xC307,1.8970,0x4A10,2.2900,,nan,,nan,,nan,,nan,-0.96045,0.15796,0.01489,-0.30518,-0.30518,-0.54932,3.940
1781376824.1548529,150921,FAST,0,1,-0.4880,0.1150,0.1540,35,0x5CA9,1.4890,0xD41F,1.8730,0xC307,1.8970,0x4A10,2.2900,,nan,,nan,,nan,,nan,-0.96069,0.15771,0.01660,-0.18311,-0.18311,-0.48828,3.940
1781376824.1730235,150941,FAST,0,1,-0.4880,0.1150,0.1540,35,0x5CA9,1.4890,0xD41F,1.8730,0xC307,1.8970,0x4A10,2.2900,,nan,,nan,,nan,,nan,-0.96191,0.15820,0.01538,-0.30518,-0.24414,-0.36621,3.940
1781376824.21174,150961,FAST,0,1,-0.4880,0.1150,0.1540,35,0x5CA9,1.4890,0xD41F,1.8730,0xC307,1.8970,0x4A10,2.2900,,nan,,nan,,nan,,nan,-0.96118,0.15674,0.01392,-0.06104,-0.30518,-0.18311,3.940
1781376824.2180886,150981,FAST,0,1,-0.4880,0.1150,0.1540,35,0x5CA9,1.4890,0xD41F,1.8730,0xC307,1.8970,0x4A10,2.2900,,nan,,nan,,nan,,nan,-0.95996,0.15942,0.01538,-0.12207,-0.12207,-0.42725,3.940
1781376824.2299407,150995,UWB,1,1,-0.4950,0.1220,0.1100,35,0x5CA9,1.5030,0xD41F,1.8500,0xC307,1.8680,0x4A10,2.2430,,nan,,nan,,nan,,nan,-0.95996,0.15942,0.01538,-0.12207,-0.12207,-0.42725,3.940
1781376824.261014,151001,FAST,0,1,-0.4950,0.1220,0.1100,35,0x5CA9,1.5030,0xD41F,1.8500,0xC307,1.8680,0x4A10,2.2430,,nan,,nan,,nan,,nan,-0.96118,0.15894,0.01416,-0.18311,-0.36621,-0.24414,3.940
1781376824.2636702,151021,FAST,0,1,-0.4950,0.1220,0.1100,35,0x5CA9,1.5030,0xD41F,1.8500,0xC307,1.8680,0x4A10,2.2430,,nan,,nan,,nan,,nan,-0.95996,0.15649,0.01562,-0.18311,-0.30518,-0.36621,3.940
1781376824.2740498,151041,FAST,0,1,-0.4950,0.1220,0.1100,35,0x5CA9,1.5030,0xD41F,1.8500,0xC307,1.8680,0x4A10,2.2430,,nan,,nan,,nan,,nan,-0.96313,0.15845,0.01465,-0.24414,-0.24414,-0.42725,3.940
1781376824.3326247,151061,FAST,0,1,-0.4950,0.1220,0.1100,35,0x5CA9,1.5030,0xD41F,1.8500,0xC307,1.8680,0x4A10,2.2430,,nan,,nan,,nan,,nan,-0.96167,0.15845,0.01440,-0.12207,-0.30518,-0.24414,3.940
1781376824.332913,151081,FAST,0,1,-0.4950,0.1220,0.1100,35,0x5CA9,1.5030,0xD41F,1.8500,0xC307,1.8680,0x4A10,2.2430,,nan,,nan,,nan,,nan,-0.96143,0.15723,0.01587,-0.12207,-0.30518,-0.24414,3.940
1781376824.3330374,151101,FAST,0,1,-0.4950,0.1220,0.1100,35,0x5CA9,1.5030,0xD41F,1.8500,0xC307,1.8680,0x4A10,2.2430,,nan,,nan,,nan,,nan,-0.96045,0.15723,0.01416,-0.30518,-0.12207,-0.54932,3.934
1781376824.356699,151121,FAST,0,1,-0.4950,0.1220,0.1100,35,0x5CA9,1.5030,0xD41F,1.8500,0xC307,1.8680,0x4A10,2.2430,,nan,,nan,,nan,,nan,-0.96411,0.15527,0.01440,-0.18311,-0.30518,-0.48828,3.934
1781376824.379085,151141,FAST,0,1,-0.4950,0.1220,0.1100,35,0x5CA9,1.5030,0xD41F,1.8500,0xC307,1.8680,0x4A10,2.2430,,nan,,nan,,nan,,nan,-0.96021,0.15601,0.01392,-0.24414,-0.18311,-0.30518,3.934
1781376824.3964097,151161,FAST,0,1,-0.4950,0.1220,0.1100,35,0x5CA9,1.5030,0xD41F,1.8500,0xC307,1.8680,0x4A10,2.2430,,nan,,nan,,nan,,nan,-0.96069,0.15771,0.01392,-0.36621,-0.36621,-0.24414,3.934
1781376824.4129083,151181,FAST,0,1,-0.4950,0.1220,0.1100,35,0x5CA9,1.5030,0xD41F,1.8500,0xC307,1.8680,0x4A10,2.2430,,nan,,nan,,nan,,nan,-0.96191,0.15430,0.01636,-0.06104,-0.18311,-0.54932,3.934
1781376824.4481854,151195,UWB,1,1,-0.4900,0.1220,0.1440,35,0x5CA9,1.5030,0xD41F,1.8120,0xC307,1.8360,0x4A10,2.2290,,nan,,nan,,nan,,nan,-0.96191,0.15430,0.01636,-0.06104,-0.18311,-0.54932,3.934
1781376824.4484031,151201,FAST,0,1,-0.4900,0.1220,0.1440,35,0x5CA9,1.5030,0xD41F,1.8120,0xC307,1.8360,0x4A10,2.2290,,nan,,nan,,nan,,nan,-0.96069,0.15552,0.01294,-0.18311,-0.36621,-0.54932,3.934
1781376824.452914,151221,FAST,0,1,-0.4900,0.1220,0.1440,35,0x5CA9,1.5030,0xD41F,1.8120,0xC307,1.8360,0x4A10,2.2290,,nan,,nan,,nan,,nan,-0.96094,0.15723,0.01562,-0.24414,-0.18311,-0.42725,3.934
1781376824.4808507,151241,FAST,0,1,-0.4900,0.1220,0.1440,35,0x5CA9,1.5030,0xD41F,1.8120,0xC307,1.8360,0x4A10,2.2290,,nan,,nan,,nan,,nan,-0.96289,0.15601,0.01392,-0.30518,-0.12207,-0.42725,3.934
1781376824.4931235,151261,FAST,0,1,-0.4900,0.1220,0.1440,35,0x5CA9,1.5030,0xD41F,1.8120,0xC307,1.8360,0x4A10,2.2290,,nan,,nan,,nan,,nan,-0.96167,0.15674,0.01392,-0.12207,-0.18311,-0.42725,3.934
1781376824.516132,151281,FAST,0,1,-0.4900,0.1220,0.1440,35,0x5CA9,1.5030,0xD41F,1.8120,0xC307,1.8360,0x4A10,2.2290,,nan,,nan,,nan,,nan,-0.95679,0.15479,0.01685,0.00000,-0.24414,-0.24414,3.934
1781376824.5329392,151295,UWB,1,1,-0.4760,0.1370,0.1430,40,0x5CA9,1.4660,0xD41F,1.7980,0xC307,1.8500,0x4A10,2.3270,,nan,,nan,,nan,,nan,-0.95679,0.15479,0.01685,0.00000,-0.24414,-0.24414,3.934
1781376824.533161,151301,FAST,0,1,-0.4760,0.1370,0.1430,40,0x5CA9,1.4660,0xD41F,1.7980,0xC307,1.8500,0x4A10,2.3270,,nan,,nan,,nan,,nan,-0.96802,0.15674,0.01660,-0.24414,-0.48828,-0.48828,3.934
1781376824.566332,151321,FAST,0,1,-0.4760,0.1370,0.1430,40,0x5CA9,1.4660,0xD41F,1.7980,0xC307,1.8500,0x4A10,2.3270,,nan,,nan,,nan,,nan,-0.96167,0.16040,0.01270,-0.18311,-0.24414,-0.42725,3.934
1781376824.5749214,151341,FAST,0,1,-0.4760,0.1370,0.1430,40,0x5CA9,1.4660,0xD41F,1.7980,0xC307,1.8500,0x4A10,2.3270,,nan,,nan,,nan,,nan,-0.95483,0.15698,0.01660,-0.30518,-0.30518,-0.30518,3.934
1781376824.5929735,151361,FAST,0,1,-0.4760,0.1370,0.1430,40,0x5CA9,1.4660,0xD41F,1.7980,0xC307,1.8500,0x4A10,2.3270,,nan,,nan,,nan,,nan,-0.96558,0.15698,0.01636,-0.18311,-0.61035,-0.48828,3.934
1781376824.6129541,151381,FAST,0,1,-0.4760,0.1370,0.1430,40,0x5CA9,1.4660,0xD41F,1.7980,0xC307,1.8500,0x4A10,2.3270,,nan,,nan,,nan,,nan,-0.96362,0.15845,0.00854,0.06104,0.00000,-0.73242,3.934
1781376824.627237,151395,UWB,1,1,-0.4620,0.1300,0.2110,57,0x5CA9,1.4840,0xD41F,1.8450,0xC307,2.0270,0x4A10,2.3230,,nan,,nan,,nan,,nan,-0.96362,0.15845,0.00854,0.06104,0.00000,-0.73242,3.934
1781376824.6330996,151401,FAST,0,1,-0.4620,0.1300,0.2110,57,0x5CA9,1.4840,0xD41F,1.8450,0xC307,2.0270,0x4A10,2.3230,,nan,,nan,,nan,,nan,-0.95703,0.15356,0.02051,-0.36621,-0.24414,-0.12207,3.934
1781376824.6528563,151421,FAST,0,1,-0.4620,0.1300,0.2110,57,0x5CA9,1.4840,0xD41F,1.8450,0xC307,2.0270,0x4A10,2.3230,,nan,,nan,,nan,,nan,-0.96484,0.16016,0.01123,-0.30518,-0.36621,-0.30518,3.934
1781376824.69284,151441,FAST,0,1,-0.4620,0.1300,0.2110,57,0x5CA9,1.4840,0xD41F,1.8450,0xC307,2.0270,0x4A10,2.3230,,nan,,nan,,nan,,nan,-0.96021,0.15796,0.01465,-0.06104,0.00000,-0.73242,3.934
1781376824.6930358,151461,FAST,0,1,-0.4620,0.1300,0.2110,57,0x5CA9,1.4840,0xD41F,1.8450,0xC307,2.0270,0x4A10,2.3230,,nan,,nan,,nan,,nan,-0.96021,0.15479,0.01880,-0.48828,-0.54932,-0.36621,3.934
1781376824.7247663,151481,FAST,0,1,-0.4620,0.1300,0.2110,57,0x5CA9,1.4840,0xD41F,1.8450,0xC307,2.0270,0x4A10,2.3230,,nan,,nan,,nan,,nan,-0.96484,0.16064,0.00952,-0.06104,0.00000,-0.24414,3.934
1781376824.729089,151495,UWB,1,1,-0.4500,0.1520,0.2400,52,0x5CA9,1.4700,0xD41F,1.8170,0xC307,1.7890,0x4A10,2.2570,,nan,,nan,,nan,,nan,-0.96484,0.16064,0.00952,-0.06104,0.00000,-0.24414,3.934
1781376824.738869,151501,FAST,0,1,-0.4500,0.1520,0.2400,52,0x5CA9,1.4700,0xD41F,1.8170,0xC307,1.7890,0x4A10,2.2570,,nan,,nan,,nan,,nan,-0.95850,0.15576,0.01709,-0.12207,-0.24414,-0.48828,3.934
1781376824.7577395,151521,FAST,0,1,-0.4500,0.1520,0.2400,52,0x5CA9,1.4700,0xD41F,1.8170,0xC307,1.7890,0x4A10,2.2570,,nan,,nan,,nan,,nan,-0.96216,0.15771,0.01587,-0.24414,-0.48828,-0.48828,3.934
1781376824.796132,151541,FAST,0,1,-0.4500,0.1520,0.2400,52,0x5CA9,1.4700,0xD41F,1.8170,0xC307,1.7890,0x4A10,2.2570,,nan,,nan,,nan,,nan,-0.96313,0.16113,0.01196,-0.06104,-0.12207,-0.54932,3.934
1781376824.833075,151561,FAST,0,1,-0.4500,0.1520,0.2400,52,0x5CA9,1.4700,0xD41F,1.8170,0xC307,1.7890,0x4A10,2.2570,,nan,,nan,,nan,,nan,-0.95654,0.15259,0.02271,-0.24414,-0.24414,-0.48828,3.934
1781376824.8332815,151581,FAST,0,1,-0.4500,0.1520,0.2400,52,0x5CA9,1.4700,0xD41F,1.8170,0xC307,1.7890,0x4A10,2.2570,,nan,,nan,,nan,,nan,-0.96362,0.15991,0.01172,-0.18311,-0.30518,-0.42725,3.934
1781376824.833366,151595,UWB,1,1,-0.4850,0.1530,0.2890,64,0x5CA9,1.4700,0xD41F,1.8450,0xC307,1.9110,0x4A10,2.2570,,nan,,nan,,nan,,nan,-0.96362,0.15991,0.01172,-0.18311,-0.30518,-0.42725,3.934
1781376824.8545396,151601,FAST,0,1,-0.4850,0.1530,0.2890,64,0x5CA9,1.4700,0xD41F,1.8450,0xC307,1.9110,0x4A10,2.2570,,nan,,nan,,nan,,nan,-0.95947,0.15771,0.01367,0.00000,-0.12207,-0.54932,3.938
1781376824.8591647,151621,FAST,0,1,-0.4850,0.1530,0.2890,64,0x5CA9,1.4700,0xD41F,1.8450,0xC307,1.9110,0x4A10,2.2570,,nan,,nan,,nan,,nan,-0.95874,0.15527,0.01758,-0.30518,-0.42725,-0.12207,3.938
1781376824.9322197,151641,FAST,0,1,-0.4850,0.1530,0.2890,64,0x5CA9,1.4700,0xD41F,1.8450,0xC307,1.9110,0x4A10,2.2570,,nan,,nan,,nan,,nan,-0.96558,0.15918,0.01196,-0.18311,-0.18311,-0.36621,3.938
1781376824.9324434,151661,FAST,0,1,-0.4850,0.1530,0.2890,64,0x5CA9,1.4700,0xD41F,1.8450,0xC307,1.9110,0x4A10,2.2570,,nan,,nan,,nan,,nan,-0.95752,0.15454,0.01929,-0.12207,-0.12207,-0.48828,3.938
1781376824.932562,151681,FAST,0,1,-0.4850,0.1530,0.2890,64,0x5CA9,1.4700,0xD41F,1.8450,0xC307,1.9110,0x4A10,2.2570,,nan,,nan,,nan,,nan,-0.96313,0.15723,0.01318,-0.24414,-0.30518,-0.36621,3.938
1781376824.9326577,151695,UWB,1,1,-0.4820,0.1550,0.2340,36,0x5CA9,1.4940,0xD41F,1.7890,0xC307,1.8310,0x4A10,2.2900,,nan,,nan,,nan,,nan,-0.96313,0.15723,0.01318,-0.24414,-0.30518,-0.36621,3.938
1781376824.959213,151701,FAST,0,1,-0.4820,0.1550,0.2340,36,0x5CA9,1.4940,0xD41F,1.7890,0xC307,1.8310,0x4A10,2.2900,,nan,,nan,,nan,,nan,-0.96387,0.16089,0.01221,0.06104,0.12207,-0.24414,3.938
1781376824.9594216,151721,FAST,0,1,-0.4820,0.1550,0.2340,36,0x5CA9,1.4940,0xD41F,1.7890,0xC307,1.8310,0x4A10,2.2900,,nan,,nan,,nan,,nan,-0.95898,0.15405,0.01855,-0.24414,-0.18311,-0.24414,3.938
1781376824.9761765,151741,FAST,0,1,-0.4820,0.1550,0.2340,36,0x5CA9,1.4940,0xD41F,1.7890,0xC307,1.8310,0x4A10,2.2900,,nan,,nan,,nan,,nan,-0.96216,0.15967,0.01343,-0.18311,-0.12207,-0.48828,3.938
1781376825.0108213,151761,FAST,0,1,-0.4820,0.1550,0.2340,36,0x5CA9,1.4940,0xD41F,1.7890,0xC307,1.8310,0x4A10,2.2900,,nan,,nan,,nan,,nan,-0.96045,0.15552,0.01611,-0.12207,0.00000,-0.42725,3.938
1781376825.0414777,151781,FAST,0,1,-0.4820,0.1550,0.2340,36,0x5CA9,1.4940,0xD41F,1.7890,0xC307,1.8310,0x4A10,2.2900,,nan,,nan,,nan,,nan,-0.96191,0.15649,0.01758,-0.30518,-0.06104,-0.42725,3.938
1781376825.0416913,151795,UWB,1,1,-0.4760,0.1510,0.1900,35,0x5CA9,1.4660,0xD41F,1.7980,0xC307,1.8680,0x4A10,2.2810,,nan,,nan,,nan,,nan,-0.96191,0.15649,0.01758,-0.30518,-0.06104,-0.42725,3.938
1781376825.041809,151801,FAST,0,1,-0.4760,0.1510,0.1900,35,0x5CA9,1.4660,0xD41F,1.7980,0xC307,1.8680,0x4A10,2.2810,,nan,,nan,,nan,,nan,-0.96460,0.16016,0.01147,0.12207,-0.18311,-0.42725,3.938
1781376825.0539794,151821,FAST,0,1,-0.4760,0.1510,0.1900,35,0x5CA9,1.4660,0xD41F,1.7980,0xC307,1.8680,0x4A10,2.2810,,nan,,nan,,nan,,nan,-0.95532,0.15430,0.01782,-0.24414,-0.18311,-0.06104,3.938
1781376825.0729146,151841,FAST,0,1,-0.4760,0.1510,0.1900,35,0x5CA9,1.4660,0xD41F,1.7980,0xC307,1.8680,0x4A10,2.2810,,nan,,nan,,nan,,nan,-0.96362,0.15674,0.01587,-0.36621,-0.67139,-0.42725,3.938
1781376825.0933952,151861,FAST,0,1,-0.4760,0.1510,0.1900,35,0x5CA9,1.4660,0xD41F,1.7980,0xC307,1.8680,0x4A10,2.2810,,nan,,nan,,nan,,nan,-0.96191,0.15820,0.01245,-0.24414,0.12207,-0.61035,3.938
1781376825.1131372,151881,FAST,0,1,-0.4760,0.1510,0.1900,35,0x5CA9,1.4660,0xD41F,1.7980,0xC307,1.8680,0x4A10,2.2810,,nan,,nan,,nan,,nan,-0.95703,0.15332,0.02051,-0.12207,-0.36621,-0.36621,3.938
1781376825.169509,151895,UWB,1,1,-0.4800,0.1310,0.2180,51,0x5CA9,1.4800,0xD41F,1.8360,0xC307,1.9480,0x4A10,2.2900,,nan,,nan,,nan,,nan,-0.95703,0.15332,0.02051,-0.12207,-0.36621,-0.36621,3.938
1781376825.1697845,151901,FAST,0,1,-0.4800,0.1310,0.2180,51,0x5CA9,1.4800,0xD41F,1.8360,0xC307,1.9480,0x4A10,2.2900,,nan,,nan,,nan,,nan,-0.96313,0.16040,0.01245,-0.30518,-0.42725,-0.36621,3.938
1781376825.1698928,151921,FAST,0,1,-0.4800,0.1310,0.2180,51,0x5CA9,1.4800,0xD41F,1.8360,0xC307,1.9480,0x4A10,2.2900,,nan,,nan,,nan,,nan,-0.96118,0.15869,0.01538,-0.12207,0.06104,-0.48828,3.938
1781376825.1981955,151941,FAST,0,1,-0.4800,0.1310,0.2180,51,0x5CA9,1.4800,0xD41F,1.8360,0xC307,1.9480,0x4A10,2.2900,,nan,,nan,,nan,,nan,-0.95752,0.15576,0.01855,-0.24414,-0.42725,-0.30518,3.938
1781376825.1984143,151961,FAST,0,1,-0.4800,0.1310,0.2180,51,0x5CA9,1.4800,0xD41F,1.8360,0xC307,1.9480,0x4A10,2.2900,,nan,,nan,,nan,,nan,-0.96582,0.15845,0.01074,-0.30518,-0.18311,-0.36621,3.938
1781376825.2218149,151981,FAST,0,1,-0.4800,0.1310,0.2180,51,0x5CA9,1.4800,0xD41F,1.8360,0xC307,1.9480,0x4A10,2.2900,,nan,,nan,,nan,,nan,-0.95752,0.15552,0.01782,-0.18311,-0.18311,-0.42725,3.938
1781376825.2276652,151995,UWB,1,1,-0.4740,0.1230,0.1620,34,0x5CA9,1.4520,0xD41F,1.8680,0xC307,1.9110,0x4A10,2.2950,,nan,,nan,,nan,,nan,-0.95752,0.15552,0.01782,-0.18311,-0.18311,-0.42725,3.938
1781376825.280764,152001,FAST,0,1,-0.4740,0.1230,0.1620,34,0x5CA9,1.4520,0xD41F,1.8680,0xC307,1.9110,0x4A10,2.2950,,nan,,nan,,nan,,nan,-0.95898,0.15625,0.01367,-0.30518,-0.30518,-0.42725,3.938
1781376825.326015,152021,FAST,0,1,-0.4740,0.1230,0.1620,34,0x5CA9,1.4520,0xD41F,1.8680,0xC307,1.9110,0x4A10,2.2950,,nan,,nan,,nan,,nan,-0.96387,0.15796,0.01221,0.00000,-0.12207,-0.42725,3.938
1781376825.3262124,152041,FAST,0,1,-0.4740,0.1230,0.1620,34,0x5CA9,1.4520,0xD41F,1.8680,0xC307,1.9110,0x4A10,2.2950,,nan,,nan,,nan,,nan,-0.95947,0.15454,0.01758,-0.18311,-0.36621,-0.42725,3.938
1781376825.326331,152061,FAST,0,1,-0.4740,0.1230,0.1620,34,0x5CA9,1.4520,0xD41F,1.8680,0xC307,1.9110,0x4A10,2.2950,,nan,,nan,,nan,,nan,-0.96387,0.15894,0.01343,-0.18311,-0.24414,-0.42725,3.938
1781376825.336812,152085,FAST,0,1,-0.4740,0.1230,0.1620,34,0x5CA9,1.4520,0xD41F,1.8680,0xC307,1.9110,0x4A10,2.2950,,nan,,nan,,nan,,nan,-0.96191,0.15796,0.01489,0.00000,-0.06104,-0.42725,3.938
1781376825.3371074,152101,FAST,0,1,-0.4740,0.1230,0.1620,34,0x5CA9,1.4520,0xD41F,1.8680,0xC307,1.9110,0x4A10,2.2950,,nan,,nan,,nan,,nan,-0.95825,0.15601,0.01611,-0.18311,-0.36621,-0.42725,3.940
1781376825.3532016,152121,FAST,0,1,-0.4740,0.1230,0.1620,34,0x5CA9,1.4520,0xD41F,1.8680,0xC307,1.9110,0x4A10,2.2950,,nan,,nan,,nan,,nan,-0.96411,0.16016,0.01294,-0.12207,-0.06104,-0.48828,3.940
1781376825.3998475,152141,FAST,0,1,-0.4740,0.1230,0.1620,34,0x5CA9,1.4520,0xD41F,1.8680,0xC307,1.9110,0x4A10,2.2950,,nan,,nan,,nan,,nan,-0.96045,0.15552,0.01465,-0.12207,-0.12207,-0.42725,3.940
1781376825.4001296,152161,FAST,0,1,-0.4740,0.1230,0.1620,34,0x5CA9,1.4520,0xD41F,1.8680,0xC307,1.9110,0x4A10,2.2950,,nan,,nan,,nan,,nan,-0.96094,0.15601,0.01514,-0.24414,-0.36621,-0.36621,3.940
1781376825.421733,152181,FAST,0,1,-0.4740,0.1230,0.1620,34,0x5CA9,1.4520,0xD41F,1.8680,0xC307,1.9110,0x4A10,2.2950,,nan,,nan,,nan,,nan,-0.96387,0.15771,0.01221,-0.12207,-0.24414,-0.48828,3.940
1781376825.4274757,152195,UWB,1,1,-0.4730,0.1320,0.1600,38,0x5CA9,1.4560,0xD41F,1.8310,0xC307,1.8640,0x4A10,2.3130,,nan,,nan,,nan,,nan,-0.96387,0.15771,0.01221,-0.12207,-0.24414,-0.48828,3.940
1781376825.4329145,152201,FAST,0,1,-0.4730,0.1320,0.1600,38,0x5CA9,1.4560,0xD41F,1.8310,0xC307,1.8640,0x4A10,2.3130,,nan,,nan,,nan,,nan,-0.95898,0.15527,0.01685,0.06104,-0.30518,-0.36621,3.940
1781376825.4753,152221,FAST,0,1,-0.4730,0.1320,0.1600,38,0x5CA9,1.4560,0xD41F,1.8310,0xC307,1.8640,0x4A10,2.3130,,nan,,nan,,nan,,nan,-0.96387,0.15723,0.01416,-0.18311,-0.06104,-0.48828,3.940
1781376825.475472,152241,FAST,0,1,-0.4730,0.1320,0.1600,38,0x5CA9,1.4560,0xD41F,1.8310,0xC307,1.8640,0x4A10,2.3130,,nan,,nan,,nan,,nan,-0.96069,0.15601,0.01343,-0.24414,-0.12207,-0.48828,3.940
1781376825.510886,152261,FAST,0,1,-0.4730,0.1320,0.1600,38,0x5CA9,1.4560,0xD41F,1.8310,0xC307,1.8640,0x4A10,2.3130,,nan,,nan,,nan,,nan,-0.96118,0.15625,0.01709,-0.06104,-0.18311,-0.30518,3.940
1781376825.512837,152281,FAST,0,1,-0.4730,0.1320,0.1600,38,0x5CA9,1.4560,0xD41F,1.8310,0xC307,1.8640,0x4A10,2.3130,,nan,,nan,,nan,,nan,-0.96265,0.15918,0.01074,-0.30518,-0.24414,-0.42725,3.940
1781376825.5405614,152295,UWB,1,1,-0.4750,0.1180,0.1670,44,0x5CA9,1.4940,0xD41F,1.8820,0xC307,1.9720,0x4A10,2.2760,,nan,,nan,,nan,,nan,-0.96265,0.15918,0.01074,-0.30518,-0.24414,-0.42725,3.940
1781376825.5424507,152301,FAST,0,1,-0.4750,0.1180,0.1670,44,0x5CA9,1.4940,0xD41F,1.8820,0xC307,1.9720,0x4A10,2.2760,,nan,,nan,,nan,,nan,-0.96045,0.15479,0.01709,-0.18311,-0.12207,-0.36621,3.940
1781376825.553562,152321,FAST,0,1,-0.4750,0.1180,0.1670,44,0x5CA9,1.4940,0xD41F,1.8820,0xC307,1.9720,0x4A10,2.2760,,nan,,nan,,nan,,nan,-0.96021,0.15747,0.01514,-0.30518,-0.24414,-0.61035,3.940
1781376825.572925,152341,FAST,0,1,-0.4750,0.1180,0.1670,44,0x5CA9,1.4940,0xD41F,1.8820,0xC307,1.9720,0x4A10,2.2760,,nan,,nan,,nan,,nan,-0.96143,0.15845,0.01245,-0.12207,0.12207,-0.42725,3.940
1781376825.5930092,152361,FAST,0,1,-0.4750,0.1180,0.1670,44,0x5CA9,1.4940,0xD41F,1.8820,0xC307,1.9720,0x4A10,2.2760,,nan,,nan,,nan,,nan,-0.96191,0.15503,0.01831,-0.12207,-0.06104,-0.48828,3.940
1781376825.6366367,152381,FAST,0,1,-0.4750,0.1180,0.1670,44,0x5CA9,1.4940,0xD41F,1.8820,0xC307,1.9720,0x4A10,2.2760,,nan,,nan,,nan,,nan,-0.95605,0.15698,0.01392,-0.24414,-0.12207,-0.42725,3.940
1781376825.6368291,152395,UWB,1,1,-0.4620,0.1110,0.2390,59,0x5CA9,1.4840,0xD41F,1.8400,0xC307,2.0460,0x4A10,2.2990,,nan,,nan,,nan,,nan,-0.95605,0.15698,0.01392,-0.24414,-0.12207,-0.42725,3.940
1781376825.6369455,152401,FAST,0,1,-0.4620,0.1110,0.2390,59,0x5CA9,1.4840,0xD41F,1.8400,0xC307,2.0460,0x4A10,2.2990,,nan,,nan,,nan,,nan,-0.96436,0.15601,0.01611,-0.36621,-0.30518,-0.36621,3.940
1781376825.6559396,152421,FAST,0,1,-0.4620,0.1110,0.2390,59,0x5CA9,1.4840,0xD41F,1.8400,0xC307,2.0460,0x4A10,2.2990,,nan,,nan,,nan,,nan,-0.96143,0.15698,0.01245,-0.24414,-0.42725,-0.42725,3.940
1781376825.6771498,152441,FAST,0,1,-0.4620,0.1110,0.2390,59,0x5CA9,1.4840,0xD41F,1.8400,0xC307,2.0460,0x4A10,2.2990,,nan,,nan,,nan,,nan,-0.95996,0.15381,0.01880,-0.18311,-0.18311,-0.36621,3.940
1781376825.6974466,152461,FAST,0,1,-0.4620,0.1110,0.2390,59,0x5CA9,1.4840,0xD41F,1.8400,0xC307,2.0460,0x4A10,2.2990,,nan,,nan,,nan,,nan,-0.96362,0.15894,0.01416,-0.24414,-0.30518,-0.42725,3.940
1781376825.715168,152481,FAST,0,1,-0.4620,0.1110,0.2390,59,0x5CA9,1.4840,0xD41F,1.8400,0xC307,2.0460,0x4A10,2.2990,,nan,,nan,,nan,,nan,-0.96021,0.15698,0.01465,-0.06104,-0.12207,-0.54932,3.940
1781376825.7566402,152495,UWB,1,1,-0.4690,0.1060,0.2320,46,0x5CA9,1.4980,0xD41F,1.8590,0xC307,1.9620,0x4A10,2.2570,,nan,,nan,,nan,,nan,-0.96021,0.15698,0.01465,-0.06104,-0.12207,-0.54932,3.940
1781376825.756848,152501,FAST,0,1,-0.4690,0.1060,0.2320,46,0x5CA9,1.4980,0xD41F,1.8590,0xC307,1.9620,0x4A10,2.2570,,nan,,nan,,nan,,nan,-0.95898,0.15405,0.01855,-0.18311,-0.30518,-0.36621,3.940
1781376825.7606788,152521,FAST,0,1,-0.4690,0.1060,0.2320,46,0x5CA9,1.4980,0xD41F,1.8590,0xC307,1.9620,0x4A10,2.2570,,nan,,nan,,nan,,nan,-0.96289,0.15991,0.01196,-0.12207,-0.18311,-0.30518,3.940
1781376825.7754457,152541,FAST,0,1,-0.4690,0.1060,0.2320,46,0x5CA9,1.4980,0xD41F,1.8590,0xC307,1.9620,0x4A10,2.2570,,nan,,nan,,nan,,nan,-0.95801,0.15527,0.01880,-0.24414,-0.24414,-0.24414,3.940
1781376825.7950885,152561,FAST,0,1,-0.4690,0.1060,0.2320,46,0x5CA9,1.4980,0xD41F,1.8590,0xC307,1.9620,0x4A10,2.2570,,nan,,nan,,nan,,nan,-0.96094,0.15820,0.01538,-0.30518,-0.12207,-0.36621,3.940
1781376825.8128374,152581,FAST,0,1,-0.4690,0.1060,0.2320,46,0x5CA9,1.4980,0xD41F,1.8590,0xC307,1.9620,0x4A10,2.2570,,nan,,nan,,nan,,nan,-0.96313,0.15820,0.01343,0.00000,0.06104,-0.30518,3.940
1781376825.8293507,152595,UWB,1,1,-0.4910,0.0940,0.2780,60,0x5CA9,1.4840,0xD41F,1.8170,0xC307,1.9150,0x4A10,2.2710,,nan,,nan,,nan,,nan,-0.96313,0.15820,0.01343,0.00000,0.06104,-0.30518,3.940
1781376825.8400693,152601,FAST,0,1,-0.4910,0.0940,0.2780,60,0x5CA9,1.4840,0xD41F,1.8170,0xC307,1.9150,0x4A10,2.2710,,nan,,nan,,nan,,nan,-0.95801,0.15503,0.02002,-0.12207,-0.06104,-0.36621,3.938
1781376825.8679483,152621,FAST,0,1,-0.4910,0.0940,0.2780,60,0x5CA9,1.4840,0xD41F,1.8170,0xC307,1.9150,0x4A10,2.2710,,nan,,nan,,nan,,nan,-0.96313,0.15894,0.01392,-0.24414,-0.24414,-0.42725,3.938
1781376825.873358,152641,FAST,0,1,-0.4910,0.0940,0.2780,60,0x5CA9,1.4840,0xD41F,1.8170,0xC307,1.9150,0x4A10,2.2710,,nan,,nan,,nan,,nan,-0.96191,0.15723,0.01733,0.00000,-0.24414,-0.36621,3.938
1781376825.8929043,152661,FAST,0,1,-0.4910,0.0940,0.2780,60,0x5CA9,1.4840,0xD41F,1.8170,0xC307,1.9150,0x4A10,2.2710,,nan,,nan,,nan,,nan,-0.95923,0.15576,0.01855,-0.24414,-0.30518,-0.36621,3.938
1781376825.9128332,152681,FAST,0,1,-0.4910,0.0940,0.2780,60,0x5CA9,1.4840,0xD41F,1.8170,0xC307,1.9150,0x4A10,2.2710,,nan,,nan,,nan,,nan,-0.96411,0.15918,0.01196,-0.12207,-0.30518,-0.48828,3.938
1781376825.9273026,152695,UWB,1,1,-0.4980,0.0890,0.2910,54,0x5CA9,1.4890,0xD41F,1.8260,0xC307,1.9290,0x4A10,2.3460,,nan,,nan,,nan,,nan,-0.96411,0.15918,0.01196,-0.12207,-0.30518,-0.48828,3.938
1781376825.9329162,152701,FAST,0,1,-0.4980,0.0890,0.2910,54,0x5CA9,1.4890,0xD41F,1.8260,0xC307,1.9290,0x4A10,2.3460,,nan,,nan,,nan,,nan,-0.95825,0.15527,0.01929,-0.18311,-0.30518,-0.54932,3.938
1781376825.9529643,152721,FAST,0,1,-0.4980,0.0890,0.2910,54,0x5CA9,1.4890,0xD41F,1.8260,0xC307,1.9290,0x4A10,2.3460,,nan,,nan,,nan,,nan,-0.96289,0.15723,0.01660,-0.30518,-0.18311,-0.54932,3.938
1781376825.9839685,152741,FAST,0,1,-0.4980,0.0890,0.2910,54,0x5CA9,1.4890,0xD41F,1.8260,0xC307,1.9290,0x4A10,2.3460,,nan,,nan,,nan,,nan,-0.96167,0.15747,0.01343,-0.12207,-0.12207,-0.42725,3.938
1781376826.0006988,152761,FAST,0,1,-0.4980,0.0890,0.2910,54,0x5CA9,1.4890,0xD41F,1.8260,0xC307,1.9290,0x4A10,2.3460,,nan,,nan,,nan,,nan,-0.95898,0.15552,0.02002,-0.18311,-0.67139,-0.42725,3.938
1781376826.0150993,152781,FAST,0,1,-0.4980,0.0890,0.2910,54,0x5CA9,1.4890,0xD41F,1.8260,0xC307,1.9290,0x4A10,2.3460,,nan,,nan,,nan,,nan,-0.96484,0.15942,0.01294,-0.06104,-0.24414,-0.48828,3.938
1781376826.0294414,152795,UWB,1,1,-0.5180,0.0800,0.3180,60,0x5CA9,1.4890,0xD41F,1.8360,0xC307,1.9110,0x4A10,2.2480,,nan,,nan,,nan,,nan,-0.96484,0.15942,0.01294,-0.06104,-0.24414,-0.48828,3.938
1781376826.0340645,152801,FAST,0,1,-0.5180,0.0800,0.3180,60,0x5CA9,1.4890,0xD41F,1.8360,0xC307,1.9110,0x4A10,2.2480,,nan,,nan,,nan,,nan,-0.95972,0.15479,0.01807,-0.06104,-0.24414,-0.30518,3.938
1781376826.0546045,152821,FAST,0,1,-0.5180,0.0800,0.3180,60,0x5CA9,1.4890,0xD41F,1.8360,0xC307,1.9110,0x4A10,2.2480,,nan,,nan,,nan,,nan,-0.96191,0.15771,0.01880,-0.42725,-0.42725,-0.36621,3.938
1781376826.0729084,152841,FAST,0,1,-0.5180,0.0800,0.3180,60,0x5CA9,1.4890,0xD41F,1.8360,0xC307,1.9110,0x4A10,2.2480,,nan,,nan,,nan,,nan,-0.96216,0.15796,0.01270,0.06104,-0.12207,-0.36621,3.938
1781376826.1015954,152861,FAST,0,1,-0.5180,0.0800,0.3180,60,0x5CA9,1.4890,0xD41F,1.8360,0xC307,1.9110,0x4A10,2.2480,,nan,,nan,,nan,,nan,-0.95776,0.15479,0.02100,-0.30518,-0.30518,-0.42725,3.938
1781376826.118088,152881,FAST,0,1,-0.5180,0.0800,0.3180,60,0x5CA9,1.4890,0xD41F,1.8360,0xC307,1.9110,0x4A10,2.2480,,nan,,nan,,nan,,nan,-0.96191,0.15698,0.01392,-0.12207,-0.18311,-0.42725,3.938
1781376826.1287158,152895,UWB,1,1,-0.5290,0.0700,0.3490,62,0x5CA9,1.4700,0xD41F,1.8260,0xC307,1.9250,0x4A10,2.2760,,nan,,nan,,nan,,nan,-0.96191,0.15698,0.01392,-0.12207,-0.18311,-0.42725,3.938
1781376826.133966,152901,FAST,0,1,-0.5290,0.0700,0.3490,62,0x5CA9,1.4700,0xD41F,1.8260,0xC307,1.9250,0x4A10,2.2760,,nan,,nan,,nan,,nan,-0.96069,0.15674,0.01440,-0.30518,-0.12207,-0.42725,3.938
1781376826.1540768,152921,FAST,0,1,-0.5290,0.0700,0.3490,62,0x5CA9,1.4700,0xD41F,1.8260,0xC307,1.9250,0x4A10,2.2760,,nan,,nan,,nan,,nan,-0.96094,0.15527,0.02002,-0.12207,-0.24414,-0.48828,3.938
1781376826.1911938,152941,FAST,0,1,-0.5290,0.0700,0.3490,62,0x5CA9,1.4700,0xD41F,1.8260,0xC307,1.9250,0x4A10,2.2760,,nan,,nan,,nan,,nan,-0.96045,0.15845,0.01221,-0.06104,0.00000,-0.48828,3.938
1781376826.220238,152961,FAST,0,1,-0.5290,0.0700,0.3490,62,0x5CA9,1.4700,0xD41F,1.8260,0xC307,1.9250,0x4A10,2.2760,,nan,,nan,,nan,,nan,-0.96118,0.15405,0.01855,-0.12207,-0.30518,-0.30518,3.938
1781376826.220383,152981,FAST,0,1,-0.5290,0.0700,0.3490,62,0x5CA9,1.4700,0xD41F,1.8260,0xC307,1.9250,0x4A10,2.2760,,nan,,nan,,nan,,nan,-0.96069,0.15771,0.01367,-0.12207,0.00000,-0.48828,3.938
1781376826.2272115,152995,UWB,1,1,-0.5330,0.0600,0.3540,57,0x5CA9,1.4660,0xD41F,1.8590,0xC307,1.9390,0x4A10,2.3270,,nan,,nan,,nan,,nan,-0.96069,0.15771,0.01367,-0.12207,0.00000,-0.48828,3.938
1781376826.2351942,153001,FAST,0,1,-0.5330,0.0600,0.3540,57,0x5CA9,1.4660,0xD41F,1.8590,0xC307,1.9390,0x4A10,2.3270,,nan,,nan,,nan,,nan,-0.96167,0.15625,0.01562,-0.24414,-0.30518,-0.42725,3.938
1781376826.2639456,153021,FAST,0,1,-0.5330,0.0600,0.3540,57,0x5CA9,1.4660,0xD41F,1.8590,0xC307,1.9390,0x4A10,2.3270,,nan,,nan,,nan,,nan,-0.96240,0.15479,0.01538,-0.18311,-0.42725,-0.30518,3.938
1781376826.2736804,153041,FAST,0,1,-0.5330,0.0600,0.3540,57,0x5CA9,1.4660,0xD41F,1.8590,0xC307,1.9390,0x4A10,2.3270,,nan,,nan,,nan,,nan,-0.96094,0.15771,0.01343,-0.18311,0.00000,-0.42725,3.938
1781376826.292884,153061,FAST,0,1,-0.5330,0.0600,0.3540,57,0x5CA9,1.4660,0xD41F,1.8590,0xC307,1.9390,0x4A10,2.3270,,nan,,nan,,nan,,nan,-0.96143,0.15649,0.01758,-0.24414,-0.36621,-0.42725,3.938
1781376826.3385584,153081,FAST,0,1,-0.5330,0.0600,0.3540,57,0x5CA9,1.4660,0xD41F,1.8590,0xC307,1.9390,0x4A10,2.3270,,nan,,nan,,nan,,nan,-0.96240,0.15771,0.01440,-0.30518,-0.12207,-0.48828,3.938
1781376826.338944,153095,UWB,1,1,-0.5420,0.0600,0.3520,56,0x5CA9,1.4980,0xD41F,1.8540,0xC307,1.9110,0x4A10,2.2990,,nan,,nan,,nan,,nan,-0.96240,0.15771,0.01440,-0.30518,-0.12207,-0.48828,3.938
1781376826.3390765,153101,FAST,0,1,-0.5420,0.0600,0.3520,56,0x5CA9,1.4980,0xD41F,1.8540,0xC307,1.9110,0x4A10,2.2990,,nan,,nan,,nan,,nan,-0.96143,0.15674,0.01587,-0.24414,-0.12207,-0.48828,3.938
1781376826.353492,153121,FAST,0,1,-0.5420,0.0600,0.3520,56,0x5CA9,1.4980,0xD41F,1.8540,0xC307,1.9110,0x4A10,2.2990,,nan,,nan,,nan,,nan,-0.96265,0.15723,0.01782,-0.24414,-0.18311,-0.36621,3.938
1781376826.3748457,153141,FAST,0,1,-0.5420,0.0600,0.3520,56,0x5CA9,1.4980,0xD41F,1.8540,0xC307,1.9110,0x4A10,2.2990,,nan,,nan,,nan,,nan,-0.96216,0.15698,0.01318,-0.18311,-0.06104,-0.42725,3.938
1781376826.3954113,153161,FAST,0,1,-0.5420,0.0600,0.3520,56,0x5CA9,1.4980,0xD41F,1.8540,0xC307,1.9110,0x4A10,2.2990,,nan,,nan,,nan,,nan,-0.96094,0.15576,0.01685,-0.18311,-0.24414,-0.36621,3.938
1781376826.4202905,153181,FAST,0,1,-0.5420,0.0600,0.3520,56,0x5CA9,1.4980,0xD41F,1.8540,0xC307,1.9110,0x4A10,2.2990,,nan,,nan,,nan,,nan,-0.95996,0.15771,0.01636,-0.36621,-0.30518,-0.42725,3.938
1781376826.4281185,153195,UWB,1,1,-0.5430,0.0620,0.3640,59,0x5CA9,1.4840,0xD41F,1.8070,0xC307,1.9200,0x4A10,2.2660,,nan,,nan,,nan,,nan,-0.95996,0.15771,0.01636,-0.36621,-0.30518,-0.42725,3.938
1781376826.4569318,153201,FAST,0,1,-0.5430,0.0620,0.3640,59,0x5CA9,1.4840,0xD41F,1.8070,0xC307,1.9200,0x4A10,2.2660,,nan,,nan,,nan,,nan,-0.96191,0.15649,0.01392,-0.12207,-0.18311,-0.61035,3.938
1781376826.4571311,153221,FAST,0,1,-0.5430,0.0620,0.3640,59,0x5CA9,1.4840,0xD41F,1.8070,0xC307,1.9200,0x4A10,2.2660,,nan,,nan,,nan,,nan,-0.96118,0.15552,0.01807,-0.24414,-0.36621,-0.36621,3.938
1781376826.475944,153241,FAST,0,1,-0.5430,0.0620,0.3640,59,0x5CA9,1.4840,0xD41F,1.8070,0xC307,1.9200,0x4A10,2.2660,,nan,,nan,,nan,,nan,-0.96338,0.15820,0.01440,-0.18311,-0.24414,-0.42725,3.938
1781376826.4938753,153261,FAST,0,1,-0.5430,0.0620,0.3640,59,0x5CA9,1.4840,0xD41F,1.8070,0xC307,1.9200,0x4A10,2.2660,,nan,,nan,,nan,,nan,-0.96045,0.15552,0.01562,-0.30518,-0.18311,-0.42725,3.938
1781376826.513013,153281,FAST,0,1,-0.5430,0.0620,0.3640,59,0x5CA9,1.4840,0xD41F,1.8070,0xC307,1.9200,0x4A10,2.2660,,nan,,nan,,nan,,nan,-0.96143,0.15747,0.01587,-0.12207,-0.12207,-0.24414,3.938
1781376826.535606,153295,UWB,1,1,-0.5170,0.0840,0.2810,35,0x5CA9,1.4700,0xD41F,1.7930,0xC307,1.8870,0x4A10,2.2990,,nan,,nan,,nan,,nan,-0.96143,0.15747,0.01587,-0.12207,-0.12207,-0.24414,3.938
1781376826.5368323,153301,FAST,0,1,-0.5170,0.0840,0.2810,35,0x5CA9,1.4700,0xD41F,1.7930,0xC307,1.8870,0x4A10,2.2990,,nan,,nan,,nan,,nan,-0.96143,0.15869,0.01416,-0.06104,-0.06104,-0.48828,3.938
1781376826.5797846,153321,FAST,0,1,-0.5170,0.0840,0.2810,35,0x5CA9,1.4700,0xD41F,1.7930,0xC307,1.8870,0x4A10,2.2990,,nan,,nan,,nan,,nan,-0.96045,0.15527,0.01855,-0.24414,-0.24414,-0.36621,3.938
1781376826.579967,153341,FAST,0,1,-0.5170,0.0840,0.2810,35,0x5CA9,1.4700,0xD41F,1.7930,0xC307,1.8870,0x4A10,2.2990,,nan,,nan,,nan,,nan,-0.96216,0.15601,0.01294,-0.24414,-0.12207,-0.42725,3.938
1781376826.5955622,153361,FAST,0,1,-0.5170,0.0840,0.2810,35,0x5CA9,1.4700,0xD41F,1.7930,0xC307,1.8870,0x4A10,2.2990,,nan,,nan,,nan,,nan,-0.96094,0.15649,0.01636,-0.18311,-0.12207,-0.48828,3.938
1781376826.6148121,153381,FAST,0,1,-0.5170,0.0840,0.2810,35,0x5CA9,1.4700,0xD41F,1.7930,0xC307,1.8870,0x4A10,2.2990,,nan,,nan,,nan,,nan,-0.96094,0.15674,0.01489,-0.24414,-0.30518,-0.36621,3.938
1781376826.6290789,153395,UWB,1,1,-0.5260,0.1190,0.3060,60,0x5CA9,1.5030,0xD41F,1.8030,0xC307,1.8870,0x4A10,2.3460,,nan,,nan,,nan,,nan,-0.96094,0.15674,0.01489,-0.24414,-0.30518,-0.36621,3.938
1781376826.6331155,153401,FAST,0,1,-0.5260,0.1190,0.3060,60,0x5CA9,1.5030,0xD41F,1.8030,0xC307,1.8870,0x4A10,2.3460,,nan,,nan,,nan,,nan,-0.96167,0.15869,0.01611,-0.12207,-0.06104,-0.30518,3.938
1781376826.7104156,153421,FAST,0,1,-0.5260,0.1190,0.3060,60,0x5CA9,1.5030,0xD41F,1.8030,0xC307,1.8870,0x4A10,2.3460,,nan,,nan,,nan,,nan,-0.96045,0.15527,0.01953,-0.06104,-0.24414,-0.48828,3.938
1781376826.710612,153441,FAST,0,1,-0.5260,0.1190,0.3060,60,0x5CA9,1.5030,0xD41F,1.8030,0xC307,1.8870,0x4A10,2.3460,,nan,,nan,,nan,,nan,-0.96143,0.15576,0.01392,-0.12207,-0.18311,-0.36621,3.938
1781376826.7107418,153461,FAST,0,1,-0.5260,0.1190,0.3060,60,0x5CA9,1.5030,0xD41F,1.8030,0xC307,1.8870,0x4A10,2.3460,,nan,,nan,,nan,,nan,-0.95947,0.15771,0.01514,-0.18311,-0.18311,-0.42725,3.938
1781376826.713848,153481,FAST,0,1,-0.5260,0.1190,0.3060,60,0x5CA9,1.5030,0xD41F,1.8030,0xC307,1.8870,0x4A10,2.3460,,nan,,nan,,nan,,nan,-0.96216,0.15674,0.01709,-0.12207,-0.18311,-0.42725,3.938
1781376826.7314193,153495,UWB,1,1,-0.5450,0.0910,0.3320,60,0x5CA9,1.4700,0xD41F,1.8820,0xC307,1.9250,0x4A10,2.2990,,nan,,nan,,nan,,nan,-0.96216,0.15674,0.01709,-0.12207,-0.18311,-0.42725,3.938
1781376826.7327988,153501,FAST,0,1,-0.5450,0.0910,0.3320,60,0x5CA9,1.4700,0xD41F,1.8820,0xC307,1.9250,0x4A10,2.2990,,nan,,nan,,nan,,nan,-0.96069,0.15771,0.01416,-0.18311,-0.18311,-0.36621,3.938
1781376826.8383458,153521,FAST,0,1,-0.5450,0.0910,0.3320,60,0x5CA9,1.4700,0xD41F,1.8820,0xC307,1.9250,0x4A10,2.2990,,nan,,nan,,nan,,nan,-0.96045,0.15576,0.01929,-0.18311,-0.30518,-0.42725,3.938
1781376826.8385103,153541,FAST,0,1,-0.5450,0.0910,0.3320,60,0x5CA9,1.4700,0xD41F,1.8820,0xC307,1.9250,0x4A10,2.2990,,nan,,nan,,nan,,nan,-0.96045,0.15771,0.01416,-0.12207,-0.18311,-0.24414,3.938
1781376826.8385868,153561,FAST,0,1,-0.5450,0.0910,0.3320,60,0x5CA9,1.4700,0xD41F,1.8820,0xC307,1.9250,0x4A10,2.2990,,nan,,nan,,nan,,nan,-0.96240,0.15527,0.01782,-0.12207,-0.12207,-0.30518,3.938
1781376826.8386548,153581,FAST,0,1,-0.5450,0.0910,0.3320,60,0x5CA9,1.4700,0xD41F,1.8820,0xC307,1.9250,0x4A10,2.2990,,nan,,nan,,nan,,nan,-0.96313,0.15649,0.01831,-0.18311,-0.18311,-0.54932,3.938
1781376826.8387196,153595,UWB,1,1,-0.5550,0.0740,0.3440,58,0x5CA9,1.4750,0xD41F,1.8780,0xC307,1.9250,0x4A10,2.3180,,nan,,nan,,nan,,nan,-0.96313,0.15649,0.01831,-0.18311,-0.18311,-0.54932,3.938
1781376826.8388124,153601,FAST,0,1,-0.5550,0.0740,0.3440,58,0x5CA9,1.4750,0xD41F,1.8780,0xC307,1.9250,0x4A10,2.3180,,nan,,nan,,nan,,nan,-0.96069,0.15649,0.01489,-0.12207,-0.06104,-0.54932,3.940
1781376826.853365,153621,FAST,0,1,-0.5550,0.0740,0.3440,58,0x5CA9,1.4750,0xD41F,1.8780,0xC307,1.9250,0x4A10,2.3180,,nan,,nan,,nan,,nan,-0.96118,0.15625,0.01709,-0.18311,-0.12207,-0.36621,3.940
1781376826.8832402,153641,FAST,0,1,-0.5550,0.0740,0.3440,58,0x5CA9,1.4750,0xD41F,1.8780,0xC307,1.9250,0x4A10,2.3180,,nan,,nan,,nan,,nan,-0.96094,0.15747,0.01538,-0.18311,-0.12207,-0.36621,3.940
1781376826.892898,153661,FAST,0,1,-0.5550,0.0740,0.3440,58,0x5CA9,1.4750,0xD41F,1.8780,0xC307,1.9250,0x4A10,2.3180,,nan,,nan,,nan,,nan,-0.95996,0.15649,0.01660,-0.24414,-0.12207,-0.42725,3.940
1781376826.9385674,153681,FAST,0,1,-0.5550,0.0740,0.3440,58,0x5CA9,1.4750,0xD41F,1.8780,0xC307,1.9250,0x4A10,2.3180,,nan,,nan,,nan,,nan,-0.96167,0.15698,0.01709,-0.30518,-0.12207,-0.48828,3.940
1781376826.938715,153695,UWB,1,1,-0.5550,0.0700,0.3650,61,0x5CA9,1.4800,0xD41F,1.8070,0xC307,1.9200,0x4A10,2.2430,,nan,,nan,,nan,,nan,-0.96167,0.15698,0.01709,-0.30518,-0.12207,-0.48828,3.940
1781376826.9388032,153701,FAST,0,1,-0.5550,0.0700,0.3650,61,0x5CA9,1.4800,0xD41F,1.8070,0xC307,1.9200,0x4A10,2.2430,,nan,,nan,,nan,,nan,-0.96289,0.15869,0.01416,-0.36621,0.00000,-0.30518,3.940
1781376826.9530172,153721,FAST,0,1,-0.5550,0.0700,0.3650,61,0x5CA9,1.4800,0xD41F,1.8070,0xC307,1.9200,0x4A10,2.2430,,nan,,nan,,nan,,nan,-0.96143,0.15576,0.01587,-0.24414,-0.24414,-0.42725,3.940
1781376826.973189,153741,FAST,0,1,-0.5550,0.0700,0.3650,61,0x5CA9,1.4800,0xD41F,1.8070,0xC307,1.9200,0x4A10,2.2430,,nan,,nan,,nan,,nan,-0.96191,0.15649,0.01685,-0.18311,-0.12207,-0.42725,3.940
1781376826.9942734,153761,FAST,0,1,-0.5550,0.0700,0.3650,61,0x5CA9,1.4800,0xD41F,1.8070,0xC307,1.9200,0x4A10,2.2430,,nan,,nan,,nan,,nan,-0.96069,0.15674,0.01685,-0.24414,0.00000,-0.48828,3.940
1781376827.0132818,153781,FAST,0,1,-0.5550,0.0700,0.3650,61,0x5CA9,1.4800,0xD41F,1.8070,0xC307,1.9200,0x4A10,2.2430,,nan,,nan,,nan,,nan,-0.96143,0.15576,0.01562,-0.18311,-0.06104,-0.42725,3.940
1781376827.0472877,153795,UWB,1,1,-0.5430,0.0690,0.3620,55,0x5CA9,1.4750,0xD41F,1.8210,0xC307,1.9390,0x4A10,2.2430,,nan,,nan,,nan,,nan,-0.96143,0.15576,0.01562,-0.18311,-0.06104,-0.42725,3.940
1781376827.0474606,153801,FAST,0,1,-0.5430,0.0690,0.3620,55,0x5CA9,1.4750,0xD41F,1.8210,0xC307,1.9390,0x4A10,2.2430,,nan,,nan,,nan,,nan,-0.96240,0.15625,0.01587,-0.18311,-0.06104,-0.42725,3.940
1781376827.058328,153821,FAST,0,1,-0.5430,0.0690,0.3620,55,0x5CA9,1.4750,0xD41F,1.8210,0xC307,1.9390,0x4A10,2.2430,,nan,,nan,,nan,,nan,-0.96167,0.15674,0.01807,-0.30518,-0.24414,-0.54932,3.940
1781376827.0764852,153841,FAST,0,1,-0.5430,0.0690,0.3620,55,0x5CA9,1.4750,0xD41F,1.8210,0xC307,1.9390,0x4A10,2.2430,,nan,,nan,,nan,,nan,-0.96216,0.15771,0.01660,-0.18311,-0.30518,-0.24414,3.940
1781376827.0934825,153861,FAST,0,1,-0.5430,0.0690,0.3620,55,0x5CA9,1.4750,0xD41F,1.8210,0xC307,1.9390,0x4A10,2.2430,,nan,,nan,,nan,,nan,-0.96143,0.15796,0.01636,-0.18311,-0.30518,-0.42725,3.940
1781376827.1128163,153881,FAST,0,1,-0.5430,0.0690,0.3620,55,0x5CA9,1.4750,0xD41F,1.8210,0xC307,1.9390,0x4A10,2.2430,,nan,,nan,,nan,,nan,-0.96021,0.15723,0.01685,-0.12207,-0.30518,-0.36621,3.940
1781376827.127216,153895,UWB,1,1,-0.5460,0.0570,0.3810,61,0x5CA9,1.4560,0xD41F,1.8400,0xC307,1.9390,0x4A10,2.2810,,nan,,nan,,nan,,nan,-0.96021,0.15723,0.01685,-0.12207,-0.30518,-0.36621,3.940
1781376827.1334443,153901,FAST,0,1,-0.5460,0.0570,0.3810,61,0x5CA9,1.4560,0xD41F,1.8400,0xC307,1.9390,0x4A10,2.2810,,nan,,nan,,nan,,nan,-0.96216,0.15698,0.01514,-0.18311,-0.18311,-0.48828,3.940
1781376827.1773126,153921,FAST,0,1,-0.5460,0.0570,0.3810,61,0x5CA9,1.4560,0xD41F,1.8400,0xC307,1.9390,0x4A10,2.2810,,nan,,nan,,nan,,nan,-0.96118,0.15820,0.01709,-0.24414,-0.18311,-0.42725,3.940
1781376827.1774907,153941,FAST,0,1,-0.5460,0.0570,0.3810,61,0x5CA9,1.4560,0xD41F,1.8400,0xC307,1.9390,0x4A10,2.2810,,nan,,nan,,nan,,nan,-0.96143,0.15723,0.01538,-0.18311,-0.24414,-0.42725,3.940
1781376827.1952808,153961,FAST,0,1,-0.5460,0.0570,0.3810,61,0x5CA9,1.4560,0xD41F,1.8400,0xC307,1.9390,0x4A10,2.2810,,nan,,nan,,nan,,nan,-0.96045,0.15771,0.01611,-0.18311,-0.24414,-0.48828,3.940
1781376827.2128465,153981,FAST,0,1,-0.5460,0.0570,0.3810,61,0x5CA9,1.4560,0xD41F,1.8400,0xC307,1.9390,0x4A10,2.2810,,nan,,nan,,nan,,nan,-0.95898,0.15625,0.01514,-0.18311,-0.12207,-0.36621,3.940
1781376827.2301435,153995,UWB,1,1,-0.5470,0.0500,0.3730,55,0x5CA9,1.4560,0xD41F,1.8640,0xC307,1.9530,0x4A10,2.2520,,nan,,nan,,nan,,nan,-0.95898,0.15625,0.01514,-0.18311,-0.12207,-0.36621,3.940
1781376827.2372642,154001,FAST,0,1,-0.5470,0.0500,0.3730,55,0x5CA9,1.4560,0xD41F,1.8640,0xC307,1.9530,0x4A10,2.2520,,nan,,nan,,nan,,nan,-0.96069,0.15723,0.01587,-0.12207,-0.24414,-0.42725,3.940
1781376827.253222,154021,FAST,0,1,-0.5470,0.0500,0.3730,55,0x5CA9,1.4560,0xD41F,1.8640,0xC307,1.9530,0x4A10,2.2520,,nan,,nan,,nan,,nan,-0.96338,0.15747,0.01807,-0.12207,-0.18311,-0.30518,3.940
1781376827.282804,154041,FAST,0,1,-0.5470,0.0500,0.3730,55,0x5CA9,1.4560,0xD41F,1.8640,0xC307,1.9530,0x4A10,2.2520,,nan,,nan,,nan,,nan,-0.95972,0.15674,0.01636,-0.24414,-0.18311,-0.30518,3.940
1781376827.296913,154061,FAST,0,1,-0.5470,0.0500,0.3730,55,0x5CA9,1.4560,0xD41F,1.8640,0xC307,1.9530,0x4A10,2.2520,,nan,,nan,,nan,,nan,-0.96216,0.15698,0.01782,-0.18311,-0.18311,-0.30518,3.940
1781376827.3129761,154081,FAST,0,1,-0.5470,0.0500,0.3730,55,0x5CA9,1.4560,0xD41F,1.8640,0xC307,1.9530,0x4A10,2.2520,,nan,,nan,,nan,,nan,-0.96094,0.15747,0.01855,-0.18311,-0.18311,-0.42725,3.940
1781376827.331345,154095,UWB,1,1,-0.5230,0.0670,0.2700,36,0x5CA9,1.4750,0xD41F,1.8680,0xC307,1.9110,0x4A10,2.3230,,nan,,nan,,nan,,nan,-0.96094,0.15747,0.01855,-0.18311,-0.18311,-0.42725,3.940
1781376827.3700898,154101,FAST,0,1,-0.5230,0.0670,0.2700,36,0x5CA9,1.4750,0xD41F,1.8680,0xC307,1.9110,0x4A10,2.3230,,nan,,nan,,nan,,nan,-0.96094,0.15698,0.01489,-0.18311,-0.30518,-0.24414,3.942
1781376827.3703818,154121,FAST,0,1,-0.5230,0.0670,0.2700,36,0x5CA9,1.4750,0xD41F,1.8680,0xC307,1.9110,0x4A10,2.3230,,nan,,nan,,nan,,nan,-0.96240,0.15625,0.01562,-0.24414,-0.18311,-0.42725,3.942
1781376827.3771482,154141,FAST,0,1,-0.5230,0.0670,0.2700,36,0x5CA9,1.4750,0xD41F,1.8680,0xC307,1.9110,0x4A10,2.3230,,nan,,nan,,nan,,nan,-0.96045,0.15625,0.01636,-0.12207,-0.30518,-0.36621,3.942
1781376827.4091196,154161,FAST,0,1,-0.5230,0.0670,0.2700,36,0x5CA9,1.4750,0xD41F,1.8680,0xC307,1.9110,0x4A10,2.3230,,nan,,nan,,nan,,nan,-0.96313,0.15820,0.01538,-0.12207,-0.30518,-0.36621,3.942
1781376827.4129038,154181,FAST,0,1,-0.5230,0.0670,0.2700,36,0x5CA9,1.4750,0xD41F,1.8680,0xC307,1.9110,0x4A10,2.3230,,nan,,nan,,nan,,nan,-0.96265,0.15747,0.01587,-0.30518,-0.24414,-0.48828,3.942
1781376827.427242,154195,UWB,1,1,-0.5100,0.0660,0.3070,58,0x5CA9,1.4520,0xD41F,1.7840,0xC307,1.9580,0x4A10,2.3790,,nan,,nan,,nan,,nan,-0.96265,0.15747,0.01587,-0.30518,-0.24414,-0.48828,3.942
1781376827.4330993,154201,FAST,0,1,-0.5100,0.0660,0.3070,58,0x5CA9,1.4520,0xD41F,1.7840,0xC307,1.9580,0x4A10,2.3790,,nan,,nan,,nan,,nan,-0.96191,0.15601,0.01782,-0.24414,-0.30518,-0.42725,3.942
1781376827.4529033,154221,FAST,0,1,-0.5100,0.0660,0.3070,58,0x5CA9,1.4520,0xD41F,1.7840,0xC307,1.9580,0x4A10,2.3790,,nan,,nan,,nan,,nan,-0.96045,0.15625,0.01709,0.00000,-0.18311,-0.48828,3.942
1781376827.4875972,154241,FAST,0,1,-0.5100,0.0660,0.3070,58,0x5CA9,1.4520,0xD41F,1.7840,0xC307,1.9580,0x4A10,2.3790,,nan,,nan,,nan,,nan,-0.96191,0.15747,0.01685,-0.18311,-0.18311,-0.36621,3.942
1781376827.5241768,154261,FAST,0,1,-0.5100,0.0660,0.3070,58,0x5CA9,1.4520,0xD41F,1.7840,0xC307,1.9580,0x4A10,2.3790,,nan,,nan,,nan,,nan,-0.96143,0.15625,0.01709,-0.18311,-0.24414,-0.30518,3.942
1781376827.5243466,154281,FAST,0,1,-0.5100,0.0660,0.3070,58,0x5CA9,1.4520,0xD41F,1.7840,0xC307,1.9580,0x4A10,2.3790,,nan,,nan,,nan,,nan,-0.96143,0.15747,0.01685,-0.12207,-0.42725,-0.30518,3.942
1781376827.529305,154295,UWB,1,1,-0.5040,0.0840,0.2960,49,0x5CA9,1.5270,0xD41F,1.8640,0xC307,1.9250,0x4A10,2.3040,,nan,,nan,,nan,,nan,-0.96143,0.15747,0.01685,-0.12207,-0.42725,-0.30518,3.942
1781376827.5370948,154301,FAST,0,1,-0.5040,0.0840,0.2960,49,0x5CA9,1.5270,0xD41F,1.8640,0xC307,1.9250,0x4A10,2.3040,,nan,,nan,,nan,,nan,-0.96143,0.15698,0.01611,-0.18311,-0.06104,-0.48828,3.942
1781376827.5555124,154321,FAST,0,1,-0.5040,0.0840,0.2960,49,0x5CA9,1.5270,0xD41F,1.8640,0xC307,1.9250,0x4A10,2.3040,,nan,,nan,,nan,,nan,-0.96240,0.15625,0.01831,-0.12207,-0.24414,-0.48828,3.942
1781376827.5885015,154341,FAST,0,1,-0.5040,0.0840,0.2960,49,0x5CA9,1.5270,0xD41F,1.8640,0xC307,1.9250,0x4A10,2.3040,,nan,,nan,,nan,,nan,-0.96094,0.15625,0.01514,-0.24414,-0.18311,-0.36621,3.942
1781376827.5926073,154361,FAST,0,1,-0.5040,0.0840,0.2960,49,0x5CA9,1.5270,0xD41F,1.8640,0xC307,1.9250,0x4A10,2.3040,,nan,,nan,,nan,,nan,-0.96118,0.15649,0.01611,-0.12207,-0.24414,-0.42725,3.942
1781376827.6453526,154381,FAST,0,1,-0.5040,0.0840,0.2960,49,0x5CA9,1.5270,0xD41F,1.8640,0xC307,1.9250,0x4A10,2.3040,,nan,,nan,,nan,,nan,-0.96094,0.15723,0.01709,-0.18311,-0.12207,-0.36621,3.942
1781376827.6456316,154395,UWB,1,1,-0.4570,0.1050,0.2330,39,0x5CA9,1.4370,0xD41F,1.8120,0xC307,1.9530,0x4A10,2.4350,,nan,,nan,,nan,,nan,-0.96094,0.15723,0.01709,-0.18311,-0.12207,-0.36621,3.942
1781376827.645749,154401,FAST,0,1,-0.4570,0.1050,0.2330,39,0x5CA9,1.4370,0xD41F,1.8120,0xC307,1.9530,0x4A10,2.4350,,nan,,nan,,nan,,nan,-0.96191,0.15576,0.01587,-0.12207,-0.18311,-0.42725,3.942
1781376827.6544666,154421,FAST,0,1,-0.4570,0.1050,0.2330,39,0x5CA9,1.4370,0xD41F,1.8120,0xC307,1.9530,0x4A10,2.4350,,nan,,nan,,nan,,nan,-0.96143,0.15649,0.01587,-0.12207,-0.18311,-0.48828,3.942
1781376827.6742773,154441,FAST,0,1,-0.4570,0.1050,0.2330,39,0x5CA9,1.4370,0xD41F,1.8120,0xC307,1.9530,0x4A10,2.4350,,nan,,nan,,nan,,nan,-0.96191,0.15674,0.01660,-0.12207,-0.06104,-0.30518,3.942
1781376827.695283,154461,FAST,0,1,-0.4570,0.1050,0.2330,39,0x5CA9,1.4370,0xD41F,1.8120,0xC307,1.9530,0x4A10,2.4350,,nan,,nan,,nan,,nan,-0.96045,0.15576,0.01636,-0.24414,-0.30518,-0.36621,3.942
1781376827.7172613,154481,FAST,0,1,-0.4570,0.1050,0.2330,39,0x5CA9,1.4370,0xD41F,1.8120,0xC307,1.9530,0x4A10,2.4350,,nan,,nan,,nan,,nan,-0.96240,0.15771,0.01782,-0.12207,-0.24414,-0.30518,3.942
1781376827.7273335,154495,UWB,1,1,-0.4620,0.1100,0.1680,35,0x5CA9,1.4750,0xD41F,1.8540,0xC307,1.9060,0x4A10,2.2710,,nan,,nan,,nan,,nan,-0.96240,0.15771,0.01782,-0.12207,-0.24414,-0.30518,3.942
1781376827.7558308,154501,FAST,0,1,-0.4620,0.1100,0.1680,35,0x5CA9,1.4750,0xD41F,1.8540,0xC307,1.9060,0x4A10,2.2710,,nan,,nan,,nan,,nan,-0.96069,0.15625,0.01611,-0.12207,-0.30518,-0.42725,3.942
1781376827.7559547,154521,FAST,0,1,-0.4620,0.1100,0.1680,35,0x5CA9,1.4750,0xD41F,1.8540,0xC307,1.9060,0x4A10,2.2710,,nan,,nan,,nan,,nan,-0.96045,0.15503,0.02002,-0.12207,-0.24414,-0.36621,3.942
1781376827.788949,154541,FAST,0,1,-0.4620,0.1100,0.1680,35,0x5CA9,1.4750,0xD41F,1.8540,0xC307,1.9060,0x4A10,2.2710,,nan,,nan,,nan,,nan,-0.96289,0.15845,0.01611,-0.12207,-0.24414,-0.30518,3.942
1781376827.7940552,154561,FAST,0,1,-0.4620,0.1100,0.1680,35,0x5CA9,1.4750,0xD41F,1.8540,0xC307,1.9060,0x4A10,2.2710,,nan,,nan,,nan,,nan,-0.96143,0.15503,0.01538,-0.18311,-0.24414,-0.48828,3.942
1781376827.8209968,154581,FAST,0,1,-0.4620,0.1100,0.1680,35,0x5CA9,1.4750,0xD41F,1.8540,0xC307,1.9060,0x4A10,2.2710,,nan,,nan,,nan,,nan,-0.96143,0.15674,0.01440,-0.18311,-0.30518,-0.48828,3.942
1781376827.8293962,154595,UWB,1,1,-0.4910,0.0940,0.2340,62,0x5CA9,1.4890,0xD41F,1.8310,0xC307,1.9060,0x4A10,2.3270,,nan,,nan,,nan,,nan,-0.96143,0.15674,0.01440,-0.18311,-0.30518,-0.48828,3.942
1781376827.833095,154601,FAST,0,1,-0.4910,0.0940,0.2340,62,0x5CA9,1.4890,0xD41F,1.8310,0xC307,1.9060,0x4A10,2.3270,,nan,,nan,,nan,,nan,-0.96118,0.15796,0.01685,-0.18311,-0.18311,-0.36621,3.940
1781376827.8730981,154621,FAST,0,1,-0.4910,0.0940,0.2340,62,0x5CA9,1.4890,0xD41F,1.8310,0xC307,1.9060,0x4A10,2.3270,,nan,,nan,,nan,,nan,-0.96240,0.15625,0.01807,0.00000,-0.18311,-0.30518,3.940
1781376827.8732655,154641,FAST,0,1,-0.4910,0.0940,0.2340,62,0x5CA9,1.4890,0xD41F,1.8310,0xC307,1.9060,0x4A10,2.3270,,nan,,nan,,nan,,nan,-0.96191,0.15649,0.01514,0.00000,-0.30518,-0.42725,3.940
1781376827.9029746,154661,FAST,0,1,-0.4910,0.0940,0.2340,62,0x5CA9,1.4890,0xD41F,1.8310,0xC307,1.9060,0x4A10,2.3270,,nan,,nan,,nan,,nan,-0.96094,0.15723,0.01587,-0.18311,-0.30518,-0.30518,3.940
1781376827.9324338,154681,FAST,0,1,-0.4910,0.0940,0.2340,62,0x5CA9,1.4890,0xD41F,1.8310,0xC307,1.9060,0x4A10,2.3270,,nan,,nan,,nan,,nan,-0.96118,0.15698,0.01562,-0.18311,-0.18311,-0.42725,3.940
1781376827.9325953,154695,UWB,1,1,-0.4800,0.1090,0.1720,37,0x5CA9,1.4800,0xD41F,1.8170,0xC307,1.9060,0x4A10,2.2990,,nan,,nan,,nan,,nan,-0.96118,0.15698,0.01562,-0.18311,-0.18311,-0.42725,3.940
1781376827.945712,154701,FAST,0,1,-0.4800,0.1090,0.1720,37,0x5CA9,1.4800,0xD41F,1.8170,0xC307,1.9060,0x4A10,2.2990,,nan,,nan,,nan,,nan,-0.96143,0.15625,0.01416,-0.06104,-0.30518,-0.24414,3.940
1781376827.9620326,154721,FAST,0,1,-0.4800,0.1090,0.1720,37,0x5CA9,1.4800,0xD41F,1.8170,0xC307,1.9060,0x4A10,2.2990,,nan,,nan,,nan,,nan,-0.95996,0.15552,0.01587,-0.24414,-0.12207,-0.24414,3.940
1781376828.030484,154741,FAST,0,1,-0.4800,0.1090,0.1720,37,0x5CA9,1.4800,0xD41F,1.8170,0xC307,1.9060,0x4A10,2.2990,,nan,,nan,,nan,,nan,-0.96143,0.15820,0.01440,-0.12207,-0.06104,-0.42725,3.940
1781376828.0306687,154761,FAST,0,1,-0.4800,0.1090,0.1720,37,0x5CA9,1.4800,0xD41F,1.8170,0xC307,1.9060,0x4A10,2.2990,,nan,,nan,,nan,,nan,-0.96338,0.15723,0.01685,-0.24414,-0.12207,-0.36621,3.940
1781376828.030761,154781,FAST,0,1,-0.4800,0.1090,0.1720,37,0x5CA9,1.4800,0xD41F,1.8170,0xC307,1.9060,0x4A10,2.2990,,nan,,nan,,nan,,nan,-0.95972,0.15723,0.01636,-0.18311,-0.12207,-0.48828,3.940
1781376828.030853,154796,UWB,1,1,-0.5010,0.0980,0.2240,58,0x5CA9,1.4980,0xD41F,1.8310,0xC307,1.9060,0x4A10,2.2850,,nan,,nan,,nan,,nan,-0.95972,0.15723,0.01636,-0.18311,-0.12207,-0.48828,3.940
1781376828.0328975,154801,FAST,0,1,-0.5010,0.0980,0.2240,58,0x5CA9,1.4980,0xD41F,1.8310,0xC307,1.9060,0x4A10,2.2850,,nan,,nan,,nan,,nan,-0.96045,0.15747,0.01465,-0.12207,-0.06104,-0.42725,3.940
1781376828.0664864,154821,FAST,0,1,-0.5010,0.0980,0.2240,58,0x5CA9,1.4980,0xD41F,1.8310,0xC307,1.9060,0x4A10,2.2850,,nan,,nan,,nan,,nan,-0.95972,0.15723,0.01636,-0.24414,-0.30518,-0.24414,3.940
1781376828.0730526,154841,FAST,0,1,-0.5010,0.0980,0.2240,58,0x5CA9,1.4980,0xD41F,1.8310,0xC307,1.9060,0x4A10,2.2850,,nan,,nan,,nan,,nan,-0.96021,0.15698,0.01465,-0.06104,-0.30518,-0.54932,3.940
1781376828.1091392,154861,FAST,0,1,-0.5010,0.0980,0.2240,58,0x5CA9,1.4980,0xD41F,1.8310,0xC307,1.9060,0x4A10,2.2850,,nan,,nan,,nan,,nan,-0.96143,0.15723,0.01733,-0.36621,-0.06104,-0.42725,3.940
1781376828.1136858,154881,FAST,0,1,-0.5010,0.0980,0.2240,58,0x5CA9,1.4980,0xD41F,1.8310,0xC307,1.9060,0x4A10,2.2850,,nan,,nan,,nan,,nan,-0.96045,0.15698,0.01636,-0.12207,-0.42725,-0.54932,3.940
1781376828.1326604,154895,UWB,1,1,-0.5140,0.0910,0.2520,55,0x5CA9,1.4940,0xD41F,1.8400,0xC307,1.9200,0x4A10,2.2850,,nan,,nan,,nan,,nan,-0.96045,0.15698,0.01636,-0.12207,-0.42725,-0.54932,3.940
1781376828.1328454,154901,FAST,0,1,-0.5140,0.0910,0.2520,55,0x5CA9,1.4940,0xD41F,1.8400,0xC307,1.9200,0x4A10,2.2850,,nan,,nan,,nan,,nan,-0.96045,0.15747,0.01611,-0.30518,-0.18311,-0.36621,3.940
1781376828.152834,154921,FAST,0,1,-0.5140,0.0910,0.2520,55,0x5CA9,1.4940,0xD41F,1.8400,0xC307,1.9200,0x4A10,2.2850,,nan,,nan,,nan,,nan,-0.96191,0.15601,0.01685,0.06104,-0.24414,-0.42725,3.940
1781376828.1729596,154941,FAST,0,1,-0.5140,0.0910,0.2520,55,0x5CA9,1.4940,0xD41F,1.8400,0xC307,1.9200,0x4A10,2.2850,,nan,,nan,,nan,,nan,-0.96118,0.15723,0.01538,-0.18311,-0.18311,-0.36621,3.940
1781376828.1962833,154961,FAST,0,1,-0.5140,0.0910,0.2520,55,0x5CA9,1.4940,0xD41F,1.8400,0xC307,1.9200,0x4A10,2.2850,,nan,,nan,,nan,,nan,-0.96240,0.15649,0.01636,-0.24414,-0.36621,-0.30518,3.940
1781376828.2422464,154981,FAST,0,1,-0.5140,0.0910,0.2520,55,0x5CA9,1.4940,0xD41F,1.8400,0xC307,1.9200,0x4A10,2.2850,,nan,,nan,,nan,,nan,-0.96240,0.15747,0.01514,-0.24414,-0.24414,-0.36621,3.940
1781376828.2424283,154995,UWB,1,1,-0.5350,0.1100,0.3000,64,0x5CA9,1.4840,0xD41F,1.8360,0xC307,1.8970,0x4A10,2.2570,,nan,,nan,,nan,,nan,-0.96240,0.15747,0.01514,-0.24414,-0.24414,-0.36621,3.940
1781376828.2425642,155001,FAST,0,1,-0.5350,0.1100,0.3000,64,0x5CA9,1.4840,0xD41F,1.8360,0xC307,1.8970,0x4A10,2.2570,,nan,,nan,,nan,,nan,-0.95996,0.15674,0.01611,-0.12207,-0.24414,-0.36621,3.940
1781376828.2527788,155021,FAST,0,1,-0.5350,0.1100,0.3000,64,0x5CA9,1.4840,0xD41F,1.8360,0xC307,1.8970,0x4A10,2.2570,,nan,,nan,,nan,,nan,-0.96216,0.15552,0.01807,-0.06104,-0.30518,-0.36621,3.940
1781376828.2733626,155041,FAST,0,1,-0.5350,0.1100,0.3000,64,0x5CA9,1.4840,0xD41F,1.8360,0xC307,1.8970,0x4A10,2.2570,,nan,,nan,,nan,,nan,-0.96094,0.15845,0.01489,-0.24414,0.00000,-0.42725,3.940
1781376828.2990594,155061,FAST,0,1,-0.5350,0.1100,0.3000,64,0x5CA9,1.4840,0xD41F,1.8360,0xC307,1.8970,0x4A10,2.2570,,nan,,nan,,nan,,nan,-0.96143,0.15601,0.01636,-0.12207,-0.12207,-0.42725,3.940
1781376828.3146257,155081,FAST,0,1,-0.5350,0.1100,0.3000,64,0x5CA9,1.4840,0xD41F,1.8360,0xC307,1.8970,0x4A10,2.2570,,nan,,nan,,nan,,nan,-0.96167,0.15723,0.01392,-0.30518,-0.18311,-0.61035,3.940
1781376828.3504484,155095,UWB,1,1,-0.5240,0.1040,0.3040,52,0x5CA9,1.4840,0xD41F,1.8170,0xC307,1.9430,0x4A10,2.3650,,nan,,nan,,nan,,nan,-0.96167,0.15723,0.01392,-0.30518,-0.18311,-0.61035,3.940
1781376828.3506649,155101,FAST,0,1,-0.5240,0.1040,0.3040,52,0x5CA9,1.4840,0xD41F,1.8170,0xC307,1.9430,0x4A10,2.3650,,nan,,nan,,nan,,nan,-0.96045,0.15723,0.01587,-0.06104,-0.18311,-0.42725,3.942
1781376828.3530667,155121,FAST,0,1,-0.5240,0.1040,0.3040,52,0x5CA9,1.4840,0xD41F,1.8170,0xC307,1.9430,0x4A10,2.3650,,nan,,nan,,nan,,nan,-0.96191,0.15576,0.01611,-0.12207,-0.30518,-0.48828,3.942
1781376828.3728597,155141,FAST,0,1,-0.5240,0.1040,0.3040,52,0x5CA9,1.4840,0xD41F,1.8170,0xC307,1.9430,0x4A10,2.3650,,nan,,nan,,nan,,nan,-0.96069,0.15723,0.01440,-0.06104,-0.30518,-0.42725,3.942
1781376828.3931003,155161,FAST,0,1,-0.5240,0.1040,0.3040,52,0x5CA9,1.4840,0xD41F,1.8170,0xC307,1.9430,0x4A10,2.3650,,nan,,nan,,nan,,nan,-0.96216,0.15649,0.01660,-0.18311,-0.12207,-0.30518,3.942
1781376828.4128382,155181,FAST,0,1,-0.5240,0.1040,0.3040,52,0x5CA9,1.4840,0xD41F,1.8170,0xC307,1.9430,0x4A10,2.3650,,nan,,nan,,nan,,nan,-0.96289,0.15674,0.01465,-0.24414,0.00000,-0.36621,3.942
1781376828.427299,155195,UWB,1,1,-0.5250,0.1070,0.3560,66,0x5CA9,1.5030,0xD41F,1.8210,0xC307,1.9810,0x4A10,2.2480,,nan,,nan,,nan,,nan,-0.96289,0.15674,0.01465,-0.24414,0.00000,-0.36621,3.942
1781376828.4330146,155201,FAST,0,1,-0.5250,0.1070,0.3560,66,0x5CA9,1.5030,0xD41F,1.8210,0xC307,1.9810,0x4A10,2.2480,,nan,,nan,,nan,,nan,-0.96094,0.15674,0.01587,-0.24414,-0.30518,-0.42725,3.942
1781376828.4720554,155221,FAST,0,1,-0.5250,0.1070,0.3560,66,0x5CA9,1.5030,0xD41F,1.8210,0xC307,1.9810,0x4A10,2.2480,,nan,,nan,,nan,,nan,-0.96216,0.15649,0.01685,-0.12207,-0.24414,-0.48828,3.942
1781376828.472769,155241,FAST,0,1,-0.5250,0.1070,0.3560,66,0x5CA9,1.5030,0xD41F,1.8210,0xC307,1.9810,0x4A10,2.2480,,nan,,nan,,nan,,nan,-0.96167,0.15674,0.01562,-0.24414,-0.18311,-0.42725,3.942
1781376828.5105274,155261,FAST,0,1,-0.5250,0.1070,0.3560,66,0x5CA9,1.5030,0xD41F,1.8210,0xC307,1.9810,0x4A10,2.2480,,nan,,nan,,nan,,nan,-0.96045,0.15649,0.01636,-0.30518,-0.06104,-0.48828,3.942
1781376828.5126054,155281,FAST,0,1,-0.5250,0.1070,0.3560,66,0x5CA9,1.5030,0xD41F,1.8210,0xC307,1.9810,0x4A10,2.2480,,nan,,nan,,nan,,nan,-0.96265,0.15625,0.01514,-0.24414,-0.12207,-0.42725,3.942
1781376828.5273464,155295,UWB,1,1,-0.5270,0.1020,0.3400,52,0x5CA9,1.5030,0xD41F,1.8360,0xC307,1.9250,0x4A10,2.2950,,nan,,nan,,nan,,nan,-0.96265,0.15625,0.01514,-0.24414,-0.12207,-0.42725,3.942
1781376828.5354412,155301,FAST,0,1,-0.5270,0.1020,0.3400,52,0x5CA9,1.5030,0xD41F,1.8360,0xC307,1.9250,0x4A10,2.2950,,nan,,nan,,nan,,nan,-0.96021,0.15601,0.01318,-0.24414,-0.18311,-0.48828,3.942
1781376828.5552366,155321,FAST,0,1,-0.5270,0.1020,0.3400,52,0x5CA9,1.5030,0xD41F,1.8360,0xC307,1.9250,0x4A10,2.2950,,nan,,nan,,nan,,nan,-0.96191,0.15723,0.01538,-0.12207,-0.18311,-0.48828,3.942
1781376828.5815377,155341,FAST,0,1,-0.5270,0.1020,0.3400,52,0x5CA9,1.5030,0xD41F,1.8360,0xC307,1.9250,0x4A10,2.2950,,nan,,nan,,nan,,nan,-0.96167,0.15771,0.01392,-0.12207,-0.18311,-0.42725,3.942
1781376828.5940945,155361,FAST,0,1,-0.5270,0.1020,0.3400,52,0x5CA9,1.5030,0xD41F,1.8360,0xC307,1.9250,0x4A10,2.2950,,nan,,nan,,nan,,nan,-0.95996,0.15649,0.01514,-0.30518,-0.24414,-0.42725,3.942
1781376828.6135137,155381,FAST,0,1,-0.5270,0.1020,0.3400,52,0x5CA9,1.5030,0xD41F,1.8360,0xC307,1.9250,0x4A10,2.2950,,nan,,nan,,nan,,nan,-0.96191,0.15649,0.01611,-0.30518,-0.30518,-0.48828,3.942
1781376828.6277065,155395,UWB,1,1,-0.5120,0.0970,0.3150,47,0x5CA9,1.4840,0xD41F,1.8450,0xC307,1.9670,0x4A10,2.2710,,nan,,nan,,nan,,nan,-0.96191,0.15649,0.01611,-0.30518,-0.30518,-0.48828,3.942
1781376828.6434016,155401,FAST,0,1,-0.5120,0.0970,0.3150,47,0x5CA9,1.4840,0xD41F,1.8450,0xC307,1.9670,0x4A10,2.2710,,nan,,nan,,nan,,nan,-0.96313,0.15625,0.01465,-0.12207,-0.06104,-0.54932,3.942
1781376828.6558182,155421,FAST,0,1,-0.5120,0.0970,0.3150,47,0x5CA9,1.4840,0xD41F,1.8450,0xC307,1.9670,0x4A10,2.2710,,nan,,nan,,nan,,nan,-0.96094,0.15698,0.01660,-0.24414,-0.24414,-0.30518,3.942
1781376828.7159812,155441,FAST,0,1,-0.5120,0.0970,0.3150,47,0x5CA9,1.4840,0xD41F,1.8450,0xC307,1.9670,0x4A10,2.2710,,nan,,nan,,nan,,nan,-0.96094,0.15723,0.01489,-0.06104,-0.18311,-0.36621,3.942
