Time,POSX,POSY,POSZ
1775751034.4415157,-2.51,1.76,2.06
1775751034.4472294,-2.48,1.75,2.11
1775751034.451396,-2.47,1.76,2.14
1775751034.456355,-2.55,1.77,2.07
1775751034.4624875,-2.51,1.76,2.08
