Time,POSX,POSY,POSZ
1775751034.4415157,-2.51,1.76,2.06
1775751034.4472294,-2.48,1.75,2.11
1775751034.451396,-2.4746,1.7554,2.1263
1775751034.456355,-2.5091,1.7624,2.1011
1775751034.4624875,-2.5135,1.7623,2.0885
