Time,POSX,POSY,POSZ
1775746002.4863744,-1.49,0.71,0.57
1775746002.4880013,-1.51,0.72,0.56
1775746002.4895303,-1.5153,0.72,0.5653
1775746002.4903595,-1.5093,0.7161,0.5671
1775746002.4932656,-1.5059,0.7138,0.5683
1775746002.4950733,-1.5003,0.7158,0.5621
1775746002.4982262,-1.5031,0.7136,0.5647
1775746002.4999435,-1.5053,0.7122,0.5665
1775746002.5030274,-1.5033,0.711,0.5679
1775746002.5065262,-1.4863,0.7063,0.5728
