Time,POSX,POSY,POSZ
1775746002.4863744,-1.49,0.71,0.57
1775746002.4880013,-1.51,0.72,0.56
1775746002.4895303,-1.52,0.72,0.57
1775746002.4903595,-1.5,0.71,0.57
1775746002.4932656,-1.5,0.71,0.57
1775746002.4950733,-1.49,0.72,0.55
1775746002.4982262,-1.51,0.71,0.57
1775746002.4999435,-1.51,0.71,0.57
1775746002.5030274,-1.5,0.71,0.57
1775746002.5065262,-1.46,0.7,0.58
