Time,POSX,POSY,POSZ
1779991915.0853443,nan,nan,nan
1779991915.0866535,nan,nan,nan
1779991915.0877297,nan,nan,nan
1779991915.0889313,nan,nan,nan
1779991915.090038,nan,nan,nan
1779991915.0930662,nan,nan,nan
1779991915.0941687,nan,nan,nan
1779991915.0956066,nan,nan,nan
1779991915.0969083,nan,nan,nan
1779991915.0986192,nan,nan,nan
1779991915.1009495,nan,nan,nan
1779991915.1023088,nan,nan,nan
1779991915.1033094,nan,nan,nan
1779991915.1043181,nan,nan,nan
1779991915.1053498,nan,nan,nan
1779991915.1066165,nan,nan,nan
1779991915.1193042,nan,nan,nan
1779991915.2179232,nan,nan,nan
1779991915.3182244,nan,nan,nan
1779991915.4186823,nan,nan,nan
1779991915.51824,nan,nan,nan
1779991915.6192672,nan,nan,nan
1779991915.7191331,nan,nan,nan
1779991915.8180182,nan,nan,nan
1779991915.9182146,nan,nan,nan
1779991916.0181766,nan,nan,nan
1779991916.118122,nan,nan,nan
1779991916.2189562,nan,nan,nan
1779991916.3181903,nan,nan,nan
1779991916.4192348,nan,nan,nan
1779991916.5187008,nan,nan,nan
1779991916.6181014,nan,nan,nan
1779991916.7195468,nan,nan,nan
1779991916.8186789,nan,nan,nan
1779991916.91814,nan,nan,nan
1779991917.018891,nan,nan,nan
1779991917.1189215,nan,nan,nan
1779991917.2185416,nan,nan,nan
