Time,POSX,POSY,POSZ
1775749370.4579175,-1.24,0.47,0.84
1775749370.4637537,-1.22,0.49,0.83
1775749370.4680488,-1.23,0.49,0.82
1775749370.474137,-1.24,0.48,0.83
1775749370.4792075,-1.26,0.49,0.83
