Time,POSX,POSY,POSZ
1776190241.4400766,nan,nan,nan
1776190241.6601932,nan,nan,nan
1776190241.673742,nan,nan,nan
1776190241.7408586,nan,nan,nan
1776190241.840334,nan,nan,nan
1776190241.9413974,nan,nan,nan
1776190242.0444233,nan,nan,nan
1776190242.1390889,nan,nan,nan
1776190242.2448757,nan,nan,nan
1776190242.340663,nan,nan,nan
1776190242.4442527,nan,nan,nan
1776190242.5451076,nan,nan,nan
1776190242.640442,nan,nan,nan
1776190242.740641,nan,nan,nan
1776190242.8405044,nan,nan,nan
1776190242.9465752,nan,nan,nan
1776190243.044485,nan,nan,nan
1776190243.1443124,nan,nan,nan
1776190243.2446473,nan,nan,nan
1776190243.3402224,nan,nan,nan
1776190243.4437506,nan,nan,nan
1776190243.5401075,nan,nan,nan
1776190243.644965,nan,nan,nan
1776190243.7449322,nan,nan,nan
1776190243.8467553,nan,nan,nan
1776190243.949682,nan,nan,nan
1776190244.0517426,nan,nan,nan
1776190244.1435368,nan,nan,nan
1776190244.2467687,nan,nan,nan
1776190244.3409362,nan,nan,nan
1776190244.4476743,nan,nan,nan
1776190244.5435448,nan,nan,nan
1776190244.6467032,nan,nan,nan
1776190244.739924,nan,nan,nan
1776190244.8406122,nan,nan,nan
1776190244.947222,nan,nan,nan
1776190245.0461764,nan,nan,nan
1776190245.144156,nan,nan,nan
1776190245.245432,nan,nan,nan
1776190245.3464174,nan,nan,nan
1776190245.4392772,nan,nan,nan
1776190245.5441976,nan,nan,nan
1776190245.6448655,nan,nan,nan
1776190245.7441208,nan,nan,nan
1776190245.8472967,nan,nan,nan
1776190245.9417298,nan,nan,nan
1776190246.0439663,nan,nan,nan
1776190246.144646,nan,nan,nan
1776190246.2455428,nan,nan,nan
1776190246.3435082,nan,nan,nan
1776190246.444761,nan,nan,nan
1776190246.544799,nan,nan,nan
1776190246.6467662,nan,nan,nan
1776190246.744772,nan,nan,nan
1776190246.8475056,nan,nan,nan
1776190246.9461246,nan,nan,nan
1776190247.045653,nan,nan,nan
1776190247.1445668,nan,nan,nan
1776190247.2451875,nan,nan,nan
1776190247.3438697,nan,nan,nan
1776190247.445851,nan,nan,nan
1776190247.54428,nan,nan,nan
1776190247.6451502,nan,nan,nan
1776190247.7430792,nan,nan,nan
1776190247.8442204,nan,nan,nan
1776190247.9436812,nan,nan,nan
