Time,POSX,POSY,POSZ
1774557782.482597,-1.59,0.02,-0.29
1774557782.482905,-1.44,-0.02,-0.28
1774557782.4832437,-1.44,0.03,-0.32
1774557782.4835668,-1.41,0.09,-0.33
1774557782.4838963,-1.41,0.17,-0.34
1774557782.4842186,-1.35,0.27,-0.29
1774557782.4844584,-1.3,0.35,-0.19
1774557782.4846463,-1.27,0.42,-0.11
