Time,POSX,POSY,POSZ
1774557782.482597,-1.59,0.02,-0.29
1774557782.482905,-1.44,-0.02,-0.28
1774557782.4832437,-1.44,0.0062,-0.301
1774557782.4835668,-1.4285,0.0384,-0.3121
1774557782.4838963,-1.4224,0.0815,-0.3213
1774557782.4842186,-1.4007,0.1382,-0.3119
1774557782.4844584,-1.3718,0.1991,-0.277
1774557782.4846463,-1.3433,0.261,-0.2303
