Time,POSX,POSY,POSZ
1774557782.479911,-2.18,1.15,2.0
1774557782.4803429,-2.11,1.17,1.97
1774557782.4807918,-2.0576,1.1752,2.0067
1774557782.4810305,-2.0393,1.1694,2.0003
1774557782.4813492,-2.0297,1.1565,2.0133
1774557782.4816937,-2.0267,1.1455,2.0093
1774557782.482032,-1.9903,1.1295,1.9952
