Time,POSX,POSY,POSZ
1774557782.479911,-2.18,1.15,2.0
1774557782.4803429,-2.11,1.17,1.97
1774557782.4807918,-2.01,1.18,2.04
1774557782.4810305,-2.01,1.16,1.99
1774557782.4813492,-2.01,1.13,2.04
1774557782.4816937,-2.02,1.12,2.0
1774557782.482032,-1.9,1.09,1.96
