Time,POSX,POSY,POSZ
1775745921.131363,-1.52,0.7,0.57
1775745921.1343162,-1.52,0.71,0.57
1775745921.138827,-1.53,0.71,0.58
1775745921.1412747,-1.54,0.71,0.57
1775745921.145028,-1.51,0.7,0.56
1775745921.146794,-1.51,0.72,0.55
1775745921.149803,-1.48,0.71,0.56
1775745921.1529949,-1.49,0.71,0.57
1775745921.1550176,-1.49,0.7,0.56
1775745921.1588154,-1.46,0.73,0.53
1775745921.169513,-1.48,0.72,0.53
