Time,POSX,POSY,POSZ
1775745921.131363,-1.52,0.7,0.57
1775745921.1343162,-1.52,0.71,0.57
1775745921.138827,-1.5255,0.71,0.5755
1775745921.1412747,-1.5317,0.71,0.5733
1775745921.145028,-1.5236,0.706,0.568
1775745921.146794,-1.5185,0.7109,0.5612
1775745921.149803,-1.5035,0.7107,0.5598
1775745921.1529949,-1.4965,0.7105,0.5627
1775745921.1550176,-1.4927,0.7067,0.5614
1775745921.1588154,-1.4777,0.7152,0.5489
1775745921.169513,-1.4704,0.7187,0.5354
