Time,POSX,POSY,POSZ
1775757601.847961,-1.36,0.06,0.47
1775757601.8533823,-1.38,0.05,0.48
1775757601.8997726,-1.36,0.06,0.48
1775757601.9046972,-1.35,0.07,0.47
1775757601.9106236,-1.37,0.07,0.46
1775757601.9185402,-1.38,0.06,0.46
