Time,POSX,POSY,POSZ
1775751165.0482419,-0.98,0.09,0.58
1775751165.0532134,-1.02,0.08,0.58
1775751165.0589564,-1.02,0.0744,0.5744
1775751165.0650537,-1.025,0.0718,0.5768
1775751165.071092,-1.0182,0.0703,0.5784
1775751165.0765002,-1.0091,0.0696,0.5842
