Time,POSX,POSY,POSZ
1775751165.0482419,-0.98,0.09,0.58
1775751165.0532134,-1.02,0.08,0.58
1775751165.0589564,-1.02,0.07,0.57
1775751165.0650537,-1.03,0.07,0.58
1775751165.071092,-1.01,0.07,0.58
1775751165.0765002,-1.0,0.07,0.59
