Time,POSX,POSY,POSZ
1775748674.8551419,-1.26,0.47,0.81
1775748674.8614697,-1.26,0.47,0.83
1775748674.8660908,-1.25,0.48,0.82
1775748674.869737,-1.26,0.47,0.83
1775748674.8759458,-1.24,0.48,0.84
1775748674.88154,-1.25,0.49,0.83
