Time,POSX,POSY,POSZ
1775745692.3486438,-1.5,0.7,0.56
1775745692.3501956,-1.46,0.69,0.56
1775745692.3867793,-1.48,0.71,0.57
1775745692.3928232,-1.53,0.71,0.59
1775745692.394757,-1.5,0.71,0.57
1775745692.3973732,-1.47,0.72,0.56
1775745692.4007916,-1.49,0.72,0.57
1775745692.4025185,-1.5,0.72,0.56
1775745692.4041133,-1.49,0.72,0.55
1775745692.4079652,-1.49,0.72,0.55
1775745692.415777,-1.46,0.73,0.54
