Time,POSX,POSY,POSZ
1775745692.3486438,-1.5,0.7,0.56
1775745692.3501956,-1.46,0.69,0.56
1775745692.3867793,-1.4777,0.7077,0.5689
1775745692.3928232,-1.5082,0.7101,0.5813
1775745692.394757,-1.5059,0.7105,0.5771
1775745692.3973732,-1.4946,0.7146,0.5715
1775745692.4007916,-1.4946,0.7175,0.5715
1775745692.4025185,-1.4971,0.7188,0.5682
1775745692.4041133,-1.4957,0.7197,0.5629
1775745692.4079652,-1.4957,0.7211,0.5592
1775745692.415777,-1.4869,0.7266,0.553
