Time,POSX,POSY,POSZ
1774294698.2245219,-2.43,2.75,0.86
1774294698.2248526,-2.46,2.76,0.93
1774294698.225254,-2.48,2.77,0.97
1774294698.2254164,-2.49,2.77,1.01
1774294698.2256262,-2.49,2.77,1.03
1774294698.225796,-2.53,2.78,1.07
1774294698.225969,-2.56,2.78,1.1
