Time,POSX,POSY,POSZ
1774294698.2245219,-2.43,2.75,0.86
1774294698.2248526,-2.46,2.76,0.93
1774294698.225254,-2.4705,2.7652,0.951
1774294698.2254164,-2.478,2.7671,0.9737
1774294698.2256262,-2.4819,2.768,0.9921
1774294698.225796,-2.4963,2.7716,1.0154
1774294698.225969,-2.5145,2.774,1.0396
