Time,POSX,POSY,POSZ
1775751012.1619718,-2.16,1.55,2.07
1775751012.1688106,-2.18,1.56,2.01
1775751012.1745255,-2.21,1.55,1.97
1775751012.1796734,-2.22,1.55,1.95
1775751012.1845977,-2.23,1.56,1.93
