Time,POSX,POSY,POSZ
1775751012.1619718,-2.16,1.55,2.07
1775751012.1688106,-2.18,1.56,2.01
1775751012.1745255,-2.1967,1.5544,1.9877
1775751012.1796734,-2.2089,1.552,1.9684
1775751012.1845977,-2.2207,1.5552,1.9475
