Time,POSX,POSY,POSZ
1774557728.4239175,-2.19,1.48,1.93
1774557728.4242702,-2.1,1.32,1.98
1774557728.4246461,-2.0948,1.2938,1.9957
1774557728.424831,-2.0737,1.2731,2.0127
1774557728.4249887,-2.0627,1.2525,2.0412
1774557728.4251394,-2.0379,1.2308,2.0439
1774557728.425287,-2.0242,1.2048,2.0571
1774557728.4254332,-1.9952,1.1811,2.0579
