Time,POSX,POSY,POSZ
1774557728.4239175,-2.19,1.48,1.93
1774557728.4242702,-2.1,1.32,1.98
1774557728.4246461,-2.09,1.27,2.01
1774557728.424831,-2.04,1.24,2.04
1774557728.4249887,-2.04,1.21,2.1
1774557728.4251394,-1.98,1.18,2.05
1774557728.425287,-1.99,1.14,2.09
1774557728.4254332,-1.92,1.12,2.06
