Time,POSX,POSY,POSZ
1774557728.425688,-1.25,0.53,-0.68
1774557728.4258533,-1.22,0.5,-0.62
1774557728.4260223,-1.21,0.49,-0.58
1774557728.4261725,-1.26,0.46,-0.61
1774557728.4263165,-1.32,0.41,-0.66
1774557728.4264674,-1.35,0.37,-0.7
1774557728.426608,-1.36,0.33,-0.77
