Time,POSX,POSY,POSZ
1774557728.425688,-1.25,0.53,-0.68
1774557728.4258533,-1.22,0.5,-0.62
1774557728.4260223,-1.2148,0.4948,-0.5991
1774557728.4261725,-1.2321,0.4814,-0.6033
1774557728.4263165,-1.2608,0.4581,-0.6218
1774557728.4264674,-1.2875,0.4317,-0.6452
1774557728.426608,-1.3082,0.4027,-0.6808
