Time,POSX,POSY,POSZ
1775746615.8137412,-1.49,0.71,0.58
1775746615.8167288,-1.51,0.71,0.57
1775746615.818738,-1.51,0.71,0.5753
1775746615.8203843,-1.5021,0.71,0.5732
1775746615.8232355,-1.49,0.7063,0.5684
