Time,POSX,POSY,POSZ
1774558085.2755847,-1.8,1.42,1.73
1774558085.2765763,-1.78,1.4,1.72
1774558085.276952,-1.7643,1.379,1.7305
1774558085.2771251,-1.7588,1.3909,1.7341
1774558085.2772856,-1.7429,1.3808,1.7263
1774558085.2774374,-1.736,1.3716,1.7304
1774558085.27759,-1.7428,1.3626,1.7388
1774558085.2777357,-1.7337,1.3451,1.742
1774558085.2778804,-1.7272,1.3244,1.7442
