Time,POSX,POSY,POSZ
1774558085.2755847,-1.8,1.42,1.73
1774558085.2765763,-1.78,1.4,1.72
1774558085.276952,-1.75,1.36,1.74
1774558085.2771251,-1.75,1.41,1.74
1774558085.2772856,-1.71,1.36,1.71
1774558085.2774374,-1.72,1.35,1.74
1774558085.27759,-1.76,1.34,1.76
1774558085.2777357,-1.71,1.3,1.75
1774558085.2778804,-1.71,1.27,1.75
