Time,POSX,POSY,POSZ
1775745914.7492394,-1.44,0.73,0.54
1775745914.752402,-1.45,0.71,0.55
1775745914.7553952,-1.4607,0.71,0.55
1775745914.7577915,-1.4729,0.71,0.55
1775745914.7981672,-1.4721,0.71,0.541
1775745914.800196,-1.4711,0.71,0.5351
1775745914.8019216,-1.4627,0.7021,0.5367
1775745914.8047163,-1.4615,0.6976,0.5409
1775745914.8066432,-1.4609,0.6981,0.5435
1775745914.810816,-1.4633,0.6982,0.5451
1775745914.8171782,-1.4585,0.7045,0.5396
