Time,POSX,POSY,POSZ
1775745914.7492394,-1.44,0.73,0.54
1775745914.752402,-1.45,0.71,0.55
1775745914.7553952,-1.47,0.71,0.55
1775745914.7577915,-1.49,0.71,0.55
1775745914.7981672,-1.47,0.71,0.54
1775745914.800196,-1.47,0.71,0.53
1775745914.8019216,-1.45,0.69,0.54
1775745914.8047163,-1.46,0.69,0.55
1775745914.8066432,-1.46,0.7,0.55
1775745914.810816,-1.47,0.7,0.55
1775745914.8171782,-1.45,0.72,0.53
