Time,POSX,POSY,POSZ
1775746158.0802717,-1.5,0.72,0.56
1775746158.0837615,-1.5,0.72,0.56
1775746158.0862174,-1.5,0.7094,0.5653
1775746158.0878377,-1.508,0.7055,0.5712
1775746158.0894296,-1.5054,0.7034,0.578
1775746158.090118,-1.5132,0.7054,0.582
1775746158.0932662,-1.523,0.71,0.5857
1775746158.0954726,-1.5403,0.7136,0.5915
1775746158.0980022,-1.5461,0.7126,0.5923
1775746158.1025748,-1.5438,0.712,0.5893
