Time,POSX,POSY,POSZ
1775746158.0802717,-1.5,0.72,0.56
1775746158.0837615,-1.5,0.72,0.56
1775746158.0862174,-1.5,0.7,0.57
1775746158.0878377,-1.52,0.7,0.58
1775746158.0894296,-1.5,0.7,0.59
1775746158.090118,-1.53,0.71,0.59
1775746158.0932662,-1.54,0.72,0.59
1775746158.0954726,-1.57,0.72,0.6
1775746158.0980022,-1.55,0.71,0.59
1775746158.1025748,-1.53,0.71,0.58
