Time,POSX,POSY,POSZ
1775745104.2695649,-1.44,0.71,0.57
1775745104.2722795,-1.47,0.71,0.58
1775745104.2746131,-1.4753,0.71,0.58
1775745104.277406,-1.4814,0.71,0.5759
1775745104.2803466,-1.4889,0.7138,0.5658
1775745104.2829359,-1.4939,0.7127,0.5591
1775745104.284704,-1.4968,0.7118,0.5585
1775745104.2875676,-1.4993,0.7112,0.5578
1775745104.2895546,-1.4935,0.7143,0.5542
1775745104.2923293,-1.4931,0.713,0.5513
1775745104.2977426,-1.4931,0.7201,0.5442
