Time,POSX,POSY,POSZ
1775745104.2695649,-1.44,0.71,0.57
1775745104.2722795,-1.47,0.71,0.58
1775745104.2746131,-1.48,0.71,0.58
1775745104.277406,-1.49,0.71,0.57
1775745104.2803466,-1.5,0.72,0.55
1775745104.2829359,-1.5,0.71,0.55
1775745104.284704,-1.5,0.71,0.56
1775745104.2875676,-1.5,0.71,0.56
1775745104.2895546,-1.48,0.72,0.55
1775745104.2923293,-1.49,0.71,0.55
1775745104.2977426,-1.49,0.73,0.54
