Time,POSX,POSY,POSZ
1776190255.8762069,1.01,0.22,0.67
1776190255.8816648,0.99,0.23,0.65
1776190255.8871872,1.04,0.21,0.7
1776190255.892721,1.04,0.22,0.7
1776190255.8994434,1.04,0.21,0.69
