Time,POSX,POSY,POSZ
1775746437.5400565,-1.47,0.7,0.56
1775746437.5435426,-1.41,0.7,0.58
1775746437.5462334,-1.42,0.72,0.55
1775746437.548657,-1.44,0.71,0.57
1775746437.551731,-1.45,0.71,0.57
1775746437.5678031,-1.45,0.7,0.56
