Time,POSX,POSY,POSZ
1775746437.5400565,-1.47,0.7,0.56
1775746437.5435426,-1.41,0.7,0.58
1775746437.5462334,-1.4153,0.7106,0.564
1775746437.548657,-1.4255,0.7106,0.5662
1775746437.551731,-1.4355,0.7106,0.5674
1775746437.5678031,-1.4489,0.7039,0.5621
