Time,POSX,POSY,POSZ
1775745379.5624876,-1.48,0.7,0.57
1775745379.567716,-1.5,0.7,0.58
1775745379.572604,-1.4835,0.7,0.569
1775745379.5762987,-1.4636,0.6956,0.5601
1775745379.5791245,-1.4524,0.6931,0.5512
1775745379.6125786,-1.4609,0.6893,0.5547
1775745379.6155596,-1.4656,0.6947,0.5522
1775745379.618635,-1.4716,0.6968,0.5511
1775745379.6230311,-1.4789,0.7018,0.554
1775745379.6272676,-1.4869,0.7049,0.5628
1775745379.6311905,-1.4955,0.707,0.5686
