Time,POSX,POSY,POSZ
1775745379.5624876,-1.48,0.7,0.57
1775745379.567716,-1.5,0.7,0.58
1775745379.572604,-1.47,0.7,0.56
1775745379.5762987,-1.44,0.69,0.55
1775745379.5791245,-1.44,0.69,0.54
1775745379.6125786,-1.47,0.69,0.56
1775745379.6155596,-1.47,0.7,0.55
1775745379.618635,-1.48,0.7,0.55
1775745379.6230311,-1.49,0.71,0.56
1775745379.6272676,-1.5,0.71,0.58
1775745379.6311905,-1.51,0.71,0.58
