Time,POSX,POSY,POSZ
1775745315.717486,-1.49,0.7,0.55
1775745315.7196178,-1.5,0.7,0.55
1775745315.7225404,-1.5053,0.7,0.55
1775745315.7245674,-1.5235,0.7,0.5662
1775745315.725363,-1.5294,0.7034,0.5712
1775745315.7281523,-1.5378,0.7024,0.5752
1775745315.7299356,-1.5328,0.6949,0.5742
1775745315.7330463,-1.5367,0.6962,0.5773
1775745315.7362998,-1.5129,0.6972,0.5834
1775745315.7407298,-1.4981,0.6981,0.5841
