Time,POSX,POSY,POSZ
1775745315.717486,-1.49,0.7,0.55
1775745315.7196178,-1.5,0.7,0.55
1775745315.7225404,-1.51,0.7,0.55
1775745315.7245674,-1.55,0.7,0.59
1775745315.725363,-1.54,0.71,0.58
1775745315.7281523,-1.55,0.7,0.58
1775745315.7299356,-1.52,0.68,0.57
1775745315.7330463,-1.54,0.7,0.58
1775745315.7362998,-1.47,0.7,0.59
1775745315.7407298,-1.48,0.7,0.58
