Time,POSX,POSY,POSZ
1775745906.8967023,-1.48,0.71,0.56
1775745906.898724,-1.5,0.71,0.56
1775745906.9014373,-1.49,0.7,0.58
1775745906.9042623,-1.5,0.7,0.58
1775745906.9059978,-1.54,0.7,0.58
1775745906.942731,-1.52,0.69,0.57
1775745906.9448323,-1.51,0.69,0.58
1775745906.946942,-1.49,0.7,0.56
1775745906.948784,-1.52,0.7,0.58
1775745906.9529731,-1.5,0.7,0.55
