Time,POSX,POSY,POSZ
1775745906.8967023,-1.48,0.71,0.56
1775745906.898724,-1.5,0.71,0.56
1775745906.9014373,-1.4947,0.7047,0.5706
1775745906.9042623,-1.4968,0.7026,0.5747
1775745906.9059978,-1.5125,0.7016,0.5769
1775745906.942731,-1.5215,0.6907,0.5721
1775745906.9448323,-1.5159,0.6901,0.5761
1775745906.946942,-1.5057,0.6937,0.5697
1775745906.948784,-1.5106,0.6956,0.5731
1775745906.9529731,-1.5072,0.6966,0.5653
