Time,POSX,POSY,POSZ
1774294941.3486423,-2.55,2.74,1.39
1774294941.349657,-2.54,2.77,1.38
1774294941.3501203,-2.51,2.77,1.33
1774294941.3503969,-2.53,2.76,1.34
1774294941.3506563,-2.52,2.77,1.32
1774294941.350911,-2.49,2.75,1.28
1774294941.3511326,-2.41,2.72,1.22
1774294941.3512862,-2.42,2.7,1.23
1774294941.351438,-2.32,2.64,1.27
