Time,POSX,POSY,POSZ
1774294941.3486423,-2.55,2.74,1.39
1774294941.349657,-2.54,2.77,1.38
1774294941.3501203,-2.5243,2.77,1.3538
1774294941.3503969,-2.5265,2.7662,1.3485
1774294941.3506563,-2.5244,2.7674,1.3392
1774294941.350911,-2.514,2.7622,1.3214
1774294941.3511326,-2.4842,2.7501,1.2923
1774294941.3512862,-2.4663,2.7361,1.2749
1774294941.351438,-2.426,2.7096,1.2735
