Time,POSX,POSY,POSZ
1776174224.1287043,-1.35,0.54,0.75
1776174224.1648717,-1.35,0.54,0.73
1776174224.2273438,-1.34,0.54,0.72
1776174224.241586,-1.37,0.53,0.73
1776174224.2564843,-1.33,0.54,0.73
1776174224.2722244,-1.32,0.54,0.74
