Time,POSX,POSY,POSZ
1775745892.9340317,-1.48,0.7,0.59
1775745892.937644,-1.47,0.71,0.59
1775745892.9422436,-1.4755,0.71,0.5845
1775745892.9475129,-1.4826,0.71,0.5868
1775745892.9516406,-1.4867,0.71,0.5838
1775745892.9557838,-1.498,0.7013,0.5905
1775745892.9595323,-1.5049,0.7041,0.5907
1775745892.9666324,-1.5112,0.7061,0.5864
1775745893.033005,-1.5161,0.7092,0.5621
1775745893.0399103,-1.5135,0.7151,0.56
