Time,POSX,POSY,POSZ
1775745892.9340317,-1.48,0.7,0.59
1775745892.937644,-1.47,0.71,0.59
1775745892.9422436,-1.48,0.71,0.58
1775745892.9475129,-1.49,0.71,0.59
1775745892.9516406,-1.49,0.71,0.58
1775745892.9557838,-1.51,0.69,0.6
1775745892.9595323,-1.51,0.71,0.59
1775745892.9666324,-1.51,0.71,0.58
1775745893.033005,-1.51,0.71,0.56
1775745893.0399103,-1.51,0.72,0.56
