Time,POSX,POSY,POSZ
1775748423.1061587,-1.49,0.73,0.59
1775748423.1120186,-1.46,0.73,0.59
1775748423.1174664,-1.46,0.73,0.59
1775748423.122525,-1.47,0.74,0.57
1775748423.1276538,-1.47,0.75,0.58
1775748423.1330273,-1.49,0.74,0.59
