Time,POSX,POSY,POSZ
1775747119.552508,-1.45,0.7,0.54
1775747119.5542915,-1.47,0.68,0.56
1775747119.5562994,-1.47,0.69,0.56
1775747119.558031,-1.45,0.7,0.54
1775747119.55972,-1.47,0.7,0.57
1775747119.568518,-1.47,0.7,0.58
