Time,POSX,POSY,POSZ
1775746136.2519417,-1.52,0.71,0.55
1775746136.2568254,-1.5,0.7,0.54
1775746136.2605326,-1.51,0.7,0.53
1775746136.2632551,-1.52,0.71,0.54
1775746136.268046,-1.51,0.7,0.55
1775746136.271361,-1.49,0.7,0.54
1775746136.2765763,-1.51,0.7,0.55
1775746136.280794,-1.48,0.71,0.54
1775746136.3135786,-1.51,0.71,0.55
1775746136.3186786,-1.5,0.7,0.54
1775746136.3235261,-1.54,0.7,0.56
