Time,POSX,POSY,POSZ
1775746136.2519417,-1.52,0.71,0.55
1775746136.2568254,-1.5,0.7,0.54
1775746136.2605326,-1.5054,0.7,0.5346
1775746136.2632551,-1.5116,0.7042,0.5367
1775746136.268046,-1.5117,0.7027,0.5424
1775746136.271361,-1.5032,0.7017,0.5419
1775746136.2765763,-1.5056,0.7009,0.546
1775746136.280794,-1.4944,0.7047,0.5442
1775746136.3135786,-1.5033,0.7096,0.5502
1775746136.3186786,-1.5017,0.705,0.5453
1775746136.3235261,-1.5178,0.703,0.5517
