Time,POSX,POSY,POSZ
1775745995.249227,-1.49,0.72,0.55
1775745995.2520292,-1.47,0.71,0.54
1775745995.2558548,-1.48,0.71,0.56
1775745995.2581117,-1.46,0.69,0.54
1775745995.2611113,-1.48,0.7,0.55
1775745995.2634182,-1.48,0.71,0.55
1775745995.2661178,-1.45,0.7,0.55
1775745995.268349,-1.46,0.71,0.55
1775745995.270168,-1.46,0.71,0.56
1775745995.275139,-1.49,0.72,0.55
1775745995.2828567,-1.47,0.73,0.53
