Time,POSX,POSY,POSZ
1775745995.249227,-1.49,0.72,0.55
1775745995.2520292,-1.47,0.71,0.54
1775745995.2558548,-1.4754,0.71,0.5508
1775745995.2581117,-1.4692,0.7017,0.5466
1775745995.2611113,-1.4732,0.7006,0.548
1775745995.2634182,-1.4758,0.7037,0.5489
1775745995.2661178,-1.4666,0.7022,0.5495
1775745995.268349,-1.4639,0.7048,0.5499
1775745995.270168,-1.4621,0.7066,0.5535
1775745995.275139,-1.4719,0.712,0.553
1775745995.2828567,-1.4714,0.7215,0.543
