Time,POSX,POSY,POSZ
1774294417.5496562,-2.63,2.74,1.32
1774294417.55002,-2.55,2.69,1.43
1774294417.5504606,-2.571,2.69,1.4509
1774294417.55073,-2.636,2.6631,1.5237
1774294417.550987,-2.6602,2.6555,1.5487
1774294417.551246,-2.7262,2.6448,1.6031
1774294417.5515106,-2.7504,2.6434,1.611
1774294417.5517685,-2.7672,2.648,1.6221
1774294417.5520375,-2.76,2.654,1.6024
