Time,POSX,POSY,POSZ
1774294417.5496562,-2.63,2.74,1.32
1774294417.55002,-2.55,2.69,1.43
1774294417.5504606,-2.59,2.69,1.47
1774294417.55073,-2.74,2.62,1.64
1774294417.550987,-2.71,2.64,1.6
1774294417.551246,-2.88,2.62,1.73
1774294417.5515106,-2.81,2.64,1.63
1774294417.5517685,-2.81,2.66,1.65
1774294417.5520375,-2.74,2.67,1.55
