Time,POSX,POSY,POSZ
1775664109.1599245,-1.34,0.85,0.31
1775664109.3545601,-1.36,0.86,0.31
1775664109.3831615,-1.35,0.86,0.31
1775664109.6033604,-1.33,0.86,0.31
1775664109.612717,-1.34,0.85,0.31
1775664109.6604848,-1.37,0.86,0.31
1775664109.8569756,-1.38,0.85,0.31
1775664109.866694,-1.37,0.85,0.31
1775664110.1391397,-1.37,0.85,0.33
1775664110.1698208,-1.38,0.86,0.32
1775664110.185064,-1.39,0.87,0.33
1775664110.3784814,-1.41,0.86,0.33
1775664110.4017663,-1.39,0.85,0.33
