Time,POSX,POSY,POSZ
1775665802.3113096,-0.77,0.29,0.67
1775665810.4074419,-0.77,0.3,0.65
1775665810.4097161,-0.75,0.3,0.66
1775665810.4113555,-0.74,0.3,0.65
1775665810.4131253,-0.74,0.29,0.66
1775665819.422331,-0.76,0.28,0.64
1775665830.40921,-0.76,0.29,0.66
