Time,POSX,POSY,POSZ
1775756318.0009782,-1.57,0.14,0.78
1775756318.0062008,-1.6,0.13,0.8
1775756318.0123909,-1.61,0.13,0.81
1775756318.0166802,-1.65,0.12,0.81
1775756318.0225768,-1.64,0.11,0.82
1775756318.0284493,-1.67,0.1,0.82
