Time,POSX,POSY,POSZ
1775747463.2473288,-1.46,0.71,0.55
1775747463.2910748,-1.47,0.72,0.54
1775747463.2982543,-1.47,0.72,0.55
1775747463.3035417,-1.45,0.7,0.55
1775747463.307631,-1.48,0.7,0.56
1775747463.3123846,-1.46,0.7,0.55
