Time,POSX,POSY,POSZ
1775745449.8312624,-1.51,0.7,0.57
1775745449.8363433,-1.5,0.7,0.57
1775745449.8387666,-1.4894,0.6947,0.5806
1775745449.8418658,-1.4936,0.6926,0.5847
1775745449.8448257,-1.5038,0.6953,0.5872
1775745449.8468368,-1.503,0.697,0.585
1775745449.84847,-1.4989,0.6981,0.58
1775745449.8502488,-1.476,0.6989,0.5833
1775745449.8510199,-1.4579,0.6993,0.5855
1775745449.8553023,-1.4368,0.7,0.5803
