Time,POSX,POSY,POSZ
1775745449.8312624,-1.51,0.7,0.57
1775745449.8363433,-1.5,0.7,0.57
1775745449.8387666,-1.48,0.69,0.59
1775745449.8418658,-1.5,0.69,0.59
1775745449.8448257,-1.52,0.7,0.59
1775745449.8468368,-1.5,0.7,0.58
1775745449.84847,-1.49,0.7,0.57
1775745449.8502488,-1.43,0.7,0.59
1775745449.8510199,-1.42,0.7,0.59
1775745449.8553023,-1.41,0.7,0.57
