Time,POSX,POSY,POSZ
1780783016.283011,0.2368,0.019,0.0827
1780783016.2866213,0.2368,0.0189,0.0827
1780783016.2926433,0.2368,0.0189,0.0827
1780783016.2979167,0.2368,0.019,0.0827
1780783016.3051987,0.2368,0.019,0.0827
1780783016.30989,0.2368,0.0189,0.0827
1780783016.3151243,0.2368,0.0189,0.0827
1780783016.321331,0.2368,0.019,0.0827
1780783016.325547,0.2368,0.019,0.0827
1780783016.3324523,0.2368,0.0189,0.0827
1780783016.3371413,0.2368,0.019,0.0827
1780783016.3426063,0.2367,0.019,0.0827
1780783016.3478754,0.2367,0.019,0.0827
1780783016.353724,0.2368,0.019,0.0827
1780783016.3590221,0.2368,0.019,0.0827
1780783016.3651018,0.2368,0.019,0.0827
1780783016.3749306,0.2368,0.019,0.0827
1780783016.3755229,0.2368,0.019,0.0827
1780783016.383844,0.2368,0.019,0.0827
1780783016.402958,0.2368,0.019,0.0827
1780783016.4034393,0.2367,0.0189,0.0827
1780783016.4038742,0.2367,0.0189,0.0827
1780783016.4042926,0.2367,0.0189,0.0827
1780783016.408811,0.2368,0.0189,0.0827
1780783016.4150126,0.2368,0.019,0.0827
1780783016.422453,0.2368,0.0189,0.0827
1780783016.4266806,0.2368,0.0189,0.0827
1780783016.4315891,0.2368,0.0189,0.0827
1780783016.4368098,0.2368,0.019,0.0827
1780783016.4436352,0.2367,0.019,0.0827
1780783016.4480436,0.2367,0.019,0.0827
1780783016.454138,0.2368,0.019,0.0827
1780783016.4606483,0.2368,0.0189,0.0827
1780783016.471129,0.2368,0.019,0.0827
1780783016.472157,0.2368,0.0189,0.0827
1780783016.4762886,0.2368,0.0189,0.0827
1780783016.4818854,0.2368,0.019,0.0827
1780783016.4870522,0.2368,0.0189,0.0827
1780783016.492344,0.2367,0.0189,0.0827
1780783016.4976878,0.2367,0.019,0.0827
1780783016.50683,0.2367,0.019,0.0827
1780783016.517241,0.2368,0.019,0.0827
1780783016.5186534,0.2368,0.019,0.0827
1780783016.5209677,0.2368,0.0189,0.0827
1780783016.5257623,0.2368,0.0189,0.0827
1780783016.5323045,0.2368,0.019,0.0827
1780783016.5405247,0.2368,0.0189,0.0827
1780783016.5516305,0.2367,0.0189,0.0827
1780783016.5522811,0.2367,0.0189,0.0827
1780783016.5544982,0.2368,0.0189,0.0827
1780783016.5588214,0.2368,0.019,0.0827
1780783016.5646372,0.2368,0.0189,0.0827
1780783016.5701463,0.2368,0.0189,0.0827
1780783016.5759158,0.2368,0.0189,0.0827
1780783016.5809164,0.2368,0.0189,0.0827
1780783016.5876439,0.2368,0.019,0.0827
1780783016.5919523,0.2367,0.019,0.0827
1780783016.5981662,0.2367,0.019,0.0827
1780783016.603431,0.2368,0.019,0.0827
1780783016.609111,0.2368,0.0189,0.0827
1780783016.6142876,0.2368,0.019,0.0827
1780783016.620353,0.2368,0.019,0.0827
1780783016.6262922,0.2368,0.019,0.0827
1780783016.6322107,0.2368,0.0189,0.0827
1780783016.637728,0.2368,0.0189,0.0827
1780783016.6433918,0.2367,0.019,0.0827
1780783016.648174,0.2367,0.0189,0.0827
1780783016.6548257,0.2367,0.0189,0.0827
1780783016.6591785,0.2368,0.0189,0.0827
1780783016.66812,0.2368,0.019,0.0827
1780783016.6707392,0.2368,0.0189,0.0827
1780783016.6779592,0.2368,0.0189,0.0827
1780783016.681621,0.2368,0.019,0.0827
1780783016.6869483,0.2368,0.0189,0.0827
1780783016.7034006,0.2367,0.019,0.0827
1780783016.706394,0.2367,0.019,0.0827
1780783016.7071185,0.2367,0.019,0.0827
1780783016.7097495,0.2368,0.0189,0.0827
1780783016.7143693,0.2368,0.019,0.0827
1780783016.7210205,0.2368,0.0189,0.0827
1780783016.7255092,0.2368,0.0189,0.0827
1780783016.7316718,0.2368,0.0189,0.0827
1780783016.7387304,0.2368,0.0189,0.0827
1780783016.742076,0.2367,0.0189,0.0827
1780783016.748251,0.2367,0.019,0.0827
1780783016.7534952,0.2368,0.0189,0.0827
1780783016.7589457,0.2368,0.0189,0.0827
1780783016.7644563,0.2368,0.019,0.0827
1780783016.7715905,0.2368,0.0189,0.0827
1780783016.7783227,0.2368,0.019,0.0827
1780783016.78176,0.2368,0.0189,0.0827
1780783016.7867618,0.2368,0.0189,0.0827
1780783016.792895,0.2367,0.019,0.0827
1780783016.797797,0.2367,0.019,0.0827
1780783016.8035898,0.2367,0.0189,0.0827
1780783016.8390226,0.2368,0.0189,0.0827
1780783016.8396163,0.2368,0.0189,0.0827
1780783016.8402107,0.2368,0.0189,0.0827
1780783016.8406901,0.2368,0.019,0.0827
1780783016.841137,0.2368,0.0189,0.0827
1780783016.8416038,0.2368,0.0189,0.0827
1780783016.844809,0.2367,0.019,0.0827
1780783016.8477964,0.2367,0.0189,0.0827
1780783016.853629,0.2367,0.0189,0.0827
1780783016.8587706,0.2368,0.0189,0.0827
1780783016.8643565,0.2368,0.0189,0.0827
1780783016.870097,0.2368,0.0189,0.0827
1780783016.8765366,0.2368,0.0189,0.0827
1780783016.8819053,0.2368,0.0189,0.0827
1780783016.8869476,0.2368,0.019,0.0827
1780783016.8919163,0.2367,0.0189,0.0827
1780783016.8976612,0.2367,0.0189,0.0827
1780783016.903589,0.2367,0.019,0.0827
1780783016.9091563,0.2368,0.019,0.0827
1780783016.9149387,0.2368,0.0189,0.0827
1780783016.9201155,0.2368,0.019,0.0827
1780783016.925803,0.2368,0.019,0.0827
1780783016.931137,0.2368,0.019,0.0827
1780783016.9371543,0.2368,0.019,0.0827
1780783016.949293,0.2367,0.0189,0.0827
1780783016.9507146,0.2367,0.0189,0.0827
1780783016.953765,0.2367,0.019,0.0827
1780783016.9590805,0.2368,0.019,0.0827
1780783016.9649873,0.2368,0.0189,0.0827
1780783016.9713674,0.2368,0.0189,0.0827
1780783016.9818118,0.2368,0.0189,0.0827
1780783016.9824653,0.2368,0.0189,0.0827
1780783016.9874516,0.2367,0.0189,0.0827
1780783016.9924223,0.2367,0.019,0.0827
1780783016.9980779,0.2367,0.019,0.0827
1780783017.003913,0.2367,0.019,0.0827
1780783017.0092525,0.2368,0.0189,0.0827
1780783017.0145493,0.2368,0.019,0.0827
1780783017.0204928,0.2368,0.0189,0.0827
1780783017.0257258,0.2368,0.0189,0.0827
1780783017.0315926,0.2368,0.0189,0.0827
1780783017.0371761,0.2368,0.019,0.0827
1780783017.0441267,0.2367,0.0189,0.0827
1780783017.0487325,0.2367,0.019,0.0827
1780783017.0535262,0.2367,0.0189,0.0827
1780783017.0592453,0.2368,0.019,0.0827
1780783017.0646636,0.2368,0.0189,0.0827
1780783017.0704443,0.2368,0.0189,0.0827
1780783017.0756123,0.2368,0.019,0.0827
1780783017.0811894,0.2368,0.019,0.0827
1780783017.08716,0.2368,0.019,0.0827
1780783017.092492,0.2368,0.019,0.0827
1780783017.103822,0.2367,0.019,0.0827
1780783017.105312,0.2368,0.019,0.0827
1780783017.1108851,0.2368,0.0189,0.0827
1780783017.1357026,0.2368,0.019,0.0827
1780783017.1362395,0.2368,0.019,0.0827
1780783017.1367598,0.2368,0.019,0.0827
1780783017.1372387,0.2368,0.0189,0.0827
1780783017.139819,0.2368,0.0189,0.0827
1780783017.1434999,0.2368,0.019,0.0827
1780783017.1486394,0.2367,0.0189,0.0827
1780783017.1534998,0.2367,0.0189,0.0827
1780783017.1592798,0.2368,0.0189,0.0827
1780783017.1648989,0.2368,0.019,0.0827
1780783017.170322,0.2368,0.019,0.0827
1780783017.175873,0.2368,0.019,0.0827
1780783017.181622,0.2368,0.019,0.0827
1780783017.1876237,0.2368,0.0189,0.0827
1780783017.1928196,0.2368,0.019,0.0827
1780783017.1980748,0.2367,0.019,0.0827
1780783017.20395,0.2368,0.019,0.0827
1780783017.2088232,0.2368,0.0189,0.0827
1780783017.2147658,0.2368,0.019,0.0827
1780783017.2208822,0.2368,0.0189,0.0827
1780783017.2259796,0.2368,0.0189,0.0827
1780783017.2316585,0.2368,0.0189,0.0827
1780783017.2382917,0.2368,0.0189,0.0827
1780783017.242353,0.2367,0.0189,0.0827
1780783017.2527254,0.2367,0.019,0.0827
1780783017.257636,0.2368,0.019,0.0827
1780783017.258845,0.2368,0.0189,0.0827
1780783017.265627,0.2368,0.019,0.0827
1780783017.271506,0.2368,0.0189,0.0827
1780783017.2776246,0.2368,0.0189,0.0827
1780783017.282096,0.2368,0.019,0.0827
1780783017.2868953,0.2368,0.019,0.0827
1780783017.2944782,0.2367,0.0189,0.0827
1780783017.2980149,0.2367,0.019,0.0827
1780783017.3034523,0.2367,0.0189,0.0827
1780783017.3093636,0.2368,0.0189,0.0827
1780783017.3152328,0.2368,0.019,0.0827
1780783017.3199017,0.2368,0.019,0.0827
1780783017.3264608,0.2368,0.0189,0.0827
1780783017.331498,0.2368,0.019,0.0827
1780783017.337656,0.2368,0.0189,0.0827
1780783017.343804,0.2367,0.0189,0.0827
1780783017.3482864,0.2367,0.019,0.0827
1780783017.3542144,0.2368,0.019,0.0827
1780783017.369448,0.2368,0.0189,0.0827
1780783017.3702037,0.2368,0.0189,0.0827
1780783017.3706708,0.2368,0.019,0.0827
1780783017.3759778,0.2368,0.019,0.0827
1780783017.3813922,0.2368,0.019,0.0827
1780783017.387564,0.2368,0.019,0.0827
1780783017.3923993,0.2367,0.019,0.0827
1780783017.3980613,0.2367,0.019,0.0827
1780783017.4112628,0.2368,0.019,0.0827
1780783017.4125931,0.2368,0.019,0.0827
1780783017.4153275,0.2368,0.019,0.0827
1780783017.439862,0.2368,0.019,0.0827
1780783017.4404461,0.2368,0.0189,0.0827
1780783017.4409165,0.2368,0.0189,0.0827
1780783017.441365,0.2368,0.019,0.0827
1780783017.442702,0.2367,0.019,0.0827
1780783017.4485278,0.2367,0.0189,0.0827
1780783017.4534883,0.2367,0.019,0.0827
1780783017.4589064,0.2368,0.019,0.0827
1780783017.4651196,0.2368,0.0189,0.0827
1780783017.4707868,0.2368,0.0189,0.0827
1780783017.4758325,0.2368,0.0189,0.0827
1780783017.4816043,0.2368,0.019,0.0827
1780783017.4879892,0.2367,0.0189,0.0827
1780783017.4922457,0.2367,0.0189,0.0827
1780783017.4984899,0.2367,0.0189,0.0827
1780783017.503811,0.2367,0.0189,0.0827
1780783017.5093389,0.2368,0.0189,0.0827
1780783017.5141804,0.2368,0.0189,0.0827
1780783017.5203037,0.2368,0.0189,0.0827
1780783017.5256863,0.2368,0.0189,0.0827
1780783017.5314178,0.2368,0.0189,0.0827
1780783017.536462,0.2367,0.0189,0.0827
1780783017.5512378,0.2367,0.0189,0.0827
1780783017.5518935,0.2367,0.019,0.0827
1780783017.5546863,0.2368,0.019,0.0827
1780783017.559613,0.2368,0.0189,0.0827
1780783017.5661962,0.2368,0.0189,0.0827
1780783017.5706823,0.2368,0.0189,0.0827
1780783017.5784504,0.2368,0.0189,0.0827
1780783017.5816255,0.2368,0.0189,0.0827
1780783017.5877292,0.2368,0.019,0.0827
1780783017.5924048,0.2368,0.019,0.0827
1780783017.5989397,0.2367,0.0189,0.0827
1780783017.6035974,0.2367,0.0189,0.0827
1780783017.6088586,0.2368,0.019,0.0827
1780783017.615367,0.2368,0.019,0.0827
1780783017.6202571,0.2368,0.0189,0.0827
1780783017.6263895,0.2368,0.019,0.0827
1780783017.631562,0.2368,0.0189,0.0827
1780783017.636996,0.2368,0.019,0.0827
1780783017.6429343,0.2367,0.0189,0.0827
1780783017.648245,0.2367,0.019,0.0827
1780783017.65424,0.2367,0.0189,0.0827
1780783017.6590967,0.2368,0.0189,0.0827
1780783017.664375,0.2368,0.0189,0.0827
1780783017.6710167,0.2368,0.019,0.0827
1780783017.6755586,0.2368,0.0189,0.0827
1780783017.6811824,0.2368,0.019,0.0827
1780783017.6874251,0.2368,0.019,0.0827
1780783017.6938832,0.2367,0.0189,0.0827
1780783017.7060058,0.2367,0.019,0.0827
1780783017.707407,0.2368,0.019,0.0827
1780783017.7092078,0.2368,0.0189,0.0827
1780783017.715695,0.2368,0.0189,0.0827
1780783017.7307408,0.2368,0.0189,0.0827
1780783017.7391136,0.2368,0.019,0.0827
1780783017.7396283,0.2368,0.019,0.0828
1780783017.7400837,0.2368,0.019,0.0827
1780783017.742531,0.2368,0.019,0.0827
1780783017.7476063,0.2367,0.019,0.0827
1780783017.7539022,0.2367,0.0189,0.0827
1780783017.7590346,0.2368,0.019,0.0827
1780783017.7646608,0.2368,0.019,0.0827
1780783017.7704277,0.2368,0.019,0.0827
1780783017.7757027,0.2368,0.0189,0.0827
1780783017.781215,0.2368,0.019,0.0828
1780783017.7870047,0.2368,0.019,0.0827
1780783017.7927,0.2367,0.019,0.0827
1780783017.7982259,0.2367,0.019,0.0827
1780783017.8043828,0.2368,0.019,0.0827
1780783017.809083,0.2368,0.019,0.0828
1780783017.814987,0.2368,0.0189,0.0827
1780783017.820983,0.2368,0.019,0.0827
1780783017.8258493,0.2368,0.019,0.0827
1780783017.8313653,0.2368,0.019,0.0827
1780783017.8376036,0.2368,0.0189,0.0827
1780783017.8422523,0.2368,0.019,0.0827
1780783017.8521354,0.2367,0.019,0.0827
1780783017.8592315,0.2367,0.019,0.0827
1780783017.8605003,0.2368,0.0189,0.0827
1780783017.8660703,0.2368,0.0189,0.0827
1780783017.8702617,0.2368,0.0189,0.0827
1780783017.879622,0.2368,0.019,0.0828
1780783017.8838067,0.2368,0.0189,0.0827
1780783017.887203,0.2368,0.019,0.0827
1780783017.8926218,0.2367,0.019,0.0827
1780783017.898134,0.2367,0.019,0.0827
1780783017.9035964,0.2367,0.019,0.0827
1780783017.909042,0.2368,0.0189,0.0827
1780783017.9157243,0.2368,0.0189,0.0827
1780783017.9204545,0.2368,0.019,0.0827
1780783017.926627,0.2368,0.0189,0.0827
1780783017.931502,0.2368,0.0189,0.0827
1780783017.9372425,0.2368,0.019,0.0827
1780783017.9431474,0.2368,0.019,0.0827
1780783017.9487877,0.2367,0.019,0.0827
1780783017.9538176,0.2368,0.019,0.0827
1780783017.9592,0.2368,0.019,0.0827
1780783017.9645312,0.2368,0.0189,0.0827
1780783017.97037,0.2368,0.019,0.0827
1780783017.976062,0.2368,0.0189,0.0827
1780783017.9813688,0.2368,0.0189,0.0827
1780783017.9876666,0.2368,0.019,0.0827
1780783017.9924436,0.2367,0.0189,0.0827
1780783017.9974976,0.2367,0.019,0.0827
1780783018.0051413,0.2368,0.019,0.0827
1780783018.0131116,0.2368,0.0189,0.0827
1780783018.0157335,0.2368,0.019,0.0827
1780783018.0211642,0.2368,0.0189,0.0827
1780783018.0261247,0.2368,0.019,0.0827
1780783018.033118,0.2368,0.0189,0.0827
1780783018.0442598,0.2368,0.0189,0.0827
1780783018.044772,0.2368,0.019,0.0827
1780783018.0482087,0.2367,0.0189,0.0827
1780783018.0541015,0.2368,0.0189,0.0827
1780783018.0592847,0.2368,0.019,0.0827
1780783018.06468,0.2368,0.019,0.0828
1780783018.0703702,0.2368,0.019,0.0827
1780783018.0755599,0.2368,0.0189,0.0827
1780783018.081948,0.2368,0.019,0.0827
1780783018.0867426,0.2368,0.019,0.0827
1780783018.092605,0.2368,0.019,0.0827
1780783018.0990896,0.2367,0.0189,0.0827
1780783018.103125,0.2368,0.0189,0.0827
1780783018.1090906,0.2368,0.019,0.0827
1780783018.1147833,0.2368,0.0189,0.0827
1780783018.120548,0.2368,0.0189,0.0827
1780783018.1260562,0.2368,0.0189,0.0827
1780783018.132032,0.2368,0.019,0.0827
1780783018.1363537,0.2368,0.0189,0.0827
1780783018.1426775,0.2368,0.019,0.0827
1780783018.148009,0.2368,0.0189,0.0827
1780783018.1535735,0.2368,0.0189,0.0827
1780783018.1643426,0.2368,0.0189,0.0827
1780783018.165855,0.2368,0.0189,0.0827
1780783018.1713152,0.2368,0.0189,0.0827
1780783018.177294,0.2368,0.0189,0.0827
1780783018.184183,0.2368,0.0189,0.0827
1780783018.1883583,0.2368,0.0189,0.0827
1780783018.1926167,0.2368,0.0189,0.0827
1780783018.1979291,0.2367,0.0189,0.0827
1780783018.2043846,0.2368,0.0189,0.0827
1780783018.2092261,0.2368,0.019,0.0827
1780783018.2147632,0.2368,0.0189,0.0827
1780783018.2210002,0.2368,0.0189,0.0827
1780783018.2259514,0.2368,0.0189,0.0827
1780783018.2315323,0.2368,0.0189,0.0827
1780783018.2377193,0.2368,0.0189,0.0827
1780783018.2425816,0.2368,0.0189,0.0827
1780783018.2486632,0.2367,0.0189,0.0827
1780783018.253792,0.2368,0.0189,0.0827
1780783018.260992,0.2368,0.0189,0.0827
1780783018.2654426,0.2368,0.0189,0.0827
1780783018.2707787,0.2368,0.0189,0.0827
1780783018.2759001,0.2368,0.0189,0.0827
1780783018.281525,0.2368,0.019,0.0827
1780783018.2869563,0.2368,0.0189,0.0827
1780783018.2923717,0.2367,0.0189,0.0827
1780783018.304482,0.2367,0.0189,0.0827
1780783018.3058963,0.2368,0.019,0.0827
1780783018.3115275,0.2368,0.019,0.0827
1780783018.3157256,0.2368,0.019,0.0827
1780783018.3210497,0.2368,0.019,0.0827
1780783018.3259704,0.2368,0.019,0.0827
1780783018.3320053,0.2368,0.0189,0.0827
1780783018.337873,0.2368,0.019,0.0827
1780783018.342849,0.2367,0.0189,0.0827
1780783018.3484235,0.2367,0.019,0.0827
1780783018.3543808,0.2368,0.019,0.0827
1780783018.3593845,0.2368,0.019,0.0827
1780783018.3650258,0.2368,0.019,0.0827
1780783018.3733912,0.2368,0.019,0.0827
1780783018.3755987,0.2368,0.019,0.0827
1780783018.3817494,0.2368,0.019,0.0827
1780783018.3868027,0.2368,0.0189,0.0827
1780783018.3928251,0.2368,0.019,0.0827
1780783018.3982584,0.2368,0.019,0.0827
1780783018.4038675,0.2368,0.019,0.0827
1780783018.4101613,0.2368,0.019,0.0827
1780783018.4143348,0.2368,0.0189,0.0827
1780783018.42099,0.2368,0.0189,0.0827
1780783018.4264245,0.2368,0.019,0.0827
1780783018.431566,0.2368,0.0189,0.0827
1780783018.4376483,0.2368,0.019,0.0827
1780783018.4424582,0.2367,0.0189,0.0827
1780783018.4775524,0.2367,0.019,0.0827
1780783018.4781523,0.2368,0.019,0.0827
1780783018.4786472,0.2368,0.019,0.0827
1780783018.479112,0.2368,0.0189,0.0827
1780783018.4795485,0.2368,0.0189,0.0827
1780783018.4799473,0.2368,0.0189,0.0827
1780783018.4829748,0.2368,0.019,0.0827
1780783018.487503,0.2368,0.0189,0.0827
1780783018.4926019,0.2367,0.0189,0.0827
1780783018.498161,0.2368,0.019,0.0827
1780783018.5030293,0.2367,0.0189,0.0827
1780783018.5090065,0.2368,0.0189,0.0827
1780783018.5149112,0.2368,0.0189,0.0827
1780783018.521122,0.2368,0.0189,0.0827
1780783018.5258174,0.2368,0.0189,0.0827
1780783018.5312386,0.2368,0.0189,0.0827
1780783018.536988,0.2368,0.019,0.0827
1780783018.5423832,0.2367,0.0189,0.0827
1780783018.5485084,0.2368,0.0189,0.0827
1780783018.5538313,0.2368,0.019,0.0827
1780783018.559335,0.2368,0.019,0.0827
1780783018.5647712,0.2368,0.0189,0.0827
1780783018.5700612,0.2368,0.0189,0.0827
1780783018.576043,0.2368,0.0189,0.0827
1780783018.5814884,0.2368,0.0189,0.0827
1780783018.5954921,0.2368,0.019,0.0827
1780783018.596328,0.2368,0.0189,0.0827
1780783018.5986495,0.2367,0.0189,0.0827
1780783018.6042802,0.2368,0.019,0.0827
1780783018.6091871,0.2368,0.0189,0.0827
1780783018.6152275,0.2368,0.0189,0.0827
1780783018.6205707,0.2368,0.0189,0.0827
1780783018.6257696,0.2368,0.0189,0.0827
1780783018.6311553,0.2368,0.019,0.0827
1780783018.6370618,0.2368,0.019,0.0827
1780783018.6423905,0.2368,0.019,0.0827
1780783018.6480474,0.2367,0.0189,0.0827
1780783018.654676,0.2368,0.019,0.0827
1780783018.6591086,0.2368,0.019,0.0827
1780783018.6649663,0.2368,0.0189,0.0827
1780783018.6703033,0.2368,0.0189,0.0827
1780783018.6759474,0.2368,0.0189,0.0827
1780783018.68123,0.2368,0.0189,0.0827
1780783018.68751,0.2368,0.0189,0.0827
1780783018.6922948,0.2368,0.019,0.0827
1780783018.6985886,0.2368,0.019,0.0827
1780783018.7040792,0.2368,0.019,0.0827
1780783018.7087843,0.2368,0.019,0.0827
1780783018.714367,0.2368,0.019,0.0827
1780783018.7202096,0.2368,0.019,0.0827
1780783018.7256322,0.2368,0.019,0.0827
1780783018.7366784,0.2368,0.019,0.0827
1780783018.7373216,0.2368,0.0189,0.0827
1780783018.7434895,0.2367,0.019,0.0827
1780783018.749674,0.2367,0.019,0.0827
1780783018.7661166,0.2368,0.019,0.0827
1780783018.7667682,0.2368,0.019,0.0827
1780783018.767281,0.2368,0.0189,0.0827
1780783018.77036,0.2368,0.019,0.0827
1780783018.7765265,0.2368,0.019,0.0827
1780783018.7816343,0.2368,0.0189,0.0827
1780783018.78731,0.2368,0.0189,0.0827
1780783018.7928188,0.2368,0.019,0.0827
1780783018.7973804,0.2367,0.0189,0.0827
1780783018.8036299,0.2368,0.019,0.0827
1780783018.809288,0.2368,0.0189,0.0827
1780783018.8147056,0.2368,0.0189,0.0827
1780783018.820328,0.2368,0.0189,0.0827
1780783018.825768,0.2368,0.019,0.0827
1780783018.830324,0.2368,0.019,0.0827
1780783018.8374765,0.2368,0.0189,0.0827
1780783018.8420975,0.2368,0.0189,0.0827
1780783018.8479085,0.2367,0.0189,0.0827
1780783018.853629,0.2368,0.0189,0.0827
1780783018.8591406,0.2368,0.019,0.0827
1780783018.8646505,0.2368,0.019,0.0827
1780783018.8769531,0.2368,0.019,0.0827
1780783018.8782854,0.2368,0.0189,0.0827
1780783018.8814044,0.2368,0.019,0.0827
1780783018.8869426,0.2368,0.0189,0.0827
1780783018.8926036,0.2367,0.0189,0.0827
1780783018.9041054,0.2367,0.019,0.0827
1780783018.9047565,0.2367,0.0189,0.0827
1780783018.9091747,0.2368,0.0189,0.0827
1780783018.9146016,0.2368,0.019,0.0827
1780783018.9223208,0.2368,0.019,0.0827
1780783018.9297981,0.2368,0.019,0.0827
1780783018.931861,0.2368,0.019,0.0827
1780783018.9369466,0.2367,0.0189,0.0827
1780783018.9429362,0.2368,0.019,0.0827
1780783018.9483283,0.2367,0.019,0.0827
1780783018.9536767,0.2368,0.019,0.0827
1780783018.9595668,0.2368,0.0189,0.0827
1780783018.9645617,0.2368,0.019,0.0827
1780783018.9702158,0.2368,0.019,0.0827
1780783018.975949,0.2368,0.0189,0.0827
1780783018.9816046,0.2368,0.019,0.0827
1780783018.9874632,0.2368,0.019,0.0827
1780783018.9923587,0.2367,0.019,0.0827
1780783018.9980352,0.2367,0.019,0.0827
1780783019.00353,0.2368,0.019,0.0827
1780783019.0165443,0.2368,0.019,0.0827
1780783019.0178492,0.2368,0.0189,0.0827
1780783019.0209384,0.2368,0.019,0.0827
1780783019.0256739,0.2368,0.0189,0.0827
1780783019.031735,0.2368,0.019,0.0827
1780783019.0372696,0.2368,0.019,0.0827
1780783019.0425086,0.2367,0.019,0.0827
1780783019.0480406,0.2367,0.019,0.0827
1780783019.05441,0.2368,0.0189,0.0827
1780783019.0593505,0.2368,0.019,0.0827
1780783019.0649178,0.2368,0.019,0.0827
1780783019.0737226,0.2368,0.019,0.0827
1780783019.0782619,0.2368,0.0189,0.0827
1780783019.0815744,0.2368,0.019,0.0827
1780783019.0871572,0.2368,0.0189,0.0827
1780783019.0925794,0.2367,0.019,0.0827
1780783019.098063,0.2367,0.019,0.0827
1780783019.103646,0.2368,0.0189,0.0827
1780783019.1089191,0.2368,0.019,0.0827
1780783019.1152158,0.2368,0.0189,0.0827
1780783019.120469,0.2368,0.0189,0.0827
1780783019.1260424,0.2368,0.0189,0.0827
1780783019.131256,0.2368,0.0189,0.0827
1780783019.1370606,0.2368,0.0189,0.0827
1780783019.142624,0.2367,0.019,0.0827
1780783019.1572495,0.2367,0.0189,0.0827
1780783019.1868548,0.2368,0.019,0.0827
1780783019.1874154,0.2368,0.019,0.0827
1780783019.187992,0.2368,0.0189,0.0827
1780783019.188532,0.2368,0.0189,0.0827
1780783019.1890354,0.2368,0.0189,0.0827
1780783019.1895955,0.2368,0.019,0.0827
1780783019.1901474,0.2368,0.0189,0.0827
1780783019.1925333,0.2368,0.019,0.0827
1780783019.198007,0.2368,0.019,0.0827
1780783019.2035298,0.2368,0.019,0.0827
1780783019.2095115,0.2368,0.019,0.0827
1780783019.2149487,0.2368,0.019,0.0827
1780783019.2202046,0.2368,0.0189,0.0827
1780783019.2256775,0.2368,0.019,0.0827
1780783019.2313113,0.2368,0.019,0.0827
1780783019.2378101,0.2368,0.019,0.0827
1780783019.24249,0.2367,0.0189,0.0827
1780783019.2483368,0.2367,0.0189,0.0827
1780783019.2533765,0.2368,0.019,0.0827
1780783019.2595632,0.2368,0.0189,0.0827
1780783019.2647662,0.2368,0.019,0.0828
1780783019.2709384,0.2368,0.0189,0.0827
1780783019.2764826,0.2368,0.0189,0.0827
1780783019.2817974,0.2368,0.019,0.0827
1780783019.2871895,0.2368,0.019,0.0827
1780783019.2977366,0.2367,0.0189,0.0827
1780783019.2991328,0.2367,0.0189,0.0827
1780783019.3048384,0.2368,0.019,0.0827
1780783019.3109627,0.2368,0.019,0.0827
1780783019.3151758,0.2368,0.0189,0.0827
1780783019.3210464,0.2369,0.019,0.0827
1780783019.3253498,0.2368,0.0189,0.0827
1780783019.331459,0.2368,0.019,0.0827
1780783019.337423,0.2368,0.0189,0.0827
1780783019.3428419,0.2368,0.0189,0.0827
1780783019.3482218,0.2368,0.0189,0.0827
1780783019.3542182,0.2368,0.019,0.0827
1780783019.3591518,0.2368,0.019,0.0827
1780783019.364223,0.2368,0.019,0.0827
1780783019.3710568,0.2368,0.0189,0.0827
1780783019.3760612,0.2368,0.0189,0.0827
1780783019.3822768,0.2368,0.0189,0.0827
1780783019.3871932,0.2368,0.0189,0.0827
1780783019.392415,0.2367,0.0189,0.0827
1780783019.3981516,0.2367,0.0189,0.0827
1780783019.4059937,0.2368,0.0189,0.0827
1780783019.4094317,0.2368,0.0189,0.0827
1780783019.415345,0.2368,0.019,0.0827
1780783019.420301,0.2368,0.0189,0.0827
1780783019.4260993,0.2368,0.0189,0.0827
1780783019.4321384,0.2368,0.0189,0.0827
1780783019.4379277,0.2368,0.0189,0.0827
1780783019.4510207,0.2367,0.0189,0.0827
1780783019.451619,0.2367,0.0189,0.0827
1780783019.4538794,0.2368,0.0189,0.0827
1780783019.4602644,0.2368,0.0189,0.0827
1780783019.4678926,0.2368,0.019,0.0827
1780783019.4869475,0.2368,0.0189,0.0827
1780783019.487647,0.2368,0.019,0.0827
1780783019.488468,0.2368,0.0189,0.0827
1780783019.4889698,0.2367,0.0189,0.0827
1780783019.492239,0.2367,0.0189,0.0827
1780783019.5007987,0.2367,0.0189,0.0827
1780783019.504138,0.2368,0.0189,0.0827
1780783019.509131,0.2368,0.0189,0.0827
1780783019.5146644,0.2368,0.0189,0.0827
1780783019.5203977,0.2368,0.0189,0.0827
1780783019.5257382,0.2368,0.019,0.0827
1780783019.5317488,0.2368,0.0189,0.0827
1780783019.5368586,0.2368,0.0189,0.0827
1780783019.5425682,0.2367,0.019,0.0827
1780783019.54794,0.2367,0.019,0.0827
1780783019.5537467,0.2368,0.019,0.0827
1780783019.5595584,0.2368,0.019,0.0827
1780783019.5648525,0.2368,0.019,0.0827
1780783019.5701818,0.2368,0.0189,0.0827
1780783019.5756934,0.2368,0.019,0.0827
1780783019.5816634,0.2368,0.019,0.0827
1780783019.5876677,0.2368,0.019,0.0827
1780783019.5926068,0.2367,0.019,0.0827
1780783019.5997264,0.2367,0.019,0.0827
1780783019.6112769,0.2367,0.0189,0.0827
1780783019.61296,0.2368,0.019,0.0827
1780783019.6145697,0.2368,0.0189,0.0827
1780783019.6210873,0.2368,0.019,0.0827
1780783019.6263368,0.2368,0.019,0.0827
1780783019.6337712,0.2368,0.019,0.0827
1780783019.6366396,0.2368,0.019,0.0827
1780783019.6424053,0.2367,0.019,0.0827
1780783019.6481009,0.2367,0.019,0.0827
1780783019.6542664,0.2367,0.019,0.0827
1780783019.6597915,0.2368,0.019,0.0827
1780783019.6648626,0.2368,0.019,0.0827
1780783019.6703594,0.2368,0.019,0.0827
1780783019.6753306,0.2368,0.0189,0.0827
1780783019.6823163,0.2368,0.019,0.0827
1780783019.687128,0.2368,0.019,0.0827
1780783019.6926804,0.2367,0.019,0.0827
1780783019.697803,0.2367,0.019,0.0827
1780783019.7036965,0.2367,0.019,0.0827
1780783019.7089064,0.2368,0.019,0.0827
1780783019.715408,0.2368,0.019,0.0827
1780783019.72061,0.2368,0.0189,0.0827
1780783019.7260141,0.2368,0.0189,0.0827
1780783019.7323477,0.2368,0.019,0.0827
1780783019.737421,0.2368,0.019,0.0827
1780783019.7427351,0.2367,0.019,0.0827
1780783019.748312,0.2367,0.019,0.0827
1780783019.7540154,0.2368,0.019,0.0827
1780783019.7640922,0.2368,0.019,0.0827
1780783019.765507,0.2368,0.019,0.0827
1780783019.7710433,0.2368,0.0189,0.0827
1780783019.7953346,0.2368,0.019,0.0827
1780783019.795861,0.2368,0.019,0.0827
1780783019.7963989,0.2368,0.0189,0.0827
1780783019.796837,0.2367,0.019,0.0827
1780783019.7974691,0.2367,0.019,0.0827
1780783019.8056836,0.2367,0.019,0.0827
1780783019.8096547,0.2368,0.019,0.0827
1780783019.8146706,0.2368,0.019,0.0827
1780783019.8210897,0.2368,0.019,0.0827
1780783019.8265839,0.2368,0.0189,0.0827
1780783019.8316352,0.2368,0.0189,0.0827
1780783019.8376338,0.2368,0.019,0.0827
1780783019.843435,0.2367,0.019,0.0827
1780783019.847847,0.2367,0.019,0.0827
1780783019.854312,0.2368,0.019,0.0827
1780783019.859699,0.2368,0.019,0.0827
1780783019.8648467,0.2368,0.019,0.0827
1780783019.870206,0.2368,0.019,0.0827
1780783019.8773108,0.2368,0.0189,0.0827
1780783019.8819013,0.2368,0.0189,0.0827
1780783019.8864684,0.2368,0.019,0.0827
1780783019.8922975,0.2367,0.0189,0.0827
1780783019.9030497,0.2367,0.019,0.0827
1780783019.9049199,0.2367,0.019,0.0827
1780783019.91035,0.2368,0.019,0.0827
1780783019.9164507,0.2368,0.019,0.0827
1780783019.9225285,0.2368,0.019,0.0827
1780783019.9274604,0.2368,0.0189,0.0827
1780783019.9321961,0.2368,0.0189,0.0827
1780783019.9368806,0.2368,0.0189,0.0827
1780783019.9431605,0.2367,0.0189,0.0827
1780783019.9497604,0.2367,0.019,0.0827
1780783019.9544284,0.2367,0.0189,0.0827
1780783019.9594622,0.2368,0.0189,0.0827
1780783019.9646988,0.2368,0.019,0.0827
1780783019.9708798,0.2368,0.0189,0.0827
1780783019.9759755,0.2368,0.019,0.0827
1780783019.9815807,0.2368,0.019,0.0827
1780783019.9891014,0.2368,0.019,0.0827
1780783019.9922974,0.2367,0.019,0.0827
1780783019.9983053,0.2367,0.0189,0.0827
1780783020.0040417,0.2368,0.019,0.0827
1780783020.0095263,0.2368,0.0189,0.0827
1780783020.0151336,0.2368,0.0189,0.0827
1780783020.0204294,0.2368,0.0189,0.0827
1780783020.0260427,0.2368,0.019,0.0827
1780783020.031243,0.2368,0.0189,0.0827
1780783020.0368326,0.2368,0.0189,0.0827
1780783020.0427616,0.2367,0.019,0.0827
1780783020.057778,0.2367,0.019,0.0827
1780783020.0593178,0.2367,0.0189,0.0827
1780783020.0625794,0.2368,0.0189,0.0827
1780783020.0657756,0.2368,0.0189,0.0827
1780783020.0703812,0.2368,0.0189,0.0827
1780783020.0758119,0.2368,0.0189,0.0827
1780783020.0813835,0.2368,0.0189,0.0827
1780783020.0927653,0.2368,0.019,0.0827
1780783020.0932841,0.2367,0.0189,0.0827
1780783020.0983453,0.2367,0.0189,0.0827
1780783020.103624,0.2368,0.0189,0.0827
1780783020.1090846,0.2368,0.0189,0.0827
1780783020.1164641,0.2368,0.019,0.0827
1780783020.1200848,0.2368,0.019,0.0827
1780783020.1257448,0.2368,0.0189,0.0827
1780783020.132913,0.2368,0.0189,0.0827
1780783020.1374593,0.2368,0.019,0.0827
1780783020.1426654,0.2368,0.0189,0.0827
1780783020.14797,0.2367,0.0189,0.0827
1780783020.153424,0.2368,0.019,0.0827
1780783020.1591842,0.2368,0.019,0.0827
1780783020.164505,0.2368,0.0189,0.0827
1780783020.1700017,0.2368,0.0189,0.0827
1780783020.176114,0.2368,0.019,0.0827
1780783020.181373,0.2368,0.0189,0.0827
1780783020.1868079,0.2368,0.019,0.0827
1780783020.1924407,0.2368,0.0189,0.0827
1780783020.1989372,0.2367,0.0189,0.0827
1780783020.2051992,0.2367,0.0189,0.0827
1780783020.213369,0.2368,0.0189,0.0827
1780783020.2155821,0.2368,0.0189,0.0827
1780783020.22015,0.2368,0.0189,0.0827
1780783020.2269325,0.2368,0.0189,0.0827
1780783020.232506,0.2368,0.019,0.0827
1780783020.2380862,0.2368,0.0189,0.0827
1780783020.2428746,0.2367,0.0189,0.0827
1780783020.2493775,0.2367,0.0189,0.0827
1780783020.2542481,0.2368,0.0189,0.0827
1780783020.259009,0.2368,0.0189,0.0827
1780783020.2644668,0.2368,0.019,0.0827
1780783020.270028,0.2368,0.0189,0.0827
1780783020.275448,0.2368,0.0189,0.0827
1780783020.2818828,0.2368,0.019,0.0827
1780783020.287536,0.2368,0.0189,0.0827
1780783020.2922795,0.2367,0.0189,0.0827
1780783020.297744,0.2367,0.0189,0.0827
1780783020.3032463,0.2367,0.0189,0.0827
1780783020.3087304,0.2368,0.0189,0.0827
1780783020.3149743,0.2368,0.0189,0.0827
1780783020.3208683,0.2368,0.0189,0.0827
1780783020.3257194,0.2368,0.0189,0.0827
1780783020.3311257,0.2368,0.0189,0.0827
1780783020.3366644,0.2368,0.0189,0.0827
1780783020.3425233,0.2368,0.0189,0.0827
1780783020.3479095,0.2367,0.0189,0.0827
1780783020.3536546,0.2368,0.0189,0.0827
1780783020.3594742,0.2368,0.0189,0.0827
1780783020.3692696,0.2368,0.019,0.0827
1780783020.3716598,0.2368,0.0189,0.0827
1780783020.3768046,0.2368,0.0189,0.0827
1780783020.3834434,0.2368,0.0189,0.0827
1780783020.38977,0.2368,0.019,0.0827
1780783020.40232,0.2368,0.0189,0.0827
1780783020.4029906,0.2367,0.0189,0.0827
1780783020.403653,0.2368,0.0189,0.0827
1780783020.4088829,0.2368,0.0189,0.0827
1780783020.414399,0.2368,0.0189,0.0827
1780783020.4203157,0.2368,0.0189,0.0827
1780783020.4258392,0.2368,0.0189,0.0827
1780783020.4328046,0.2368,0.0189,0.0827
1780783020.4372706,0.2368,0.019,0.0827
1780783020.442704,0.2368,0.019,0.0827
1780783020.4479969,0.2368,0.019,0.0827
1780783020.454211,0.2368,0.019,0.0827
1780783020.4589565,0.2368,0.019,0.0827
1780783020.4645612,0.2368,0.0189,0.0827
1780783020.470133,0.2368,0.0189,0.0827
1780783020.4754908,0.2368,0.019,0.0827
1780783020.482267,0.2368,0.0189,0.0827
1780783020.4870088,0.2368,0.0189,0.0827
1780783020.492372,0.2368,0.0189,0.0827
1780783020.4978316,0.2368,0.0189,0.0827
1780783020.5109403,0.2368,0.0189,0.0827
1780783020.5116847,0.2368,0.0189,0.0827
1780783020.5148857,0.2368,0.0189,0.0827
1780783020.520146,0.2368,0.0189,0.0827
1780783020.5267544,0.2368,0.0189,0.0827
1780783020.5334787,0.2368,0.0189,0.0827
1780783020.5381823,0.2368,0.0189,0.0827
1780783020.5424426,0.2368,0.0189,0.0827
1780783020.550507,0.2367,0.0189,0.0827
1780783020.554149,0.2368,0.0189,0.0827
1780783020.560419,0.2368,0.019,0.0827
1780783020.5642366,0.2368,0.0189,0.0827
1780783020.5700767,0.2368,0.0189,0.0827
1780783020.5757604,0.2368,0.0189,0.0827
1780783020.5816221,0.2368,0.0189,0.0827
1780783020.5875623,0.2368,0.019,0.0827
1780783020.5924444,0.2367,0.0189,0.0827
1780783020.5977569,0.2367,0.0189,0.0827
1780783020.6037464,0.2368,0.0189,0.0827
1780783020.6091456,0.2368,0.019,0.0827
1780783020.6147423,0.2368,0.0189,0.0827
1780783020.6209054,0.2368,0.0189,0.0827
1780783020.6255229,0.2368,0.019,0.0827
1780783020.631834,0.2368,0.0189,0.0827
1780783020.6369474,0.2368,0.019,0.0827
1780783020.642646,0.2368,0.019,0.0827
1780783020.6479604,0.2368,0.0189,0.0827
1780783020.6635797,0.2368,0.019,0.0827
1780783020.6643307,0.2368,0.0189,0.0827
1780783020.6660354,0.2368,0.0189,0.0827
1780783020.672133,0.2368,0.0189,0.0827
1780783020.6758282,0.2368,0.0189,0.0827
1780783020.6815808,0.2368,0.019,0.0827
1780783020.6869116,0.2368,0.0189,0.0827
1780783020.692917,0.2368,0.0189,0.0827
1780783020.700251,0.2368,0.019,0.0827
1780783020.7034285,0.2368,0.0189,0.0827
1780783020.7089965,0.2368,0.019,0.0827
1780783020.7146327,0.2368,0.0189,0.0827
1780783020.7204297,0.2368,0.0189,0.0827
1780783020.7255876,0.2368,0.019,0.0827
1780783020.7310252,0.2368,0.019,0.0827
1780783020.7364275,0.2368,0.0189,0.0827
1780783020.7426536,0.2367,0.0189,0.0827
1780783020.7480035,0.2367,0.0189,0.0827
1780783020.7535396,0.2367,0.0189,0.0827
1780783020.7627392,0.2368,0.0189,0.0827
1780783020.765697,0.2368,0.019,0.0827
1780783020.7700522,0.2368,0.0189,0.0827
1780783020.775733,0.2368,0.0189,0.0827
1780783020.78152,0.2368,0.0189,0.0827
1780783020.7871046,0.2368,0.019,0.0827
1780783020.7919278,0.2368,0.0189,0.0827
1780783020.7979498,0.2368,0.0189,0.0827
1780783020.8395045,0.2368,0.0189,0.0827
1780783020.840217,0.2368,0.0189,0.0827
1780783020.8408673,0.2368,0.0189,0.0827
1780783020.841334,0.2368,0.019,0.0827
1780783020.8419774,0.2368,0.019,0.0827
1780783020.8424575,0.2368,0.0189,0.0827
1780783020.8429337,0.2368,0.019,0.0827
1780783020.8435652,0.2368,0.019,0.0827
1780783020.8478699,0.2368,0.019,0.0827
1780783020.8543477,0.2368,0.019,0.0827
1780783020.8587997,0.2368,0.019,0.0827
1780783020.8650794,0.2368,0.0189,0.0827
1780783020.8706625,0.2368,0.0189,0.0827
1780783020.875741,0.2368,0.0189,0.0827
1780783020.8827844,0.2368,0.019,0.0827
1780783020.8878818,0.2368,0.019,0.0827
1780783020.8924189,0.2368,0.019,0.0827
1780783020.8983011,0.2367,0.0189,0.0827
1780783020.903602,0.2368,0.019,0.0827
1780783020.913491,0.2368,0.019,0.0827
1780783020.9143589,0.2368,0.0189,0.0827
1780783020.9200668,0.2368,0.019,0.0827
1780783020.9263194,0.2368,0.019,0.0827
1780783020.9314394,0.2368,0.019,0.0827
1780783020.9370418,0.2368,0.0189,0.0827
1780783020.9479918,0.2367,0.019,0.0827
1780783020.9495213,0.2367,0.019,0.0827
1780783020.954964,0.2368,0.019,0.0827
1780783020.9594896,0.2368,0.0189,0.0827
1780783020.964523,0.2368,0.0189,0.0827
1780783020.9706438,0.2368,0.0189,0.0827
1780783020.9754639,0.2368,0.0189,0.0827
1780783020.9810061,0.2368,0.019,0.0827
1780783020.9871624,0.2368,0.019,0.0827
1780783020.9924004,0.2368,0.019,0.0827
1780783020.9982262,0.2367,0.0189,0.0827
1780783021.003609,0.2368,0.019,0.0827
1780783021.00914,0.2368,0.019,0.0827
1780783021.0145416,0.2368,0.019,0.0827
1780783021.0208266,0.2368,0.019,0.0827
1780783021.0258443,0.2368,0.0189,0.0827
1780783021.0313098,0.2368,0.019,0.0827
1780783021.0365062,0.2368,0.0189,0.0827
1780783021.043513,0.2368,0.019,0.0827
1780783021.048042,0.2367,0.0189,0.0827
1780783021.0536115,0.2368,0.019,0.0827
1780783021.0592046,0.2368,0.0189,0.0827
1780783021.0657017,0.2368,0.019,0.0827
1780783021.070091,0.2368,0.0189,0.0827
1780783021.0758657,0.2368,0.0189,0.0827
1780783021.08156,0.2368,0.019,0.0827
1780783021.086987,0.2368,0.0189,0.0827
1780783021.0928257,0.2368,0.019,0.0827
1780783021.102995,0.2368,0.019,0.0827
1780783021.1058252,0.2368,0.019,0.0827
1780783021.1332514,0.2368,0.019,0.0827
1780783021.1338108,0.2368,0.0189,0.0827
1780783021.134278,0.2368,0.0189,0.0827
1780783021.1347194,0.2368,0.0189,0.0827
1780783021.1352875,0.2368,0.019,0.0827
1780783021.1372411,0.2368,0.019,0.0827
1780783021.145104,0.2368,0.0189,0.0827
1780783021.149507,0.2368,0.0189,0.0827
1780783021.1533556,0.2368,0.0189,0.0827
1780783021.1588767,0.2368,0.0189,0.0827
1780783021.1643503,0.2368,0.019,0.0827
1780783021.1716368,0.2368,0.019,0.0827
1780783021.1754997,0.2368,0.019,0.0827
1780783021.1815152,0.2368,0.019,0.0827
1780783021.1865706,0.2368,0.0189,0.0827
1780783021.192139,0.2367,0.0189,0.0827
1780783021.1975727,0.2367,0.019,0.0827
1780783021.2033093,0.2368,0.019,0.0827
1780783021.2090235,0.2368,0.0189,0.0827
1780783021.2155282,0.2368,0.0189,0.0827
1780783021.2201786,0.2368,0.0189,0.0827
1780783021.225953,0.2368,0.0189,0.0827
1780783021.2313137,0.2368,0.0189,0.0827
1780783021.2439744,0.2368,0.0189,0.0827
1780783021.2446344,0.2368,0.019,0.0827
1780783021.250632,0.2367,0.0189,0.0827
1780783021.253663,0.2368,0.019,0.0827
1780783021.2591367,0.2368,0.0189,0.0827
1780783021.2645156,0.2368,0.0189,0.0827
1780783021.2704437,0.2368,0.019,0.0827
1780783021.2756312,0.2368,0.0189,0.0827
1780783021.281746,0.2368,0.0189,0.0827
1780783021.2868912,0.2368,0.0189,0.0827
1780783021.2924068,0.2368,0.019,0.0827
1780783021.2990675,0.2368,0.019,0.0827
1780783021.3034217,0.2368,0.019,0.0827
1780783021.3089633,0.2368,0.0189,0.0827
1780783021.3147428,0.2368,0.0189,0.0827
1780783021.320322,0.2368,0.0189,0.0827
1780783021.3256662,0.2368,0.0189,0.0827
1780783021.3313138,0.2368,0.019,0.0827
1780783021.3375027,0.2368,0.019,0.0827
1780783021.342863,0.2367,0.0189,0.0827
1780783021.348675,0.2368,0.019,0.0827
1780783021.353413,0.2368,0.0189,0.0827
1780783021.3588343,0.2368,0.019,0.0827
1780783021.3643625,0.2368,0.019,0.0827
1780783021.3702285,0.2368,0.0189,0.0827
1780783021.3782983,0.2368,0.0189,0.0827
1780783021.3867056,0.2368,0.0189,0.0827
1780783021.3882108,0.2368,0.019,0.0827
1780783021.393175,0.2367,0.0189,0.0827
1780783021.399238,0.2367,0.019,0.0827
1780783021.4045446,0.2368,0.019,0.0827
1780783021.4099922,0.2368,0.0189,0.0827
1780783021.4147558,0.2368,0.0189,0.0827
1780783021.4203207,0.2368,0.0189,0.0827
1780783021.425739,0.2368,0.0189,0.0827
1780783021.4375117,0.2368,0.0189,0.0827
1780783021.438448,0.2368,0.0189,0.0827
1780783021.4425683,0.2367,0.0189,0.0827
1780783021.447957,0.2367,0.019,0.0827
1780783021.4541733,0.2367,0.019,0.0827
1780783021.458845,0.2368,0.019,0.0827
1780783021.464749,0.2368,0.0189,0.0827
1780783021.4709184,0.2368,0.019,0.0827
1780783021.4760299,0.2368,0.019,0.0827
1780783021.4843402,0.2368,0.0189,0.0827
1780783021.490187,0.2368,0.019,0.0827
1780783021.4931238,0.2367,0.019,0.0827
1780783021.4990344,0.2367,0.019,0.0827
1780783021.503278,0.2368,0.019,0.0827
1780783021.5090485,0.2368,0.019,0.0827
1780783021.5147433,0.2368,0.019,0.0827
1780783021.520043,0.2368,0.019,0.0827
1780783021.5627112,0.2368,0.019,0.0827
1780783021.5632813,0.2368,0.019,0.0827
1780783021.5637662,0.2367,0.0189,0.0827
1780783021.5642352,0.2367,0.0189,0.0827
1780783021.5646923,0.2367,0.0189,0.0827
1780783021.5651326,0.2368,0.0189,0.0827
1780783021.5655725,0.2368,0.019,0.0827
1780783021.5661101,0.2368,0.0189,0.0827
1780783021.570618,0.2368,0.0189,0.0827
1780783021.5754523,0.2368,0.019,0.0827
1780783021.5810914,0.2368,0.0189,0.0827
1780783021.5865502,0.2368,0.0189,0.0827
1780783021.5925424,0.2368,0.0189,0.0827
1780783021.598524,0.2367,0.0189,0.0827
1780783021.6033664,0.2368,0.0189,0.0827
1780783021.6102695,0.2368,0.0189,0.0827
1780783021.6144507,0.2368,0.0189,0.0827
1780783021.6206956,0.2368,0.019,0.0827
1780783021.6258187,0.2368,0.0189,0.0827
1780783021.6312478,0.2368,0.0189,0.0827
1780783021.6364572,0.2368,0.0189,0.0827
1780783021.642646,0.2367,0.019,0.0827
1780783021.6479964,0.2368,0.019,0.0827
1780783021.6539872,0.2368,0.019,0.0827
1780783021.6592023,0.2368,0.0189,0.0827
1780783021.6644082,0.2368,0.0189,0.0827
1780783021.669999,0.2368,0.019,0.0827
1780783021.6807308,0.2368,0.0189,0.0827
1780783021.6835873,0.2368,0.019,0.0827
1780783021.6882398,0.2368,0.0189,0.0827
1780783021.7023542,0.2367,0.0189,0.0827
1780783021.703077,0.2367,0.0189,0.0827
1780783021.7035275,0.2368,0.019,0.0827
1780783021.7091367,0.2368,0.0189,0.0827
1780783021.716411,0.2368,0.019,0.0827
1780783021.720175,0.2368,0.019,0.0827
1780783021.7261055,0.2368,0.0189,0.0827
1780783021.7311213,0.2368,0.0189,0.0827
1780783021.7366767,0.2368,0.019,0.0827
1780783021.742803,0.2367,0.0189,0.0827
1780783021.7480087,0.2367,0.0189,0.0827
1780783021.75351,0.2367,0.0189,0.0827
1780783021.7589207,0.2368,0.019,0.0827
1780783021.7646253,0.2368,0.0189,0.0827
1780783021.7697825,0.2368,0.019,0.0827
1780783021.7755644,0.2368,0.019,0.0827
1780783021.7813358,0.2368,0.019,0.0827
1780783021.786886,0.2368,0.019,0.0827
1780783021.7918837,0.2367,0.019,0.0827
1780783021.797647,0.2367,0.019,0.0827
1780783021.803638,0.2368,0.019,0.0827
1780783021.8122082,0.2368,0.0189,0.0827
1780783021.818952,0.2368,0.019,0.0827
1780783021.821055,0.2368,0.019,0.0827
1780783021.825926,0.2368,0.019,0.0827
1780783021.8319044,0.2368,0.0189,0.0827
1780783021.8519623,0.2368,0.019,0.0827
1780783021.85249,0.2367,0.0189,0.0827
1780783021.8529322,0.2367,0.0189,0.0827
1780783021.853358,0.2368,0.019,0.0827
1780783021.8609412,0.2368,0.0189,0.0827
1780783021.8651326,0.2368,0.019,0.0827
1780783021.8698258,0.2368,0.019,0.0827
1780783021.8754811,0.2368,0.019,0.0827
1780783021.8816273,0.2368,0.019,0.0827
1780783021.887703,0.2368,0.019,0.0827
1780783021.8922348,0.2367,0.0189,0.0827
1780783021.8979974,0.2367,0.0189,0.0827
1780783021.9034147,0.2368,0.019,0.0827
1780783021.908845,0.2368,0.019,0.0827
1780783021.915097,0.2368,0.019,0.0827
1780783021.920118,0.2368,0.0189,0.0827
1780783021.9256828,0.2368,0.019,0.0827
1780783021.93104,0.2368,0.019,0.0827
1780783021.936486,0.2368,0.019,0.0827
1780783021.942542,0.2367,0.0189,0.0827
1780783021.9586997,0.2367,0.019,0.0827
1780783021.959357,0.2367,0.019,0.0827
1780783021.9606407,0.2368,0.019,0.0827
1780783021.9653401,0.2368,0.0189,0.0827
1780783021.9723496,0.2368,0.019,0.0827
1780783021.9780676,0.2368,0.0189,0.0827
1780783021.9823122,0.2368,0.019,0.0827
1780783021.9874332,0.2368,0.019,0.0827
1780783021.9921348,0.2367,0.0189,0.0827
1780783021.998028,0.2367,0.019,0.0827
1780783022.0039103,0.2367,0.0189,0.0827
1780783022.0090237,0.2368,0.0189,0.0827
1780783022.0146425,0.2368,0.019,0.0827
1780783022.0231776,0.2368,0.0189,0.0827
1780783022.0260897,0.2368,0.0189,0.0827
1780783022.030956,0.2368,0.019,0.0827
1780783022.0367012,0.2368,0.0189,0.0827
1780783022.042827,0.2367,0.0189,0.0827
1780783022.0479808,0.2367,0.019,0.0827
1780783022.0533748,0.2367,0.0189,0.0827
1780783022.0586731,0.2368,0.019,0.0827
1780783022.065281,0.2368,0.019,0.0827
1780783022.0701778,0.2368,0.019,0.0827
1780783022.0759203,0.2368,0.019,0.0827
1780783022.0818799,0.2368,0.019,0.0827
1780783022.0869424,0.2368,0.0189,0.0827
1780783022.0961444,0.2367,0.019,0.0827
1780783022.1017776,0.2367,0.0189,0.0827
1780783022.1045034,0.2367,0.0189,0.0827
1780783022.1088674,0.2368,0.0189,0.0827
1780783022.1145978,0.2368,0.019,0.0827
1780783022.1200247,0.2368,0.0189,0.0827
1780783022.125436,0.2368,0.019,0.0827
1780783022.1312249,0.2368,0.019,0.0827
1780783022.1364362,0.2368,0.019,0.0827
1780783022.14241,0.2367,0.019,0.0827
1780783022.1477666,0.2367,0.019,0.0827
1780783022.1534722,0.2367,0.019,0.0827
1780783022.1590729,0.2368,0.0189,0.0827
1780783022.1646156,0.2368,0.0189,0.0827
1780783022.1707194,0.2368,0.019,0.0827
1780783022.1753697,0.2368,0.019,0.0827
1780783022.1815507,0.2368,0.019,0.0827
1780783022.1872427,0.2368,0.0189,0.0827
1780783022.192106,0.2367,0.0189,0.0827
1780783022.199246,0.2367,0.019,0.0827
1780783022.2034743,0.2367,0.019,0.0827
1780783022.2109015,0.2368,0.019,0.0827
1780783022.214676,0.2368,0.019,0.0827
1780783022.22069,0.2368,0.0189,0.0827
1780783022.2252467,0.2368,0.019,0.0827
1780783022.2311218,0.2368,0.019,0.0827
1780783022.2423003,0.2368,0.019,0.0827
1780783022.2428846,0.2367,0.019,0.0827
1780783022.2695882,0.2367,0.019,0.0827
1780783022.2702346,0.2367,0.019,0.0827
1780783022.2707512,0.2368,0.019,0.0827
1780783022.2712288,0.2368,0.019,0.0827
1780783022.27164,0.2368,0.0189,0.0827
1780783022.275599,0.2368,0.019,0.0827
1780783022.2814946,0.2368,0.019,0.0827
1780783022.2865427,0.2368,0.019,0.0827
1780783022.2919998,0.2367,0.019,0.0827
1780783022.2980196,0.2367,0.019,0.0827
1780783022.3034496,0.2367,0.019,0.0827
1780783022.3091874,0.2368,0.019,0.0827
1780783022.3142185,0.2368,0.019,0.0827
1780783022.3200862,0.2368,0.019,0.0827
1780783022.3257365,0.2368,0.0189,0.0827
1780783022.3316386,0.2368,0.019,0.0827
1780783022.336826,0.2367,0.0189,0.0827
1780783022.3421154,0.2367,0.019,0.0827
1780783022.347649,0.2367,0.019,0.0827
1780783022.3533847,0.2367,0.019,0.0827
1780783022.359603,0.2367,0.019,0.0827
1780783022.3646615,0.2368,0.019,0.0827
1780783022.3698702,0.2368,0.019,0.0827
1780783022.3826518,0.2368,0.0189,0.0827
1780783022.3832517,0.2368,0.0189,0.0827
1780783022.3883755,0.2368,0.019,0.0827
1780783022.3943076,0.2367,0.019,0.0827
1780783022.4001215,0.2367,0.019,0.0827
1780783022.4042761,0.2367,0.019,0.0827
1780783022.4089048,0.2367,0.019,0.0827
1780783022.4144604,0.2368,0.019,0.0827
1780783022.422355,0.2368,0.0189,0.0827
1780783022.426086,0.2368,0.0189,0.0827
1780783022.431167,0.2368,0.0189,0.0827
1780783022.4372406,0.2367,0.0189,0.0827
1780783022.4425344,0.2367,0.019,0.0827
1780783022.4480858,0.2367,0.019,0.0827
1780783022.4537203,0.2367,0.019,0.0827
1780783022.4594162,0.2368,0.019,0.0827
1780783022.4646566,0.2368,0.0189,0.0827
1780783022.470135,0.2368,0.0189,0.0827
1780783022.4758337,0.2368,0.0189,0.0827
1780783022.4818542,0.2368,0.0189,0.0827
1780783022.4874582,0.2368,0.019,0.0827
1780783022.4924347,0.2367,0.0189,0.0827
1780783022.4978378,0.2367,0.0189,0.0827
1780783022.503482,0.2367,0.019,0.0827
1780783022.508818,0.2367,0.0189,0.0827
1780783022.5148096,0.2368,0.019,0.0827
1780783022.5267272,0.2368,0.0189,0.0827
1780783022.5274014,0.2368,0.0189,0.0827
1780783022.5330179,0.2368,0.0189,0.0827
1780783022.537228,0.2368,0.019,0.0827
1780783022.542837,0.2367,0.0189,0.0827
1780783022.5486577,0.2367,0.019,0.0827
1780783022.562158,0.2367,0.019,0.0827
1780783022.5630093,0.2367,0.0189,0.0827
1780783022.564492,0.2368,0.019,0.0827
1780783022.5701191,0.2368,0.019,0.0827
1780783022.5758753,0.2368,0.019,0.0827
1780783022.5814238,0.2368,0.0189,0.0827
1780783022.5874708,0.2368,0.0189,0.0827
1780783022.5922348,0.2368,0.019,0.0827
1780783022.5978162,0.2367,0.019,0.0827
1780783022.6047566,0.2367,0.019,0.0827
1780783022.6090946,0.2368,0.019,0.0827
1780783022.6150944,0.2368,0.0189,0.0827
1780783022.6200724,0.2368,0.019,0.0827
1780783022.6257682,0.2368,0.0189,0.0827
1780783022.638758,0.2368,0.0189,0.0827
1780783022.6392734,0.2368,0.019,0.0827
1780783022.642286,0.2368,0.0189,0.0827
1780783022.6496415,0.2368,0.0189,0.0827
1780783022.6533208,0.2368,0.019,0.0827
1780783022.658876,0.2367,0.0189,0.0827
1780783022.6647363,0.2368,0.019,0.0827
1780783022.6702437,0.2368,0.0189,0.0827
1780783022.6806338,0.2368,0.0189,0.0827
1780783022.6821637,0.2368,0.0189,0.0827
1780783022.6870625,0.2368,0.019,0.0827
1780783022.6930792,0.2368,0.019,0.0827
1780783022.6985238,0.2367,0.019,0.0827
1780783022.7046173,0.2367,0.019,0.0827
1780783022.7105172,0.2368,0.019,0.0827
1780783022.7144682,0.2368,0.019,0.0827
1780783022.7202163,0.2368,0.019,0.0827
1780783022.7260077,0.2368,0.019,0.0827
1780783022.7317579,0.2368,0.0189,0.0827
1780783022.7375505,0.2368,0.0189,0.0827
1780783022.7423046,0.2368,0.019,0.0827
1780783022.7479558,0.2367,0.0189,0.0827
1780783022.7532053,0.2368,0.019,0.0827
1780783022.7593062,0.2368,0.019,0.0827
1780783022.7652287,0.2368,0.019,0.0827
1780783022.7697613,0.2368,0.019,0.0827
1780783022.7759929,0.2368,0.019,0.0827
1780783022.782339,0.2368,0.019,0.0827
1780783022.7869496,0.2368,0.019,0.0827
1780783022.7919147,0.2368,0.0189,0.0827
1780783022.797648,0.2368,0.019,0.0827
1780783022.803682,0.2367,0.019,0.0827
1780783022.8092053,0.2368,0.0189,0.0827
1780783022.821093,0.2368,0.019,0.0827
1780783022.821716,0.2368,0.0189,0.0827
1780783022.8253965,0.2368,0.0189,0.0827
1780783022.8315003,0.2368,0.0189,0.0827
1780783022.8379161,0.2368,0.019,0.0827
1780783022.8425539,0.2368,0.0189,0.0827
1780783022.848226,0.2367,0.0189,0.0827
1780783022.8529882,0.2368,0.0189,0.0827
1780783022.8587534,0.2368,0.0189,0.0827
1780783022.8647468,0.2368,0.019,0.0827
1780783022.8700042,0.2368,0.019,0.0827
1780783022.875778,0.2368,0.019,0.0827
1780783022.881052,0.2368,0.0189,0.0827
1780783022.8867998,0.2368,0.0189,0.0827
1780783022.8923619,0.2368,0.019,0.0827
1780783022.8977997,0.2367,0.019,0.0827
1780783022.9032314,0.2368,0.019,0.0827
1780783022.9089763,0.2368,0.019,0.0827
1780783022.9152124,0.2368,0.019,0.0827
1780783022.9197977,0.2368,0.019,0.0827
1780783022.9256146,0.2368,0.0189,0.0827
1780783022.9317927,0.2368,0.0189,0.0827
1780783022.936553,0.2368,0.019,0.0827
1780783022.943114,0.2367,0.0189,0.0827
1780783022.9477565,0.2368,0.019,0.0827
1780783022.9533167,0.2368,0.019,0.0827
1780783022.9629126,0.2368,0.019,0.0827
1780783022.9918377,0.2368,0.019,0.0827
1780783022.9923708,0.2368,0.019,0.0827
1780783022.9928222,0.2368,0.019,0.0827
1780783022.9933991,0.2368,0.019,0.0827
1780783022.993847,0.2368,0.019,0.0827
1780783022.9942565,0.2367,0.0189,0.0827
1780783022.997952,0.2367,0.019,0.0827
1780783023.0034432,0.2367,0.0189,0.0827
1780783023.0086813,0.2368,0.0189,0.0827
1780783023.0142994,0.2368,0.019,0.0827
1780783023.0201118,0.2368,0.0189,0.0827
1780783023.0262773,0.2368,0.0189,0.0827
1780783023.0312557,0.2368,0.0189,0.0827
1780783023.036873,0.2368,0.019,0.0827
1780783023.0425904,0.2367,0.0189,0.0827
1780783023.0476599,0.2367,0.019,0.0827
1780783023.0534728,0.2367,0.019,0.0827
1780783023.0590143,0.2368,0.019,0.0827
1780783023.0646033,0.2368,0.019,0.0827
1780783023.0701928,0.2368,0.0189,0.0827
1780783023.0755394,0.2368,0.0189,0.0827
1780783023.0813687,0.2368,0.019,0.0827
1780783023.08691,0.2368,0.0189,0.0827
1780783023.1007981,0.2367,0.0189,0.0827
1780783023.1014624,0.2367,0.019,0.0827
1780783023.1034172,0.2368,0.019,0.0827
1780783023.109707,0.2368,0.019,0.0827
1780783023.1146417,0.2368,0.019,0.0827
1780783023.1211638,0.2368,0.0189,0.0827
1780783023.1258256,0.2368,0.0189,0.0827
1780783023.1312022,0.2368,0.0189,0.0827
1780783023.1369605,0.2368,0.019,0.0827
1780783023.1421423,0.2368,0.019,0.0827
1780783023.14841,0.2367,0.019,0.0827
1780783023.1535795,0.2368,0.019,0.0827
1780783023.1591394,0.2368,0.019,0.0827
1780783023.164463,0.2368,0.019,0.0827
1780783023.1699772,0.2368,0.0189,0.0827
1780783023.1755364,0.2368,0.019,0.0827
1780783023.1815464,0.2368,0.019,0.0827
1780783023.188606,0.2368,0.0189,0.0827
1780783023.192162,0.2368,0.019,0.0827
1780783023.1977437,0.2367,0.019,0.0827
1780783023.203361,0.2367,0.0189,0.0827
1780783023.209347,0.2367,0.0189,0.0827
1780783023.2146637,0.2368,0.019,0.0827
1780783023.2202861,0.2368,0.0189,0.0827
1780783023.2259088,0.2368,0.019,0.0827
1780783023.2309785,0.2368,0.0189,0.0827
1780783023.2368343,0.2368,0.019,0.0827
1780783023.2430363,0.2368,0.019,0.0827
1780783023.2500834,0.2367,0.019,0.0827
1780783023.2562478,0.2367,0.019,0.0827
1780783023.2588882,0.2368,0.019,0.0827
1780783023.2644725,0.2368,0.019,0.0827
1780783023.2707074,0.2368,0.0189,0.0827
1780783023.2892416,0.2368,0.0189,0.0827
1780783023.2898078,0.2368,0.019,0.0827
1780783023.2902572,0.2368,0.019,0.0827
1780783023.2928245,0.2368,0.019,0.0827
1780783023.2981246,0.2367,0.0189,0.0827
1780783023.3037581,0.2368,0.019,0.0827
1780783023.3090134,0.2368,0.0189,0.0827
1780783023.3145068,0.2368,0.019,0.0827
1780783023.321223,0.2368,0.0189,0.0827
1780783023.3254812,0.2368,0.019,0.0827
1780783023.3313706,0.2368,0.019,0.0827
1780783023.3370118,0.2368,0.019,0.0827
1780783023.3531556,0.2368,0.019,0.0827
1780783023.3539162,0.2367,0.0189,0.0827
1780783023.3547494,0.2367,0.0189,0.0827
1780783023.3594627,0.2367,0.0189,0.0827
1780783023.364871,0.2368,0.019,0.0827
1780783023.3840833,0.2368,0.019,0.0827
1780783023.399264,0.2368,0.019,0.0827
1780783023.4004412,0.2368,0.019,0.0827
1780783023.4026475,0.2368,0.019,0.0827
1780783023.4041348,0.2367,0.0189,0.0827
1780783023.4057314,0.2367,0.019,0.0827
1780783023.4080205,0.2367,0.019,0.0827
1780783023.4093287,0.2367,0.0189,0.0827
1780783023.4148805,0.2368,0.019,0.0827
1780783023.420486,0.2368,0.019,0.0827
1780783023.4263086,0.2368,0.0189,0.0827
1780783023.43183,0.2368,0.0189,0.0827
1780783023.4398477,0.2368,0.019,0.0827
1780783023.44316,0.2368,0.019,0.0827
1780783023.4514346,0.2367,0.019,0.0827
1780783023.4544482,0.2367,0.0189,0.0827
1780783023.4594994,0.2368,0.019,0.0827
1780783023.4646912,0.2368,0.019,0.0827
1780783023.4705284,0.2368,0.019,0.0827
1780783023.475568,0.2368,0.019,0.0827
1780783023.4813673,0.2368,0.0189,0.0827
1780783023.4875731,0.2368,0.019,0.0827
1780783023.4924114,0.2367,0.0189,0.0827
1780783023.4979155,0.2367,0.0189,0.0827
1780783023.5033755,0.2367,0.0189,0.0827
1780783023.5088575,0.2368,0.019,0.0827
1780783023.5149028,0.2368,0.019,0.0827
1780783023.5201166,0.2368,0.0189,0.0827
1780783023.5327451,0.2368,0.019,0.0827
1780783023.5333693,0.2368,0.019,0.0827
1780783023.536895,0.2368,0.019,0.0827
1780783023.5421696,0.2368,0.019,0.0827
1780783023.5483625,0.2367,0.019,0.0827
1780783023.5634918,0.2367,0.019,0.0827
1780783023.5642705,0.2368,0.019,0.0827
1780783023.5658722,0.2368,0.019,0.0827
1780783023.5713792,0.2368,0.0189,0.0827
1780783023.5784178,0.2368,0.019,0.0827
1780783023.5838637,0.2368,0.0189,0.0827
1780783023.5876544,0.2368,0.019,0.0827
1780783023.6007679,0.2368,0.019,0.0827
1780783023.601391,0.2367,0.0189,0.0827
1780783023.6055107,0.2367,0.019,0.0827
1780783023.6095011,0.2368,0.019,0.0827
1780783023.6150172,0.2368,0.019,0.0827
1780783023.6200721,0.2368,0.0189,0.0827
1780783023.625588,0.2368,0.019,0.0827
1780783023.63253,0.2368,0.019,0.0827
1780783023.6466534,0.2368,0.019,0.0827
1780783023.6477993,0.2368,0.019,0.0827
1780783023.6529965,0.2367,0.019,0.0827
1780783023.653728,0.2368,0.019,0.0827
1780783023.6592855,0.2368,0.019,0.0827
1780783023.6646242,0.2368,0.019,0.0827
1780783023.6758409,0.2368,0.019,0.0827
1780783023.6766677,0.2368,0.019,0.0827
1780783023.6831288,0.2368,0.019,0.0827
1780783023.6866076,0.2368,0.019,0.0827
1780783023.6932437,0.2367,0.0189,0.0827
1780783023.701955,0.2368,0.019,0.0827
1780783023.7221437,0.2368,0.019,0.0827
1780783023.7255597,0.2368,0.019,0.0827
1780783023.72691,0.2368,0.019,0.0827
1780783023.7300017,0.2368,0.019,0.0827
1780783023.732483,0.2368,0.0189,0.0827
1780783023.7336044,0.2368,0.0189,0.0827
1780783023.740804,0.2368,0.0189,0.0827
1780783023.7438161,0.2367,0.0189,0.0827
1780783023.7489588,0.2368,0.019,0.0827
1780783023.75696,0.2367,0.0189,0.0827
1780783023.759688,0.2368,0.019,0.0827
1780783023.7684782,0.2368,0.0189,0.0827
1780783023.7714772,0.2368,0.0189,0.0827
1780783023.7855327,0.2368,0.0189,0.0827
1780783023.786788,0.2368,0.0189,0.0827
1780783023.788082,0.2368,0.0189,0.0827
1780783023.794374,0.2367,0.0189,0.0827
1780783023.8014016,0.2367,0.0189,0.0827
1780783023.8044207,0.2368,0.019,0.0827
1780783023.8107674,0.2368,0.0189,0.0827
1780783023.8151038,0.2368,0.0189,0.0827
1780783023.8211296,0.2368,0.0189,0.0827
1780783023.8264217,0.2368,0.019,0.0827
1780783023.8324099,0.2368,0.0189,0.0827
1780783023.848832,0.2368,0.019,0.0827
1780783023.850005,0.2368,0.019,0.0827
1780783023.8507612,0.2368,0.019,0.0827
1780783023.857255,0.2368,0.019,0.0827
1780783023.8588448,0.2368,0.0189,0.0827
1780783023.8745162,0.2368,0.0189,0.0827
1780783023.8759267,0.2368,0.019,0.0827
1780783023.880711,0.2368,0.0189,0.0827
1780783023.9212947,0.2368,0.0189,0.0827
1780783024.0000408,0.2368,0.0189,0.0827
1780783024.0012891,0.2368,0.0189,0.0827
1780783024.002441,0.2368,0.019,0.0827
1780783024.0036256,0.2367,0.0189,0.0827
1780783024.0047922,0.2368,0.019,0.0827
1780783024.0059283,0.2368,0.0189,0.0827
1780783024.0070288,0.2368,0.0189,0.0827
1780783024.008196,0.2368,0.0189,0.0827
1780783024.009379,0.2368,0.0189,0.0827
1780783024.0105755,0.2368,0.0189,0.0827
1780783024.0118585,0.2368,0.019,0.0827
1780783024.0131876,0.2368,0.0189,0.0827
1780783024.014521,0.2368,0.019,0.0827
1780783024.0159078,0.2368,0.019,0.0827
1780783024.0171592,0.2368,0.019,0.0827
1780783024.0182714,0.2368,0.0189,0.0827
1780783024.0194647,0.2368,0.019,0.0827
1780783024.0206478,0.2368,0.019,0.0827
1780783024.0218837,0.2368,0.019,0.0827
1780783024.0261052,0.2368,0.0189,0.0827
1780783024.0273225,0.2368,0.0189,0.0827
1780783024.0285404,0.2368,0.0189,0.0827
1780783024.029878,0.2368,0.0189,0.0827
1780783024.031063,0.2368,0.019,0.0827
1780783024.0339491,0.2368,0.0189,0.0827
1780783024.035218,0.2368,0.0189,0.0827
1780783024.0364194,0.2368,0.0189,0.0827
1780783024.0493722,0.2368,0.019,0.0827
1780783024.050773,0.2368,0.0189,0.0827
1780783024.0519772,0.2368,0.0189,0.0827
1780783024.0658972,0.2368,0.0189,0.0827
1780783024.067269,0.2368,0.0189,0.0827
1780783024.0684187,0.2368,0.019,0.0827
1780783024.0815027,0.2368,0.0189,0.0827
1780783024.0830579,0.2368,0.019,0.0827
1780783024.0843072,0.2368,0.0189,0.0827
1780783024.088651,0.2368,0.0189,0.0827
1780783024.0926774,0.2368,0.019,0.0827
1780783024.1217678,0.2368,0.019,0.0827
1780783024.224811,0.2368,0.019,0.0827
1780783024.2305205,0.2368,0.019,0.0827
1780783024.2319672,0.2368,0.0189,0.0827
1780783024.2332723,0.2368,0.019,0.0827
1780783024.2344062,0.2368,0.019,0.0827
1780783024.235626,0.2368,0.019,0.0827
1780783024.2368152,0.2368,0.019,0.0827
1780783024.2379804,0.2368,0.019,0.0827
1780783024.239115,0.2367,0.0189,0.0827
1780783024.2403274,0.2368,0.019,0.0827
1780783024.241468,0.2368,0.019,0.0827
1780783024.2426348,0.2368,0.019,0.0827
1780783024.2438555,0.2368,0.0189,0.0827
1780783024.2450962,0.2368,0.0189,0.0827
1780783024.246491,0.2368,0.0189,0.0827
1780783024.2477021,0.2368,0.019,0.0827
1780783024.2488956,0.2367,0.0189,0.0827
1780783024.2500677,0.2368,0.019,0.0827
1780783024.2512197,0.2368,0.019,0.0827
1780783024.2523432,0.2368,0.0189,0.0827
1780783024.2534347,0.2368,0.019,0.0827
1780783024.2545764,0.2368,0.019,0.0827
1780783024.2556918,0.2368,0.0189,0.0827
1780783024.2568228,0.2368,0.019,0.0827
1780783024.2579873,0.2368,0.019,0.0827
1780783024.2591238,0.2368,0.019,0.0827
1780783024.2601955,0.2368,0.0189,0.0827
1780783024.2636514,0.2368,0.019,0.0827
1780783024.2651975,0.2368,0.019,0.0827
1780783024.2663853,0.2368,0.019,0.0827
1780783024.2712777,0.2368,0.019,0.0827
1780783024.277412,0.2368,0.0189,0.0827
1780783024.2818513,0.2368,0.019,0.0827
1780783024.287862,0.2368,0.0189,0.0827
1780783024.2925677,0.2368,0.019,0.0827
1780783024.2981322,0.2368,0.019,0.0827
1780783024.3044283,0.2368,0.019,0.0827
1780783024.3113968,0.2368,0.0189,0.0827
1780783024.3202093,0.2368,0.019,0.0827
1780783024.428434,0.2368,0.0189,0.0827
1780783024.429834,0.2368,0.0189,0.0827
1780783024.4310122,0.2368,0.0189,0.0827
1780783024.4322724,0.2368,0.019,0.0827
1780783024.4334629,0.2368,0.0189,0.0827
1780783024.4346206,0.2368,0.019,0.0827
1780783024.4384768,0.2367,0.0189,0.0827
1780783024.442833,0.2368,0.019,0.0827
1780783024.4441905,0.2368,0.019,0.0827
1780783024.4453926,0.2368,0.019,0.0827
1780783024.4466972,0.2368,0.019,0.0827
1780783024.4479804,0.2368,0.019,0.0827
1780783024.460694,0.2368,0.019,0.0827
1780783024.4620557,0.2368,0.019,0.0827
1780783024.4632692,0.2367,0.019,0.0827
1780783024.4646246,0.2368,0.019,0.0827
1780783024.4658134,0.2368,0.019,0.0827
1780783024.4670203,0.2368,0.0189,0.0827
1780783024.4681818,0.2368,0.019,0.0827
1780783024.469301,0.2368,0.0189,0.0827
1780783024.4704406,0.2368,0.019,0.0827
1780783024.4716523,0.2368,0.019,0.0827
1780783024.4728227,0.2368,0.019,0.0827
1780783024.474086,0.2367,0.019,0.0827
1780783024.4752643,0.2367,0.019,0.0827
1780783024.481449,0.2368,0.019,0.0827
1780783024.4827423,0.2368,0.019,0.0827
1780783024.4840503,0.2368,0.019,0.0827
1780783024.4851925,0.2368,0.019,0.0827
1780783024.4865572,0.2368,0.019,0.0827
1780783024.4990416,0.2368,0.0189,0.0827
1780783024.500384,0.2367,0.019,0.0827
1780783024.501518,0.2367,0.019,0.0827
1780783024.515082,0.2367,0.019,0.0827
1780783024.537235,0.2368,0.019,0.0827
1780783024.5386062,0.2368,0.019,0.0827
1780783024.6228309,0.2368,0.019,0.0827
1780783024.6241906,0.2368,0.019,0.0827
1780783024.6253946,0.2368,0.0189,0.0827
1780783024.6265435,0.2368,0.019,0.0827
1780783024.6277392,0.2367,0.0189,0.0827
1780783024.6288671,0.2367,0.019,0.0827
1780783024.630081,0.2368,0.019,0.0827
1780783024.6322145,0.2368,0.0189,0.0827
1780783024.633467,0.2368,0.0189,0.0827
1780783024.634839,0.2368,0.019,0.0827
1780783024.6364017,0.2368,0.0189,0.0827
1780783024.6376615,0.2368,0.0189,0.0827
1780783024.6388524,0.2368,0.0189,0.0827
1780783024.6400123,0.2367,0.0189,0.0827
1780783024.6411924,0.2367,0.0189,0.0827
1780783024.6465175,0.2368,0.0189,0.0827
1780783024.6480474,0.2368,0.019,0.0827
1780783024.6494172,0.2368,0.019,0.0827
1780783024.6506503,0.2368,0.019,0.0827
1780783024.6520133,0.2368,0.0189,0.0827
1780783024.653284,0.2368,0.019,0.0827
1780783024.654502,0.2368,0.0189,0.0827
1780783024.655712,0.2368,0.019,0.0827
1780783024.6569042,0.2368,0.019,0.0827
1780783024.6580665,0.2367,0.019,0.0827
1780783024.6685545,0.2368,0.0189,0.0827
1780783024.6700604,0.2368,0.019,0.0827
1780783024.671338,0.2368,0.019,0.0827
1780783024.6758626,0.2368,0.0189,0.0827
1780783024.6827154,0.2368,0.019,0.0827
1780783024.6879601,0.2368,0.019,0.0827
1780783024.6928344,0.2368,0.019,0.0827
1780783024.698501,0.2367,0.019,0.0827
1780783024.7037292,0.2367,0.019,0.0827
1780783024.7094755,0.2368,0.019,0.0827
1780783024.7150095,0.2368,0.019,0.0827
1780783024.7413352,0.2368,0.0189,0.0827
1780783024.8279343,0.2368,0.019,0.0827
1780783024.8292072,0.2368,0.019,0.0827
1780783024.8303647,0.2368,0.019,0.0827
1780783024.8316462,0.2367,0.0189,0.0827
1780783024.832741,0.2367,0.019,0.0827
1780783024.8338149,0.2367,0.019,0.0827
1780783024.834907,0.2368,0.019,0.0827
1780783024.8359842,0.2368,0.0189,0.0827
1780783024.8371665,0.2368,0.0189,0.0827
1780783024.8383536,0.2368,0.019,0.0827
1780783024.8395333,0.2368,0.0189,0.0827
1780783024.8407047,0.2368,0.0189,0.0827
1780783024.8417983,0.2367,0.019,0.0827
1780783024.8447976,0.2367,0.0189,0.0827
1780783024.8461554,0.2367,0.019,0.0827
1780783024.847378,0.2368,0.019,0.0827
1780783024.8485632,0.2368,0.019,0.0827
1780783024.8497236,0.2368,0.0189,0.0827
1780783024.850869,0.2368,0.0189,0.0827
1780783024.8520274,0.2368,0.019,0.0827
1780783024.8531446,0.2368,0.0189,0.0827
1780783024.8543465,0.2367,0.0189,0.0827
1780783024.8555377,0.2367,0.019,0.0827
1780783024.8567173,0.2367,0.019,0.0827
1780783024.8597236,0.2368,0.0189,0.0827
1780783024.8647468,0.2368,0.0189,0.0827
1780783024.8705325,0.2368,0.019,0.0827
1780783024.8780048,0.2368,0.0189,0.0827
1780783024.8820806,0.2368,0.0189,0.0827
1780783024.888138,0.2368,0.019,0.0827
1780783024.892739,0.2367,0.019,0.0827
1780783024.8983803,0.2367,0.0189,0.0827
1780783024.9043438,0.2367,0.019,0.0827
1780783024.9146805,0.2368,0.019,0.0827
1780783024.9164393,0.2368,0.019,0.0827
1780783024.9310298,0.2368,0.0189,0.0827
1780783024.9324572,0.2368,0.019,0.0827
1780783024.933522,0.2368,0.019,0.0827
1780783024.95719,0.2368,0.0189,0.0827
1780783025.025441,0.2367,0.0189,0.0827
1780783025.0266492,0.2367,0.0189,0.0827
1780783025.0276816,0.2367,0.0189,0.0827
1780783025.0286741,0.2367,0.019,0.0827
1780783025.0296783,0.2368,0.019,0.0827
1780783025.030717,0.2368,0.019,0.0827
1780783025.0318131,0.2368,0.019,0.0827
1780783025.0331476,0.2368,0.019,0.0827
1780783025.0343246,0.2368,0.019,0.0827
1780783025.0355256,0.2368,0.019,0.0827
1780783025.03683,0.2367,0.019,0.0827
1780783025.0381446,0.2367,0.019,0.0827
1780783025.039369,0.2367,0.019,0.0827
1780783025.0406327,0.2368,0.019,0.0827
1780783025.0418293,0.2368,0.019,0.0827
1780783025.0430157,0.2368,0.019,0.0827
1780783025.0441835,0.2368,0.019,0.0827
1780783025.0452383,0.2368,0.019,0.0827
1780783025.0463266,0.2367,0.0189,0.0827
1780783025.0592046,0.2367,0.019,0.0827
1780783025.0630412,0.2367,0.019,0.0827
1780783025.0644858,0.2367,0.019,0.0827
1780783025.0737526,0.2368,0.019,0.0827
1780783025.0752094,0.2368,0.019,0.0827
1780783025.0810878,0.2368,0.019,0.0827
1780783025.09014,0.2368,0.019,0.0827
1780783025.091426,0.2368,0.019,0.0827
1780783025.0927613,0.2368,0.019,0.0827
1780783025.102958,0.2367,0.019,0.0827
1780783025.1061256,0.2367,0.019,0.0827
1780783025.1102214,0.2368,0.019,0.0827
1780783025.1179874,0.2368,0.019,0.0827
1780783025.1406102,0.2368,0.019,0.0827
1780783025.1480153,0.2368,0.0189,0.0827
1780783025.1500406,0.2368,0.0189,0.0827
1780783025.153011,0.2368,0.019,0.0827
1780783025.1563764,0.2368,0.019,0.0827
1780783025.1595418,0.2367,0.019,0.0827
1780783025.228397,0.2367,0.019,0.0827
1780783025.229597,0.2368,0.019,0.0827
1780783025.2306728,0.2368,0.0189,0.0827
1780783025.231727,0.2368,0.019,0.0827
1780783025.2327206,0.2368,0.019,0.0827
1780783025.2341704,0.2368,0.0189,0.0827
1780783025.2352843,0.2368,0.019,0.0827
1780783025.2366126,0.2368,0.019,0.0827
1780783025.2380593,0.2367,0.019,0.0827
1780783025.239313,0.2367,0.019,0.0827
1780783025.2404482,0.2368,0.0189,0.0827
1780783025.241478,0.2368,0.019,0.0827
1780783025.242606,0.2368,0.019,0.0827
1780783025.2437222,0.2368,0.019,0.0827
1780783025.2449963,0.2368,0.019,0.0827
1780783025.2462146,0.2368,0.019,0.0827
1780783025.2475147,0.2368,0.0189,0.0827
1780783025.2543356,0.2367,0.0189,0.0827
1780783025.255738,0.2367,0.019,0.0827
1780783025.263806,0.2367,0.019,0.0827
1780783025.2672338,0.2368,0.019,0.0827
1780783025.271383,0.2368,0.0189,0.0827
1780783025.2759094,0.2368,0.0189,0.0827
1780783025.2818267,0.2368,0.0189,0.0827
1780783025.2890577,0.2368,0.0189,0.0827
1780783025.2933714,0.2368,0.019,0.0827
1780783025.2985787,0.2367,0.019,0.0827
1780783025.3044708,0.2367,0.0189,0.0827
1780783025.3095534,0.2368,0.019,0.0827
1780783025.3279254,0.2368,0.019,0.0827
1780783025.3427703,0.2368,0.0189,0.0827
1780783025.3456075,0.2368,0.019,0.0827
1780783025.3468845,0.2368,0.019,0.0827
1780783025.3494983,0.2368,0.0189,0.0827
1780783025.3524723,0.2368,0.0189,0.0827
1780783025.3555923,0.2367,0.0189,0.0827
1780783025.3571193,0.2368,0.019,0.0827
1780783025.3730285,0.2368,0.019,0.0827
1780783025.399685,0.2368,0.0189,0.0827
1780783025.4005535,0.2368,0.0189,0.0827
1780783025.401279,0.2368,0.0189,0.0827
1780783025.4024048,0.2368,0.0189,0.0827
1780783025.4036808,0.2368,0.019,0.0827
1780783025.404958,0.2368,0.0189,0.0827
1780783025.4061491,0.2368,0.019,0.0827
1780783025.4074535,0.2368,0.019,0.0827
1780783025.4092906,0.2368,0.0189,0.0827
1780783025.4150982,0.2368,0.019,0.0827
1780783025.4221392,0.2368,0.019,0.0827
1780783025.4336698,0.2368,0.0189,0.0827
1780783025.4346087,0.2368,0.0189,0.0827
1780783025.4378,0.2368,0.019,0.0827
1780783025.4496338,0.2368,0.0189,0.0827
1780783025.45037,0.2367,0.0189,0.0827
1780783025.4620306,0.2368,0.019,0.0827
1780783025.4630823,0.2368,0.019,0.0827
1780783025.4646482,0.2368,0.0189,0.0827
1780783025.4706807,0.2368,0.0189,0.0827
1780783025.47564,0.2368,0.019,0.0827
1780783025.4847693,0.2368,0.019,0.0827
1780783025.48859,0.2368,0.0189,0.0827
1780783025.4954233,0.2368,0.0189,0.0827
1780783025.504906,0.2368,0.019,0.0827
1780783025.5142686,0.2368,0.019,0.0827
1780783025.5164056,0.2368,0.019,0.0827
1780783025.519285,0.2368,0.0189,0.0827
1780783025.5213974,0.2368,0.019,0.0827
1780783025.527009,0.2368,0.0189,0.0827
1780783025.531374,0.2368,0.019,0.0827
1780783025.542316,0.2368,0.0189,0.0827
1780783025.5450153,0.2368,0.0189,0.0827
1780783025.5502052,0.2368,0.0189,0.0827
1780783025.554191,0.2368,0.0189,0.0827
1780783025.5613685,0.2368,0.019,0.0827
1780783025.5719497,0.2368,0.0189,0.0827
1780783025.573234,0.2368,0.0189,0.0827
1780783025.5759568,0.2368,0.0189,0.0827
1780783025.5819929,0.2368,0.019,0.0827
1780783025.587465,0.2368,0.0189,0.0827
1780783025.612721,0.2368,0.0189,0.0827
1780783025.6137972,0.2368,0.019,0.0827
1780783025.6146212,0.2368,0.0189,0.0827
1780783025.6153173,0.2368,0.019,0.0827
1780783025.6162732,0.2368,0.0189,0.0827
1780783025.6204407,0.2368,0.0189,0.0827
1780783025.6257315,0.2368,0.0189,0.0827
1780783025.6310968,0.2368,0.019,0.0827
1780783025.6381893,0.2368,0.0189,0.0827
1780783025.6429908,0.2368,0.019,0.0827
1780783025.6501918,0.2367,0.019,0.0827
1780783025.6682231,0.2368,0.019,0.0827
1780783025.6692986,0.2368,0.019,0.0827
1780783025.6700346,0.2368,0.019,0.0827
1780783025.671183,0.2368,0.0189,0.0827
1780783025.6766238,0.2368,0.019,0.0827
1780783025.6928859,0.2368,0.0189,0.0827
1780783025.6936493,0.2368,0.019,0.0827
1780783025.695525,0.2368,0.019,0.0827
1780783025.7001867,0.2368,0.019,0.0827
1780783025.7145867,0.2368,0.0189,0.0827
1780783025.7157667,0.2368,0.0189,0.0827
1780783025.7177753,0.2368,0.0189,0.0827
1780783025.7244794,0.2368,0.0189,0.0827
1780783025.7273297,0.2368,0.0189,0.0827
1780783025.7328393,0.2368,0.019,0.0827
1780783025.7378976,0.2368,0.019,0.0827
1780783025.7431307,0.2368,0.019,0.0827
1780783025.7482953,0.2368,0.019,0.0827
1780783025.7564368,0.2368,0.019,0.0827
1780783025.7594728,0.2368,0.019,0.0827
1780783025.7668638,0.2368,0.019,0.0827
1780783025.7713199,0.2368,0.019,0.0827
1780783025.7761266,0.2368,0.0189,0.0827
1780783025.7826319,0.2368,0.019,0.0827
1780783025.7872667,0.2368,0.019,0.0827
1780783025.7944176,0.2368,0.019,0.0827
1780783025.7985609,0.2367,0.019,0.0827
1780783025.8045707,0.2368,0.019,0.0827
1780783025.80912,0.2368,0.019,0.0827
1780783025.8153396,0.2368,0.019,0.0827
1780783025.8206768,0.2368,0.0189,0.0827
1780783025.8269076,0.2368,0.019,0.0827
1780783025.8316135,0.2368,0.019,0.0827
1780783025.8375883,0.2368,0.0189,0.0827
1780783025.8423522,0.2368,0.019,0.0827
1780783025.847842,0.2367,0.019,0.0827
1780783025.8534746,0.2368,0.0189,0.0827
1780783025.8692722,0.2368,0.0189,0.0827
1780783025.872194,0.2368,0.0189,0.0827
1780783025.8736014,0.2368,0.019,0.0827
1780783025.876263,0.2368,0.0189,0.0827
1780783025.8867216,0.2368,0.0189,0.0827
1780783025.9421537,0.2368,0.019,0.0827
1780783025.943164,0.2367,0.019,0.0827
1780783025.9440472,0.2367,0.019,0.0827
1780783025.9450574,0.2368,0.019,0.0827
1780783025.9460835,0.2368,0.019,0.0827
1780783025.946995,0.2368,0.0189,0.0827
1780783025.9480321,0.2368,0.0189,0.0827
1780783025.9491858,0.2368,0.0189,0.0827
1780783025.9500558,0.2368,0.019,0.0827
1780783025.9509735,0.2368,0.0189,0.0827
1780783025.9518552,0.2368,0.019,0.0827
1780783025.952701,0.2367,0.0189,0.0827
1780783025.9536393,0.2368,0.019,0.0827
1780783025.960408,0.2368,0.019,0.0827
1780783025.9652777,0.2368,0.019,0.0827
1780783025.971478,0.2368,0.019,0.0827
1780783025.9769723,0.2368,0.019,0.0827
1780783025.9817233,0.2368,0.019,0.0827
1780783025.9882936,0.2368,0.019,0.0827
1780783025.9926949,0.2368,0.019,0.0827
1780783025.9987469,0.2367,0.019,0.0827
1780783026.0090034,0.2368,0.019,0.0827
1780783026.0106966,0.2368,0.019,0.0827
1780783026.0154705,0.2368,0.019,0.0827
1780783026.0199752,0.2368,0.019,0.0827
1780783026.027305,0.2368,0.0189,0.0827
1780783026.033088,0.2368,0.0189,0.0827
1780783026.0371315,0.2368,0.019,0.0827
1780783026.0550582,0.2368,0.0189,0.0827
1780783026.064569,0.2368,0.0189,0.0827
1780783026.0653222,0.2368,0.019,0.0827
1780783026.0672336,0.2368,0.0189,0.0827
1780783026.0694048,0.2368,0.019,0.0827
1780783026.071879,0.2368,0.0189,0.0827
1780783026.0864873,0.2368,0.0189,0.0827
1780783026.088141,0.2368,0.019,0.0827
1780783026.0995598,0.2368,0.019,0.0827
1780783026.11234,0.2368,0.0189,0.0827
1780783026.1131587,0.2367,0.019,0.0827
1780783026.1137576,0.2368,0.019,0.0827
1780783026.1145418,0.2368,0.019,0.0827
1780783026.1153133,0.2368,0.019,0.0827
1780783026.1202786,0.2368,0.0189,0.0827
1780783026.1260347,0.2368,0.019,0.0827
1780783026.1313117,0.2368,0.019,0.0827
1780783026.1374936,0.2368,0.019,0.0827
1780783026.1422954,0.2368,0.019,0.0827
1780783026.1487858,0.2367,0.019,0.0827
1780783026.1536036,0.2368,0.019,0.0827
1780783026.1596136,0.2368,0.019,0.0827
1780783026.1651344,0.2368,0.019,0.0827
1780783026.170219,0.2368,0.019,0.0827
1780783026.175983,0.2368,0.019,0.0827
1780783026.1815557,0.2368,0.019,0.0827
1780783026.1872354,0.2368,0.019,0.0827
1780783026.1929245,0.2368,0.019,0.0827
1780783026.1981108,0.2367,0.019,0.0827
1780783026.2043855,0.2368,0.019,0.0827
1780783026.209427,0.2368,0.0189,0.0827
1780783026.2178688,0.2368,0.019,0.0827
1780783026.2254379,0.2368,0.019,0.0827
1780783026.2276661,0.2368,0.019,0.0827
1780783026.2352302,0.2368,0.019,0.0827
1780783026.2379022,0.2368,0.019,0.0827
1780783026.2450752,0.2368,0.019,0.0827
1780783026.2482464,0.2367,0.019,0.0827
1780783026.2546675,0.2368,0.019,0.0827
1780783026.2602727,0.2368,0.019,0.0827
1780783026.2734272,0.2368,0.019,0.0827
1780783026.274469,0.2368,0.019,0.0827
1780783026.2808447,0.2368,0.019,0.0827
1780783026.281924,0.2368,0.0189,0.0827
1780783026.28695,0.2368,0.0189,0.0827
1780783026.2922597,0.2367,0.019,0.0827
1780783026.297978,0.2367,0.019,0.0827
1780783026.3040957,0.2367,0.019,0.0827
1780783026.3093393,0.2367,0.019,0.0827
1780783026.3234675,0.2368,0.0189,0.0827
1780783026.324189,0.2368,0.0189,0.0827
1780783026.3373976,0.2368,0.019,0.0827
1780783026.3381183,0.2368,0.0189,0.0827
1780783026.3387082,0.2368,0.0189,0.0827
1780783026.3505003,0.2367,0.0189,0.0827
1780783026.3511238,0.2367,0.019,0.0827
1780783026.353963,0.2368,0.019,0.0827
1780783026.359089,0.2367,0.0189,0.0827
1780783026.3647127,0.2368,0.019,0.0827
1780783026.3804703,0.2368,0.0189,0.0827
1780783026.3813438,0.2368,0.0189,0.0827
1780783026.3828526,0.2368,0.019,0.0827
1780783026.389055,0.2368,0.0189,0.0827
1780783026.3965006,0.2368,0.019,0.0827
1780783026.3986452,0.2367,0.019,0.0827
1780783026.4043174,0.2367,0.0189,0.0827
1780783026.408971,0.2368,0.019,0.0827
1780783026.4215076,0.2368,0.019,0.0827
1780783026.4221532,0.2368,0.0189,0.0827
1780783026.4262056,0.2368,0.019,0.0827
1780783026.4317656,0.2368,0.019,0.0827
1780783026.4374702,0.2368,0.019,0.0827
1780783026.4421995,0.2368,0.019,0.0827
1780783026.4477127,0.2367,0.0189,0.0827
1780783026.4538713,0.2367,0.019,0.0827
1780783026.4591272,0.2367,0.0189,0.0827
1780783026.4649086,0.2368,0.0189,0.0827
1780783026.4706001,0.2368,0.019,0.0827
1780783026.4754896,0.2368,0.0189,0.0827
1780783026.4812868,0.2368,0.0189,0.0827
1780783026.4877276,0.2368,0.0189,0.0827
1780783026.4929454,0.2368,0.019,0.0827
1780783026.498281,0.2368,0.019,0.0827
1780783026.5033078,0.2367,0.0189,0.0827
1780783026.5092201,0.2368,0.019,0.0827
1780783026.515008,0.2368,0.0189,0.0827
1780783026.5308845,0.2368,0.019,0.0827
1780783026.5316434,0.2368,0.019,0.0827
1780783026.533247,0.2368,0.0189,0.0827
1780783026.5379436,0.2368,0.019,0.0827
1780783026.5435643,0.2368,0.019,0.0827
1780783026.5486364,0.2368,0.019,0.0827
1780783026.5574107,0.2368,0.019,0.0827
1780783026.5596604,0.2368,0.019,0.0827
1780783026.5697024,0.2368,0.019,0.0827
1780783026.572783,0.2368,0.0189,0.0827
1780783026.5785527,0.2368,0.019,0.0827
1780783026.5858424,0.2368,0.019,0.0827
1780783026.5878913,0.2368,0.019,0.0827
1780783026.593095,0.2368,0.019,0.0827
1780783026.6047678,0.2368,0.019,0.0827
1780783026.6060343,0.2368,0.019,0.0827
1780783026.6207583,0.2368,0.019,0.0827
1780783026.6243737,0.2368,0.019,0.0827
1780783026.6255639,0.2368,0.019,0.0827
1780783026.6267724,0.2368,0.0189,0.0827
1780783026.6314836,0.2368,0.0189,0.0827
1780783026.6367657,0.2368,0.019,0.0827
1780783026.6427,0.2367,0.0189,0.0827
1780783026.6488078,0.2367,0.0189,0.0827
1780783026.6637423,0.2367,0.0189,0.0827
1780783026.6645966,0.2368,0.019,0.0827
1780783026.6652892,0.2368,0.019,0.0827
1780783026.6702278,0.2368,0.019,0.0827
1780783026.6762166,0.2368,0.0189,0.0827
1780783026.6815057,0.2368,0.019,0.0827
1780783026.6935968,0.2368,0.019,0.0827
1780783026.702069,0.2367,0.0189,0.0827
1780783026.7038522,0.2367,0.019,0.0827
1780783026.7066042,0.2367,0.019,0.0827
1780783026.7139025,0.2368,0.0189,0.0827
1780783026.7153003,0.2368,0.019,0.0827
1780783026.722097,0.2368,0.019,0.0827
1780783026.7550538,0.2368,0.019,0.0827
1780783026.7561042,0.2368,0.0189,0.0827
1780783026.7573836,0.2368,0.0189,0.0827
1780783026.7582433,0.2367,0.019,0.0827
1780783026.7592075,0.2368,0.019,0.0827
1780783026.760121,0.2367,0.0189,0.0827
1780783026.761277,0.2368,0.019,0.0827
1780783026.7739098,0.2368,0.019,0.0827
1780783026.7747564,0.2368,0.019,0.0827
1780783026.775717,0.2368,0.0189,0.0827
1780783026.781723,0.2368,0.019,0.0827
1780783026.7873282,0.2368,0.0189,0.0827
1780783026.7926068,0.2368,0.0189,0.0827
1780783026.7980428,0.2367,0.019,0.0827
1780783026.8040664,0.2368,0.019,0.0827
1780783026.809408,0.2368,0.019,0.0827
1780783026.8170416,0.2368,0.019,0.0827
1780783026.820632,0.2368,0.0189,0.0827
1780783026.841106,0.2368,0.019,0.0827
1780783026.8445485,0.2368,0.0189,0.0827
1780783026.8454967,0.2368,0.019,0.0827
1780783026.8490932,0.2367,0.0189,0.0827
1780783026.8500102,0.2367,0.0189,0.0827
1780783026.8606453,0.2368,0.019,0.0827
1780783026.8727238,0.2368,0.019,0.0827
1780783026.8747785,0.2368,0.019,0.0827
1780783026.8767955,0.2369,0.019,0.0827
1780783026.8899984,0.2368,0.019,0.0827
1780783026.893334,0.2368,0.019,0.0827
1780783026.8952947,0.2368,0.019,0.0827
1780783026.8971615,0.2368,0.0189,0.0827
1780783026.9022453,0.2368,0.0189,0.0827
1780783026.9048722,0.2368,0.0189,0.0827
1780783026.909576,0.2368,0.019,0.0827
1780783026.915687,0.2368,0.019,0.0827
1780783026.9211037,0.2369,0.019,0.0827
1780783026.9269166,0.2368,0.0189,0.0827
1780783026.9324613,0.2368,0.0189,0.0827
1780783026.9367957,0.2367,0.019,0.0827
1780783026.942696,0.2367,0.019,0.0827
1780783026.949552,0.2367,0.019,0.0827
1780783026.9543283,0.2368,0.0189,0.0827
1780783026.959864,0.2368,0.0189,0.0827
1780783026.9652238,0.2369,0.0189,0.0827
1780783026.9703805,0.2369,0.019,0.0827
1780783026.9756148,0.2368,0.0189,0.0827
1780783026.982405,0.2368,0.0189,0.0827
1780783026.987217,0.2367,0.0189,0.0827
1780783026.992594,0.2367,0.0189,0.0827
1780783027.006049,0.2367,0.019,0.0827
1780783027.0072958,0.2367,0.019,0.0827
1780783027.008974,0.2368,0.019,0.0827
1780783027.0151336,0.2369,0.019,0.0827
1780783027.0210822,0.2369,0.0189,0.0827
1780783027.0258894,0.2369,0.019,0.0827
1780783027.0427344,0.2368,0.019,0.0827
1780783027.088214,0.2368,0.019,0.0827
1780783027.0889843,0.2367,0.0189,0.0827
1780783027.0895941,0.2367,0.019,0.0827
1780783027.0906427,0.2367,0.0189,0.0827
1780783027.0914423,0.2367,0.019,0.0827
1780783027.0921738,0.2368,0.019,0.0827
1780783027.0928638,0.2369,0.0189,0.0827
1780783027.0934963,0.2369,0.0189,0.0827
1780783027.0940592,0.2369,0.0189,0.0827
1780783027.0947368,0.2368,0.019,0.0827
1780783027.0953376,0.2367,0.0189,0.0827
1780783027.097975,0.2367,0.0189,0.0827
1780783027.1040428,0.2367,0.0189,0.0827
1780783027.1097422,0.2367,0.0189,0.0827
1780783027.115108,0.2368,0.0189,0.0827
1780783027.1204293,0.2369,0.019,0.0827
1780783027.12578,0.2369,0.019,0.0827
1780783027.1312854,0.237,0.0189,0.0827
1780783027.1374803,0.2369,0.0189,0.0827
1780783027.1425602,0.2369,0.0189,0.0827
1780783027.14824,0.2368,0.0189,0.0827
1780783027.1541848,0.2368,0.0189,0.0827
1780783027.1595652,0.2367,0.0189,0.0826
1780783027.1688502,0.2368,0.0189,0.0827
1780783027.171375,0.2369,0.0189,0.0827
1780783027.176241,0.2369,0.0189,0.0827
1780783027.18134,0.2369,0.0189,0.0827
1780783027.2039807,0.2369,0.0189,0.0826
1780783027.216955,0.2369,0.0189,0.0826
1780783027.2178366,0.2368,0.0189,0.0826
1780783027.2198162,0.2368,0.019,0.0826
1780783027.2226903,0.2368,0.019,0.0826
1780783027.2247508,0.2368,0.019,0.0826
1780783027.2265134,0.2369,0.0189,0.0826
1780783027.2272773,0.2369,0.0189,0.0826
1780783027.2324197,0.2369,0.0189,0.0826
1780783027.2394218,0.2369,0.0189,0.0826
1780783027.2431023,0.2369,0.0189,0.0826
1780783027.2483943,0.2369,0.0189,0.0826
1780783027.2622037,0.2368,0.0189,0.0826
1780783027.2631557,0.2369,0.0189,0.0826
1780783027.2648354,0.2369,0.0189,0.0826
1780783027.2707264,0.2369,0.0189,0.0826
1780783027.2759247,0.2369,0.0189,0.0826
1780783027.2816162,0.2369,0.0189,0.0826
1780783027.2888536,0.2369,0.0189,0.0826
1780783027.292507,0.2368,0.0189,0.0826
1780783027.2981694,0.2368,0.0189,0.0826
1780783027.30392,0.2368,0.0189,0.0826
1780783027.309043,0.2368,0.0189,0.0826
1780783027.3149898,0.2369,0.0189,0.0826
1780783027.3200164,0.2369,0.0189,0.0826
1780783027.325536,0.2369,0.0189,0.0826
1780783027.3310916,0.2369,0.0189,0.0826
1780783027.3371892,0.2369,0.0189,0.0826
1780783027.3423705,0.2368,0.0189,0.0826
1780783027.347902,0.2368,0.0189,0.0826
1780783027.3538463,0.2368,0.0189,0.0826
1780783027.3587003,0.2369,0.019,0.0827
1780783027.3648067,0.2368,0.0189,0.0826
1780783027.3703227,0.2369,0.0189,0.0826
1780783027.3818645,0.2369,0.0189,0.0826
1780783027.3824725,0.2369,0.0189,0.0826
1780783027.3886042,0.2369,0.0189,0.0826
1780783027.3922079,0.2369,0.0189,0.0826
1780783027.3997276,0.2368,0.019,0.0826
1780783027.4042776,0.2368,0.019,0.0826
1780783027.4103734,0.2369,0.019,0.0827
1780783027.415167,0.2369,0.0189,0.0827
1780783027.4214013,0.2369,0.0189,0.0827
1780783027.4260848,0.2369,0.0189,0.0827
1780783027.431492,0.2369,0.019,0.0827
1780783027.4374492,0.2369,0.0189,0.0827
1780783027.4422953,0.237,0.0189,0.0827
1780783027.4480457,0.2369,0.0189,0.0827
1780783027.4541442,0.2369,0.0189,0.0827
1780783027.459651,0.2369,0.0189,0.0827
1780783027.4649749,0.2369,0.0189,0.0827
1780783027.4707549,0.2369,0.0189,0.0827
1780783027.476036,0.2369,0.0189,0.0827
1780783027.4817464,0.2369,0.0189,0.0827
1780783027.486891,0.2369,0.0189,0.0827
1780783027.4933975,0.2369,0.0189,0.0827
1780783027.4978578,0.2369,0.0189,0.0827
1780783027.5034785,0.2369,0.0188,0.0826
1780783027.508491,0.237,0.0189,0.0827
1780783027.5144362,0.2369,0.0189,0.0827
1780783027.5206475,0.237,0.019,0.0827
1780783027.530406,0.2369,0.0189,0.0827
1780783027.538649,0.2368,0.0189,0.0827
1780783027.5395305,0.2368,0.0189,0.0827
1780783027.5436742,0.2368,0.019,0.0827
1780783027.5504134,0.2368,0.019,0.0827
1780783027.5539587,0.2368,0.019,0.0826
1780783027.5604134,0.2369,0.0191,0.0827
1780783027.5822754,0.2369,0.019,0.0827
1780783027.5828838,0.2369,0.019,0.0827
1780783027.5834155,0.2369,0.0191,0.0827
1780783027.5840583,0.2369,0.019,0.0827
1780783027.5877197,0.2368,0.0189,0.0827
1780783027.5929163,0.2368,0.0189,0.0827
1780783027.598506,0.2368,0.0189,0.0828
1780783027.6035311,0.2369,0.0189,0.0828
1780783027.6091447,0.2369,0.0189,0.0828
1780783027.6152253,0.237,0.019,0.0827
1780783027.6205943,0.237,0.0189,0.0826
1780783027.626417,0.237,0.0189,0.0826
1780783027.631716,0.237,0.0189,0.0826
1780783027.6373086,0.2369,0.0189,0.0826
1780783027.642851,0.2369,0.0189,0.0826
1780783027.64826,0.2368,0.0189,0.0826
1780783027.654134,0.2369,0.0189,0.0826
1780783027.658938,0.2369,0.019,0.0826
1780783027.6664848,0.2369,0.0189,0.0826
1780783027.6709943,0.2369,0.0189,0.0826
1780783027.6760817,0.2369,0.019,0.0826
1780783027.683071,0.2369,0.019,0.0826
1780783027.693437,0.2369,0.0189,0.0826
1780783027.69429,0.2369,0.0189,0.0826
1780783027.6990848,0.2369,0.0189,0.0826
1780783027.72081,0.2369,0.0189,0.0826
1780783027.7223709,0.2369,0.0189,0.0826
1780783027.7231386,0.2369,0.0188,0.0826
1780783027.7237103,0.2369,0.0189,0.0826
1780783027.7256448,0.237,0.0189,0.0826
1780783027.734169,0.237,0.0189,0.0826
1780783027.737067,0.237,0.0189,0.0826
1780783027.742573,0.237,0.0189,0.0826
1780783027.7493591,0.2369,0.0189,0.0826
1780783027.753977,0.2369,0.0189,0.0826
1780783027.7609048,0.237,0.0189,0.0826
1780783027.764336,0.2369,0.0189,0.0826
1780783027.7710876,0.2369,0.0189,0.0826
1780783027.775753,0.2369,0.0189,0.0826
1780783027.7814994,0.2369,0.0189,0.0826
1780783027.787766,0.2369,0.0189,0.0826
1780783027.7923937,0.2369,0.0188,0.0826
1780783027.7984085,0.2368,0.0188,0.0826
1780783027.804093,0.2369,0.0188,0.0826
1780783027.8089964,0.2369,0.0189,0.0826
1780783027.81444,0.237,0.0188,0.0826
1780783027.819976,0.237,0.0188,0.0826
1780783027.8281617,0.237,0.0188,0.0826
1780783027.8318028,0.2369,0.0188,0.0826
1780783027.8373246,0.2369,0.0188,0.0826
1780783027.8475766,0.2369,0.0189,0.0825
1780783027.848765,0.2369,0.0189,0.0825
1780783027.8534951,0.2369,0.019,0.0825
1780783027.8592987,0.237,0.019,0.0825
1780783027.8648138,0.2369,0.0189,0.0825
1780783027.8706784,0.237,0.019,0.0824
1780783027.8783534,0.237,0.0188,0.0826
1780783027.8810682,0.237,0.0187,0.0826
1780783027.8868523,0.2369,0.0186,0.0825
1780783027.8927279,0.237,0.0188,0.0825
1780783027.8986433,0.237,0.0188,0.0824
1780783027.9039438,0.237,0.019,0.0825
1780783027.9086084,0.237,0.019,0.0826
1780783027.9141622,0.2371,0.019,0.0825
1780783027.9205015,0.2371,0.019,0.0825
1780783027.92577,0.2371,0.019,0.0825
1780783027.9333725,0.2371,0.019,0.0825
1780783027.9369626,0.2371,0.019,0.0824
1780783027.942803,0.237,0.0191,0.0825
1780783027.9487064,0.237,0.0191,0.0825
1780783027.9538848,0.237,0.0191,0.0825
1780783027.959014,0.237,0.0191,0.0825
1780783027.9643602,0.237,0.0191,0.0825
1780783027.97046,0.2371,0.0191,0.0825
1780783027.9771948,0.2371,0.0191,0.0825
1780783028.012302,0.2371,0.0191,0.0826
1780783028.012761,0.2371,0.0191,0.0825
1780783028.0131648,0.237,0.0191,0.0825
1780783028.0136342,0.2371,0.0191,0.0825
1780783028.014066,0.2372,0.019,0.0825
1780783028.0144572,0.2374,0.0188,0.0826
1780783028.014845,0.2378,0.0182,0.0826
1780783028.0203907,0.2381,0.0175,0.0827
1780783028.0260804,0.2383,0.0169,0.0828
1780783028.031191,0.2386,0.0165,0.0829
1780783028.036692,0.2388,0.0158,0.0828
1780783028.0424082,0.239,0.0153,0.0829
1780783028.0486715,0.2393,0.0151,0.083
1780783028.053501,0.2396,0.0149,0.0829
1780783028.0686505,0.2399,0.0146,0.083
1780783028.0692794,0.2401,0.0144,0.0831
1780783028.0697925,0.2402,0.0141,0.0832
1780783028.076042,0.2404,0.0139,0.0833
1780783028.082058,0.2405,0.0136,0.0834
1780783028.0872326,0.2405,0.0134,0.0835
1780783028.092325,0.2402,0.0134,0.0841
1780783028.098138,0.2401,0.0131,0.0848
1780783028.1033592,0.2399,0.0131,0.0855
1780783028.109529,0.2399,0.0129,0.0863
1780783028.1145012,0.2401,0.0126,0.0871
1780783028.1292856,0.2402,0.0127,0.0885
1780783028.1298828,0.2403,0.0124,0.0898
1780783028.1319292,0.2402,0.0122,0.0913
1780783028.138666,0.2402,0.0121,0.0931
1780783028.1427758,0.2402,0.0118,0.0951
1780783028.1484416,0.24,0.0117,0.0973
1780783028.154164,0.2399,0.0115,0.0995
1780783028.1592572,0.24,0.0117,0.1022
1780783028.165439,0.2395,0.0115,0.1048
1780783028.1706514,0.2394,0.0115,0.1078
1780783028.1759226,0.2393,0.0117,0.111
1780783028.1818545,0.2391,0.0121,0.1145
1780783028.187287,0.239,0.0123,0.1181
1780783028.1923149,0.239,0.0131,0.122
1780783028.1985276,0.2391,0.0136,0.1261
1780783028.2039876,0.2393,0.0142,0.1307
1780783028.2124825,0.2396,0.015,0.1353
1780783028.222365,0.24,0.0157,0.1406
1780783028.2229927,0.2401,0.0164,0.1461
1780783028.227442,0.2407,0.0173,0.1518
1780783028.23164,0.2411,0.0185,0.1578
1780783028.241558,0.2416,0.0195,0.164
1780783028.2424266,0.2422,0.0206,0.1707
1780783028.2486637,0.2427,0.0216,0.1772
1780783028.2542057,0.2432,0.0227,0.1842
1780783028.2588806,0.2439,0.0239,0.1912
1780783028.2653496,0.2447,0.0252,0.1987
1780783028.2705297,0.2453,0.0264,0.2062
1780783028.2831662,0.246,0.0273,0.2143
1780783028.2846954,0.2467,0.0285,0.2227
1780783028.2868748,0.2475,0.0298,0.2313
1780783028.2930439,0.2481,0.0309,0.24
1780783028.3156395,0.2489,0.0317,0.2492
1780783028.3161564,0.2498,0.0332,0.2585
1780783028.3166025,0.2508,0.0342,0.2683
1780783028.317013,0.2518,0.035,0.2784
1780783028.320132,0.253,0.0359,0.2887
1780783028.3258564,0.254,0.0366,0.2993
1780783028.3318155,0.2549,0.0376,0.3102
1780783028.3372223,0.256,0.0385,0.3211
1780783028.3434653,0.2569,0.0391,0.3325
1780783028.3476334,0.258,0.0396,0.3438
1780783028.3541174,0.2588,0.0402,0.3555
1780783028.3593042,0.2599,0.0409,0.3673
1780783028.365191,0.2609,0.0413,0.3792
1780783028.3700879,0.2616,0.0414,0.3912
1780783028.3757012,0.2623,0.0421,0.4031
1780783028.3810716,0.2635,0.0425,0.4158
1780783028.3877459,0.2642,0.0427,0.428
1780783028.3923473,0.265,0.043,0.4406
1780783028.398172,0.266,0.0432,0.4534
1780783028.4034097,0.267,0.043,0.4664
1780783028.4089398,0.2677,0.0428,0.4793
1780783028.4163256,0.2691,0.0424,0.4926
1780783028.426165,0.27,0.0421,0.5059
1780783028.4267776,0.2706,0.0418,0.5189
1780783028.4314914,0.2716,0.0411,0.5323
1780783028.4375126,0.2724,0.0406,0.5456
1780783028.4428022,0.2732,0.0402,0.5591
1780783028.4485881,0.2741,0.0394,0.5724
1780783028.4539163,0.275,0.0391,0.5864
1780783028.458986,0.2763,0.0385,0.6001
1780783028.4661531,0.2774,0.0379,0.6136
1780783028.4699774,0.2783,0.0374,0.6274
1780783028.4759622,0.2792,0.0364,0.6408
1780783028.4815452,0.2801,0.0356,0.6543
1780783028.4884214,0.2807,0.0349,0.6679
1780783028.4925659,0.2814,0.0339,0.6813
1780783028.4997013,0.282,0.0328,0.6945
1780783028.504383,0.2828,0.0319,0.708
1780783028.5090637,0.2835,0.0309,0.7212
1780783028.5146637,0.2841,0.03,0.7344
1780783028.5207083,0.2847,0.0289,0.7474
1780783028.5259995,0.2852,0.0279,0.7605
1780783028.5319016,0.2855,0.027,0.7734
1780783028.5388439,0.2858,0.026,0.7862
1780783028.5443473,0.2861,0.0252,0.799
1780783028.547852,0.2862,0.0242,0.8116
1780783028.5538168,0.2865,0.0232,0.8241
1780783028.559182,0.2865,0.0218,0.8363
1780783028.5651202,0.2866,0.0202,0.8484
1780783028.5781271,0.2868,0.0195,0.8607
1780783028.5794768,0.2868,0.018,0.8727
1780783028.5816905,0.2866,0.0166,0.8846
1780783028.588357,0.2864,0.0152,0.8961
1780783028.6030433,0.2863,0.0137,0.9078
1780783028.6149526,0.2859,0.0126,0.9196
1780783028.6157124,0.2856,0.01,0.9306
1780783028.6162117,0.2857,0.0089,0.942
1780783028.6171184,0.2852,0.0073,0.9533
1780783028.6202765,0.2849,0.0078,0.9656
1780783028.6259818,0.2845,0.0058,0.9763
1780783028.6329174,0.2841,0.0049,0.9875
1780783028.6371825,0.2836,0.0031,0.9982
1780783028.6427743,0.2831,0.002,1.0087
1780783028.647941,0.2826,0.0009,1.0194
1780783028.653892,0.2819,0.0003,1.03
1780783028.6590998,0.2815,-0.0016,1.0399
1780783028.66502,0.2806,-0.0023,1.05
1780783028.6710753,0.2797,-0.0029,1.0604
1780783028.6760502,0.2788,-0.0046,1.07
1780783028.6844366,0.2778,-0.0048,1.0802
1780783028.6877224,0.2768,-0.0066,1.0897
1780783028.6924164,0.2755,-0.0076,1.0994
1780783028.7012694,0.2743,-0.0077,1.1094
1780783028.7037692,0.273,-0.0089,1.1189
1780783028.7104821,0.2717,-0.0101,1.1283
1780783028.7250884,0.2704,-0.0104,1.1379
1780783028.7268603,0.2692,-0.012,1.1468
1780783028.728905,0.2678,-0.0125,1.1562
1780783028.7318249,0.2663,-0.0135,1.1653
1780783028.7382076,0.2649,-0.0144,1.1742
1780783028.7424622,0.2637,-0.0144,1.1836
1780783028.7489262,0.262,-0.0154,1.1922
1780783028.756779,0.2603,-0.0164,1.2008
1780783028.7596612,0.2587,-0.0175,1.2094
1780783028.7654014,0.2571,-0.0185,1.2179
1780783028.772196,0.2555,-0.0196,1.2262
1780783028.7767985,0.2537,-0.0206,1.2345
1780783028.7819626,0.2518,-0.0217,1.2427
1780783028.7874098,0.2499,-0.0228,1.2508
1780783028.7964885,0.2478,-0.0238,1.2589
1780783028.79791,0.2459,-0.0248,1.2669
1780783028.804042,0.2439,-0.0258,1.275
1780783028.8090258,0.2418,-0.0266,1.283
1780783028.8145707,0.2398,-0.0275,1.2909
1780783028.8201542,0.2378,-0.0283,1.2988
1780783028.8258355,0.2357,-0.0292,1.3066
1780783028.831618,0.2336,-0.0303,1.3143
1780783028.8371618,0.2315,-0.0313,1.3219
1780783028.8476348,0.2293,-0.0323,1.3294
1780783028.848206,0.2273,-0.0332,1.3369
1780783028.8554983,0.2251,-0.0351,1.3439
1780783028.8586829,0.2229,-0.0359,1.3512
1780783028.8650568,0.2207,-0.0372,1.358
1780783028.8705213,0.2185,-0.0384,1.3647
1780783028.8760765,0.2161,-0.0398,1.3715
1780783028.8877087,0.2137,-0.0404,1.3783
1780783028.88847,0.2112,-0.0419,1.3848
1780783028.895214,0.2086,-0.0435,1.3909
1780783028.8988652,0.2064,-0.045,1.397
1780783028.9041774,0.204,-0.0467,1.403
1780783028.9090664,0.2017,-0.0481,1.409
1780783028.914921,0.1992,-0.0494,1.4148
1780783028.9250867,0.1969,-0.0509,1.4205
1780783028.9280353,0.1945,-0.0526,1.426
1780783028.9349916,0.1919,-0.0541,1.4315
1780783028.9383435,0.1894,-0.0557,1.4368
1780783028.9424644,0.1869,-0.0572,1.4422
1780783028.9481738,0.1852,-0.0585,1.4474
1780783028.953437,0.1825,-0.0604,1.4523
1780783028.9586854,0.1801,-0.0617,1.4574
1780783028.9651186,0.1778,-0.0631,1.4623
1780783028.9706557,0.1748,-0.065,1.4669
1780783028.9759028,0.1721,-0.0663,1.4716
1780783028.9825215,0.1691,-0.0679,1.4762
1780783028.987385,0.1661,-0.0693,1.4808
1780783028.9922438,0.1628,-0.0705,1.4853
1780783028.9978797,0.1594,-0.0717,1.4896
1780783029.0035863,0.1563,-0.0731,1.494
1780783029.009115,0.153,-0.0743,1.4983
1780783029.0145931,0.1501,-0.0752,1.5028
1780783029.0204918,0.1467,-0.0763,1.507
1780783029.035515,0.1431,-0.0774,1.5112
1780783029.036877,0.1397,-0.078,1.5153
1780783029.0400906,0.1358,-0.0792,1.5193
1780783029.0424988,0.1321,-0.0801,1.5233
1780783029.0480115,0.1282,-0.0811,1.5271
1780783029.0547402,0.1244,-0.082,1.5309
1780783029.0606616,0.1203,-0.083,1.5346
1780783029.0644417,0.1162,-0.084,1.5383
1780783029.0710948,0.112,-0.085,1.5418
1780783029.0765536,0.1076,-0.0861,1.5452
1780783029.0820045,0.1031,-0.0873,1.5486
1780783029.087367,0.0987,-0.0885,1.5519
1780783029.092863,0.0939,-0.0898,1.5551
1780783029.0993989,0.0896,-0.0913,1.5581
1780783029.114993,0.0848,-0.0927,1.5612
1780783029.1155956,0.0802,-0.0945,1.5641
1780783029.1161494,0.0756,-0.0957,1.5672
1780783029.1206741,0.0708,-0.0974,1.5702
1780783029.1258745,0.0661,-0.0991,1.573
1780783029.1319385,0.0612,-0.1008,1.5757
1780783029.1373584,0.0562,-0.1025,1.5785
1780783029.1424904,0.0512,-0.1042,1.5812
1780783029.147819,0.0461,-0.106,1.5838
1780783029.1539457,0.041,-0.1079,1.5863
1780783029.1591432,0.0358,-0.1098,1.5889
1780783029.1649086,0.0306,-0.1117,1.5915
1780783029.1706119,0.0254,-0.1135,1.5939
1780783029.186037,0.0203,-0.1157,1.5963
1780783029.1867354,0.015,-0.1179,1.5988
1780783029.188123,0.0098,-0.1199,1.6013
1780783029.194795,0.0047,-0.122,1.6037
1780783029.1980517,-0.0003,-0.1242,1.6059
1780783029.204202,-0.0051,-0.1263,1.6083
1780783029.2104287,-0.01,-0.1285,1.6106
1780783029.2149055,-0.0148,-0.1308,1.6128
1780783029.2204566,-0.0195,-0.133,1.6151
1780783029.2258441,-0.024,-0.1351,1.6173
1780783029.2315478,-0.0288,-0.1372,1.6196
1780783029.237238,-0.0333,-0.1394,1.6218
1780783029.2436364,-0.0378,-0.1416,1.6239
1780783029.2518783,-0.0423,-0.1437,1.6261
1780783029.2536361,-0.0469,-0.1459,1.6283
1780783029.2594376,-0.0512,-0.1478,1.6305
1780783029.2647839,-0.0556,-0.1498,1.6326
1780783029.270852,-0.0601,-0.152,1.6349
1780783029.2761981,-0.0647,-0.1539,1.6369
1780783029.28169,-0.0692,-0.1557,1.6392
1780783029.2875233,-0.0739,-0.1575,1.6414
1780783029.2922826,-0.0785,-0.1594,1.6435
1780783029.298998,-0.0832,-0.1611,1.6455
1780783029.30495,-0.0878,-0.1629,1.6476
1780783029.3093843,-0.0924,-0.1647,1.6497
1780783029.3148816,-0.097,-0.1664,1.6518
1780783029.3208344,-0.1016,-0.168,1.6538
1780783029.3259904,-0.1062,-0.1696,1.6558
1780783029.3681622,-0.1108,-0.1713,1.6577
1780783029.3687754,-0.1153,-0.1728,1.6597
1780783029.369455,-0.1199,-0.1744,1.6615
1780783029.3699238,-0.124,-0.1758,1.6633
1780783029.3703685,-0.1282,-0.1773,1.6653
1780783029.3709173,-0.1325,-0.1785,1.6673
1780783029.3713832,-0.1366,-0.1797,1.6693
1780783029.3718581,-0.1407,-0.181,1.6712
1780783029.3760552,-0.1447,-0.182,1.6733
1780783029.3815806,-0.1485,-0.183,1.6752
1780783029.3878684,-0.1523,-0.1838,1.6772
1780783029.3927994,-0.1563,-0.1846,1.6792
1780783029.3981724,-0.1602,-0.1853,1.6811
1780783029.4041617,-0.1642,-0.186,1.6832
1780783029.409873,-0.1681,-0.1865,1.6852
1780783029.4156997,-0.1722,-0.1871,1.6875
1780783029.4206645,-0.1762,-0.1877,1.6897
1780783029.425906,-0.1804,-0.1881,1.692
1780783029.4318578,-0.1849,-0.1884,1.6944
1780783029.436387,-0.1893,-0.1886,1.6968
1780783029.442703,-0.194,-0.1891,1.6992
1780783029.448642,-0.1987,-0.1894,1.7017
1780783029.4537973,-0.2037,-0.1898,1.7043
1780783029.458888,-0.2087,-0.1902,1.707
1780783029.4651408,-0.2138,-0.1907,1.7096
1780783029.4702163,-0.219,-0.1911,1.7123
1780783029.478238,-0.2243,-0.1919,1.715
1780783029.488053,-0.2296,-0.1924,1.7178
1780783029.4895482,-0.2351,-0.1928,1.7205
1780783029.4941838,-0.2405,-0.1934,1.7232
1780783029.4984562,-0.2459,-0.194,1.7259
1780783029.5039337,-0.2513,-0.1946,1.7287
1780783029.5093927,-0.2566,-0.195,1.7314
1780783029.521061,-0.2618,-0.1956,1.7341
1780783029.5216777,-0.2671,-0.1962,1.7367
1780783029.5266562,-0.2723,-0.1967,1.7393
1780783029.531456,-0.2775,-0.1972,1.7418
1780783029.5371263,-0.2826,-0.1976,1.7442
1780783029.5423183,-0.2877,-0.1981,1.7466
1780783029.5481641,-0.2928,-0.1986,1.7489
1780783029.5538538,-0.2977,-0.1991,1.7512
1780783029.5595503,-0.3027,-0.1996,1.7535
1780783029.565626,-0.3077,-0.2002,1.7557
1780783029.575148,-0.3125,-0.2008,1.7578
1780783029.576266,-0.3174,-0.2013,1.76
1780783029.5816603,-0.3223,-0.2018,1.7621
1780783029.5877721,-0.3273,-0.2023,1.7643
1780783029.5924418,-0.3322,-0.2027,1.7664
1780783029.598277,-0.3371,-0.2032,1.7686
1780783029.604005,-0.3419,-0.2035,1.7708
1780783029.6093264,-0.3467,-0.2037,1.7731
1780783029.6156144,-0.3514,-0.2039,1.7753
1780783029.6205168,-0.3563,-0.204,1.7776
1780783029.6258438,-0.3613,-0.204,1.7799
1780783029.6315973,-0.3661,-0.204,1.7822
1780783029.6422317,-0.3712,-0.2039,1.7846
1780783029.6710625,-0.3762,-0.2037,1.7868
1780783029.6716218,-0.3812,-0.2035,1.7891
1780783029.6720963,-0.3862,-0.2032,1.7915
1780783029.6725612,-0.3912,-0.2031,1.7939
1780783029.6730523,-0.3961,-0.2029,1.7961
1780783029.6735497,-0.4009,-0.2026,1.7985
1780783029.6761565,-0.4059,-0.2025,1.8007
1780783029.6820183,-0.4107,-0.2024,1.8029
1780783029.6886265,-0.4154,-0.2022,1.8052
1780783029.6947963,-0.4201,-0.202,1.8073
1780783029.6997752,-0.4246,-0.202,1.8094
1780783029.7043478,-0.429,-0.202,1.8114
1780783029.7093604,-0.4333,-0.202,1.8134
1780783029.7145436,-0.4376,-0.2021,1.8153
1780783029.7200863,-0.4418,-0.2025,1.8171
1780783029.726332,-0.4461,-0.2031,1.8189
1780783029.7316983,-0.4503,-0.2033,1.8206
1780783029.7374897,-0.4546,-0.2038,1.8223
1780783029.742519,-0.4588,-0.2044,1.824
1780783029.7480478,-0.4628,-0.2048,1.8256
1780783029.7539377,-0.4669,-0.2054,1.8273
1780783029.7592494,-0.4708,-0.2058,1.8291
1780783029.7667649,-0.4749,-0.2062,1.8308
1780783029.770114,-0.479,-0.2066,1.8328
1780783029.7851806,-0.4831,-0.2067,1.8348
1780783029.786442,-0.4873,-0.207,1.837
1780783029.7875757,-0.4919,-0.2069,1.8393
1780783029.792979,-0.4963,-0.2069,1.8417
1780783029.8092363,-0.5008,-0.2068,1.8441
1780783029.8099387,-0.5054,-0.2066,1.8466
1780783029.8105063,-0.51,-0.207,1.8491
1780783029.8146756,-0.5147,-0.2071,1.8515
1780783029.8205068,-0.5194,-0.2072,1.8539
1780783029.8261518,-0.5242,-0.2075,1.8563
1780783029.8332915,-0.5291,-0.2079,1.8588
1780783029.8389256,-0.534,-0.2082,1.8612
1780783029.8438547,-0.539,-0.2087,1.8638
1780783029.8487458,-0.5441,-0.2091,1.8662
1780783029.8540537,-0.5492,-0.2098,1.8686
1780783029.8600202,-0.5545,-0.2104,1.8711
1780783029.8659527,-0.5599,-0.2109,1.8738
1780783029.8720298,-0.5654,-0.2116,1.8763
1780783029.8794158,-0.5711,-0.2124,1.8788
1780783029.8817363,-0.5768,-0.2135,1.8813
1780783029.8874104,-0.5826,-0.2145,1.8839
1780783029.892592,-0.5884,-0.2155,1.8862
1780783029.897938,-0.5941,-0.2169,1.8887
1780783029.9040124,-0.5997,-0.218,1.891
1780783029.9092565,-0.6052,-0.2194,1.8934
1780783029.915196,-0.6104,-0.2205,1.8957
1780783029.9257042,-0.6161,-0.2218,1.898
1780783029.9263713,-0.6215,-0.223,1.9005
1780783029.933089,-0.627,-0.224,1.9028
1780783029.9385557,-0.6324,-0.2251,1.9052
1780783029.9429646,-0.6377,-0.2261,1.9076
1780783029.9596174,-0.643,-0.2272,1.9099
1780783029.9601912,-0.6482,-0.2283,1.9122
1780783029.9606912,-0.6533,-0.2294,1.9145
1780783029.9647005,-0.6585,-0.2304,1.9168
1780783029.9705815,-0.6633,-0.2318,1.9189
1780783029.9777997,-0.6683,-0.2331,1.9211
1780783029.9815683,-0.673,-0.2342,1.9234
1780783029.987252,-0.678,-0.2352,1.9256
1780783029.992595,-0.6826,-0.2365,1.9277
1780783029.998021,-0.6872,-0.2376,1.93
1780783030.0042179,-0.692,-0.2386,1.9323
1780783030.0105224,-0.6964,-0.2399,1.9345
1780783030.0146534,-0.7011,-0.2409,1.9366
1780783030.0203986,-0.7058,-0.242,1.9388
1780783030.0260084,-0.7103,-0.2433,1.9408
1780783030.0315173,-0.7147,-0.2443,1.9428
1780783030.036754,-0.7192,-0.2457,1.9447
1780783030.0426636,-0.7239,-0.2464,1.9467
1780783030.0476198,-0.7284,-0.2476,1.9485
1780783030.0541105,-0.7327,-0.2488,1.9504
1780783030.05942,-0.7372,-0.2498,1.9521
1780783030.0649142,-0.7417,-0.2507,1.954
1780783030.077466,-0.7461,-0.2516,1.9558
1780783030.0782042,-0.7507,-0.2525,1.9575
1780783030.083765,-0.7552,-0.2533,1.9593
1780783030.0885181,-0.7597,-0.2542,1.9609
1780783030.0939662,-0.7641,-0.2551,1.9624
1780783030.097846,-0.7683,-0.2561,1.9641
1780783030.1038058,-0.7725,-0.257,1.9658
1780783030.1110795,-0.7764,-0.2579,1.9673
1780783030.1150815,-0.7802,-0.2587,1.9689
1780783030.120535,-0.7839,-0.2595,1.9704
1780783030.1260934,-0.7877,-0.2602,1.9719
1780783030.131787,-0.7912,-0.261,1.9734
1780783030.1371784,-0.7946,-0.2617,1.9748
1780783030.1424377,-0.7983,-0.2623,1.9762
1780783030.1482327,-0.8018,-0.2627,1.9776
1780783030.1550899,-0.8052,-0.2635,1.9789
1780783030.1593392,-0.8088,-0.2641,1.9801
1780783030.1648962,-0.8124,-0.2647,1.9812
1780783030.170597,-0.816,-0.2654,1.9823
1780783030.1759346,-0.8195,-0.2661,1.9834
1780783030.1816573,-0.823,-0.2668,1.9844
1780783030.187546,-0.8264,-0.2674,1.9855
1780783030.192658,-0.8298,-0.2681,1.9863
1780783030.1982665,-0.8329,-0.2688,1.9872
1780783030.2041397,-0.836,-0.2695,1.9881
1780783030.2112596,-0.8389,-0.2703,1.989
1780783030.2204251,-0.8419,-0.2711,1.9899
1780783030.2222548,-0.8447,-0.2718,1.9907
1780783030.2279685,-0.8473,-0.2726,1.9915
1780783030.233142,-0.8498,-0.2733,1.9922
1780783030.2392151,-0.8523,-0.2741,1.9931
1780783030.2431614,-0.8547,-0.275,1.9937
1780783030.2481883,-0.8571,-0.2759,1.9944
1780783030.2541986,-0.8595,-0.2766,1.995
1780783030.2594366,-0.8618,-0.2775,1.9956
1780783030.264863,-0.8639,-0.2785,1.9962
1780783030.2704384,-0.866,-0.2794,1.9967
1780783030.2757876,-0.8681,-0.2804,1.9973
1780783030.2814953,-0.8698,-0.2814,1.9977
1780783030.2885523,-0.8716,-0.2825,1.9983
1780783030.2923222,-0.8734,-0.2836,1.9988
1780783030.2980425,-0.8749,-0.2848,1.9993
1780783030.3039908,-0.8763,-0.2862,1.9998
1780783030.3092449,-0.8778,-0.2877,2.0004
1780783030.315107,-0.8791,-0.2891,2.0009
1780783030.3209205,-0.8804,-0.2907,2.0015
1780783030.3257484,-0.8815,-0.2922,2.0019
1780783030.3318865,-0.8829,-0.2937,2.0024
1780783030.337179,-0.884,-0.2954,2.0029
1780783030.3426154,-0.8852,-0.2968,2.0033
1780783030.3479984,-0.8864,-0.2985,2.0038
1780783030.3538167,-0.8878,-0.2999,2.0041
1780783030.361098,-0.889,-0.3013,2.0045
1780783030.3972807,-0.8905,-0.3026,2.0049
1780783030.397818,-0.8917,-0.3039,2.0053
1780783030.3984046,-0.8928,-0.3052,2.0058
1780783030.39889,-0.8937,-0.3067,2.0063
1780783030.399321,-0.8947,-0.308,2.0069
1780783030.3998725,-0.8954,-0.3094,2.0075
1780783030.4003465,-0.8963,-0.3108,2.0083
1780783030.4041102,-0.8968,-0.3121,2.009
1780783030.408983,-0.8975,-0.3137,2.0099
1780783030.416385,-0.898,-0.3152,2.0107
1780783030.4208605,-0.8982,-0.3168,2.0118
1780783030.4262102,-0.8986,-0.3184,2.0128
1780783030.4312553,-0.8988,-0.3202,2.0138
1780783030.4415894,-0.899,-0.3219,2.0149
1780783030.4424484,-0.899,-0.3238,2.016
1780783030.4483783,-0.8991,-0.3259,2.0172
1780783030.4538245,-0.8992,-0.3279,2.0182
1780783030.4591737,-0.8988,-0.3302,2.0195
1780783030.4647908,-0.8987,-0.3323,2.0205
1780783030.4701517,-0.8986,-0.3345,2.0218
1780783030.4755247,-0.8983,-0.3369,2.0229
1780783030.4817924,-0.8981,-0.339,2.024
1780783030.4868484,-0.8976,-0.3413,2.0252
1780783030.4945714,-0.8974,-0.3435,2.0263
1780783030.4979334,-0.897,-0.3455,2.0274
1780783030.503934,-0.8965,-0.3475,2.0284
1780783030.5149837,-0.896,-0.3495,2.0296
1780783030.5163417,-0.8954,-0.3511,2.0304
1780783030.5220475,-0.8947,-0.3532,2.0316
1780783030.5270946,-0.894,-0.355,2.0326
1780783030.5320396,-0.8928,-0.3566,2.0335
1780783030.5377915,-0.8919,-0.3584,2.0346
1780783030.5426803,-0.8906,-0.3599,2.0357
1780783030.5482142,-0.8892,-0.3621,2.0368
1780783030.5539193,-0.8876,-0.3638,2.0378
1780783030.55904,-0.886,-0.3655,2.0388
1780783030.5645607,-0.8842,-0.3679,2.0399
1780783030.5708017,-0.8826,-0.3699,2.041
1780783030.5757632,-0.8805,-0.372,2.0419
1780783030.58153,-0.8785,-0.374,2.0431
1780783030.587422,-0.8762,-0.3764,2.0443
1780783030.592342,-0.8738,-0.379,2.0453
1780783030.5981781,-0.8715,-0.3814,2.0466
1780783030.6039414,-0.8689,-0.3841,2.0476
1780783030.6093879,-0.8663,-0.3867,2.0489
1780783030.6149023,-0.8636,-0.3898,2.0501
1780783030.6206057,-0.8608,-0.3925,2.051
1780783030.6254272,-0.8581,-0.3954,2.0522
1780783030.6317515,-0.8552,-0.3986,2.0533
1780783030.6374679,-0.8523,-0.4017,2.0546
1780783030.6424158,-0.8493,-0.4053,2.0556
1780783030.650331,-0.8463,-0.4086,2.0568
1780783030.6562235,-0.8432,-0.4124,2.0578
1780783030.6598866,-0.8402,-0.4159,2.059
1780783030.6655235,-0.8368,-0.42,2.0601
1780783030.6708994,-0.8337,-0.4238,2.0613
1780783030.6900723,-0.8304,-0.4279,2.0624
1780783030.6906474,-0.8272,-0.4317,2.0635
1780783030.6911874,-0.8238,-0.4361,2.0646
1780783030.69211,-0.8204,-0.4401,2.0657
1780783030.6984448,-0.817,-0.4444,2.0669
1780783030.704321,-0.8138,-0.4485,2.0679
1780783030.7114336,-0.8101,-0.4522,2.0689
1780783030.71475,-0.8065,-0.4566,2.0699
1780783030.7207012,-0.803,-0.4609,2.0711
1780783030.7258618,-0.7991,-0.4652,2.0721
1780783030.73137,-0.7952,-0.4696,2.073
1780783030.737159,-0.7913,-0.4737,2.0738
1780783030.742408,-0.7873,-0.4783,2.075
1780783030.747744,-0.7832,-0.4827,2.0759
1780783030.753393,-0.7791,-0.4872,2.0768
1780783030.7592099,-0.7748,-0.4918,2.0776
1780783030.7646139,-0.7705,-0.4964,2.0786
1780783030.7707212,-0.7664,-0.5008,2.0794
1780783030.7755556,-0.7619,-0.5055,2.0803
1780783030.7813613,-0.7577,-0.51,2.0811
1780783030.7872195,-0.753,-0.5147,2.0819
1780783030.7926686,-0.7484,-0.5194,2.0825
1780783030.7979758,-0.7439,-0.524,2.0831
1780783030.8107252,-0.7391,-0.5286,2.0838
1780783030.8122437,-0.7345,-0.5334,2.0844
1780783030.8151245,-0.7296,-0.5381,2.085
1780783030.820998,-0.7251,-0.5427,2.0857
1780783030.8261604,-0.7199,-0.5476,2.0861
1780783030.8313541,-0.715,-0.5522,2.0867
1780783030.8372724,-0.7098,-0.5572,2.0871
1780783030.8426564,-0.7047,-0.5621,2.0876
1780783030.8478086,-0.6996,-0.5669,2.0881
1780783030.8538396,-0.6942,-0.5718,2.0885
1780783030.859312,-0.6889,-0.5768,2.0888
1780783030.8645597,-0.6834,-0.5819,2.0892
1780783030.8699548,-0.6781,-0.587,2.0895
1780783030.87589,-0.6727,-0.592,2.0898
1780783030.8819287,-0.6671,-0.5972,2.09
1780783030.887254,-0.6616,-0.6024,2.0902
1780783030.89219,-0.6561,-0.6076,2.0904
1780783030.898158,-0.6503,-0.6128,2.0905
1780783030.9038227,-0.6446,-0.6181,2.0906
1780783030.908941,-0.6389,-0.6233,2.0906
1780783030.914428,-0.6331,-0.6286,2.0908
1780783030.9200764,-0.6274,-0.634,2.0908
1780783030.9259412,-0.6213,-0.6392,2.0908
1780783030.932474,-0.6154,-0.6447,2.0909
1780783030.9373915,-0.6095,-0.65,2.0909
1780783030.942305,-0.6036,-0.6555,2.0909
1780783030.948035,-0.5977,-0.6608,2.0909
1780783030.9534872,-0.5916,-0.6663,2.091
1780783030.9597118,-0.5855,-0.6716,2.0909
1780783030.9685316,-0.5793,-0.677,2.0909
1780783030.9708111,-0.5731,-0.6826,2.091
1780783030.9757943,-0.5667,-0.6879,2.091
1780783030.9816887,-0.5604,-0.6935,2.0912
1780783031.0036697,-0.5542,-0.6988,2.0912
1780783031.0046859,-0.5477,-0.7044,2.0912
1780783031.005526,-0.5413,-0.7101,2.0914
1780783031.0060515,-0.5348,-0.7155,2.0915
1780783031.0088382,-0.5283,-0.7211,2.0917
1780783031.0145676,-0.5217,-0.7269,2.0919
1780783031.0206323,-0.5151,-0.7323,2.0921
1780783031.0261748,-0.5087,-0.7378,2.0924
1780783031.0314937,-0.5021,-0.7436,2.0926
1780783031.0367575,-0.4956,-0.7493,2.0929
1780783031.0422978,-0.4891,-0.7551,2.0932
1780783031.0477076,-0.4827,-0.7609,2.0936
1780783031.0538898,-0.4762,-0.7665,2.0939
1780783031.0589943,-0.4697,-0.7723,2.0943
1780783031.0649562,-0.4632,-0.7781,2.0948
1780783031.0700707,-0.4566,-0.784,2.0953
1780783031.0766804,-0.4502,-0.7899,2.0958
1780783031.0812485,-0.4438,-0.7956,2.0964
1780783031.0876296,-0.4372,-0.8016,2.0969
1780783031.092269,-0.4307,-0.8072,2.0976
1780783031.0988483,-0.4241,-0.8132,2.0983
1780783031.1043372,-0.4175,-0.8189,2.0989
1780783031.108676,-0.411,-0.8246,2.0997
1780783031.1228018,-0.4042,-0.8302,2.1005
1780783031.1235404,-0.3976,-0.836,2.1013
1780783031.1256595,-0.3909,-0.8416,2.1022
1780783031.1320126,-0.3843,-0.8472,2.103
1780783031.1375935,-0.3776,-0.8527,2.1039
1780783031.1438031,-0.371,-0.8582,2.1046
1780783031.1503348,-0.3643,-0.8637,2.1054
1780783031.1539114,-0.3576,-0.8692,2.1062
1780783031.1593704,-0.3508,-0.8745,2.1071
1780783031.165057,-0.344,-0.8799,2.1078
1780783031.1702387,-0.3372,-0.8854,2.1085
1780783031.1760151,-0.3301,-0.8904,2.1092
1780783031.181553,-0.323,-0.8957,2.1099
1780783031.1872954,-0.3161,-0.9009,2.1106
1780783031.192342,-0.3092,-0.9063,2.1113
1780783031.2012205,-0.302,-0.9114,2.1119
1780783031.2043145,-0.2947,-0.9166,2.1124
1780783031.2097342,-0.2875,-0.9218,2.113
1780783031.2146611,-0.2802,-0.9269,2.1136
1780783031.220468,-0.2729,-0.9321,2.1141
1780783031.225667,-0.2657,-0.9372,2.1146
1780783031.2310913,-0.2585,-0.942,2.115
1780783031.2367418,-0.2512,-0.9469,2.1154
1780783031.2424817,-0.2439,-0.9518,2.1158
1780783031.247985,-0.2367,-0.9567,2.1161
1780783031.2539096,-0.2294,-0.9613,2.1164
1780783031.2593253,-0.2219,-0.9662,2.1166
1780783031.2654734,-0.2146,-0.9709,2.1168
1780783031.2780972,-0.207,-0.9758,2.117
1780783031.278841,-0.1997,-0.9805,2.1172
1780783031.2823954,-0.1918,-0.9855,2.1174
1780783031.2870045,-0.1841,-0.9905,2.1176
1780783031.2924616,-0.1762,-0.9955,2.1178
1780783031.311812,-0.1681,-1.0006,2.118
1780783031.3123817,-0.1601,-1.0057,2.1182
1780783031.312914,-0.1516,-1.0108,2.1186
1780783031.3144128,-0.1434,-1.016,2.1188
1780783031.3205383,-0.1349,-1.021,2.1191
1780783031.3255177,-0.1263,-1.0264,2.1193
1780783031.3316221,-0.118,-1.0313,2.1196
1780783031.3371036,-0.1095,-1.0364,2.1199
1780783031.3423052,-0.1009,-1.0414,2.1202
1780783031.347958,-0.0925,-1.0465,2.1204
1780783031.3534045,-0.0838,-1.0514,2.1207
1780783031.3588445,-0.0753,-1.0563,2.1209
1780783031.3649404,-0.0665,-1.061,2.121
1780783031.3707306,-0.0578,-1.0659,2.1214
1780783031.3755558,-0.049,-1.0705,2.1215
1780783031.3813093,-0.0402,-1.0751,2.1215
1780783031.387664,-0.0312,-1.0795,2.1216
1780783031.3925207,-0.0225,-1.0836,2.1217
1780783031.3981051,-0.0136,-1.0878,2.1216
1780783031.4032934,-0.0047,-1.0918,2.1217
1780783031.4090624,0.0044,-1.0956,2.1216
1780783031.4201107,0.0133,-1.0993,2.1213
1780783031.4214203,0.0222,-1.1029,2.1213
1780783031.4268367,0.0309,-1.1063,2.1211
1780783031.4318922,0.0399,-1.1095,2.1207
1780783031.4376516,0.0483,-1.1123,2.1203
1780783031.4435167,0.0571,-1.1152,2.1198
1780783031.4477413,0.0656,-1.118,2.1194
1780783031.4543178,0.0742,-1.1205,2.1189
1780783031.4595459,0.0829,-1.123,2.1184
1780783031.4646046,0.0917,-1.1253,2.1178
1780783031.4704876,0.1002,-1.1274,2.1172
1780783031.475403,0.1091,-1.1296,2.1166
1780783031.4812407,0.1177,-1.1315,2.1158
1780783031.4873197,0.1261,-1.1334,2.115
1780783031.4923153,0.1348,-1.1353,2.1141
1780783031.497822,0.1435,-1.1372,2.1133
1780783031.5033717,0.1523,-1.1391,2.1124
1780783031.5088274,0.1609,-1.1408,2.1113
1780783031.5145807,0.1696,-1.1424,2.1105
1780783031.5200458,0.1784,-1.1441,2.1094
1780783031.525572,0.1869,-1.1457,2.1082
1780783031.5311446,0.1954,-1.1471,2.1069
1780783031.5372014,0.2039,-1.1487,2.1057
1780783031.5420525,0.2123,-1.15,2.1044
1780783031.5482478,0.2209,-1.1515,2.1031
1780783031.561526,0.2294,-1.1528,2.1017
1780783031.5629058,0.2379,-1.1542,2.1003
1780783031.5655625,0.2464,-1.1556,2.099
1780783031.5727284,0.2549,-1.1569,2.0975
1780783031.5781286,0.2632,-1.1582,2.096
1780783031.5816367,0.2715,-1.1594,2.0945
1780783031.586977,0.2799,-1.1606,2.093
1780783031.59236,0.2881,-1.1617,2.0914
1780783031.5978563,0.2964,-1.1628,2.0898
1780783031.603896,0.3046,-1.1638,2.0883
1780783031.6092854,0.3128,-1.1648,2.0867
1780783031.615201,0.321,-1.1658,2.0851
1780783031.6206791,0.3292,-1.1667,2.0836
1780783031.6256332,0.3374,-1.1675,2.0821
1780783031.6327746,0.3456,-1.1682,2.0806
1780783031.6371017,0.3536,-1.169,2.0791
1780783031.6423595,0.3618,-1.1696,2.0777
1780783031.6479251,0.37,-1.1702,2.0764
1780783031.6533394,0.3783,-1.1708,2.0751
1780783031.6589565,0.3866,-1.1714,2.0738
1780783031.664316,0.3948,-1.172,2.0726
1780783031.670661,0.4032,-1.1725,2.0714
1780783031.6758811,0.4114,-1.1729,2.0704
1780783031.6819973,0.4192,-1.1734,2.0693
1780783031.687485,0.4273,-1.1737,2.0683
1780783031.6976628,0.4355,-1.1741,2.0674
1780783031.702411,0.4433,-1.1744,2.0665
1780783031.704552,0.4511,-1.1746,2.0659
1780783031.7295513,0.4588,-1.1749,2.0652
1780783031.7300625,0.4663,-1.175,2.0645
1780783031.7305608,0.4738,-1.175,2.0641
1780783031.731044,0.4812,-1.175,2.0637
1780783031.7316127,0.4883,-1.1748,2.0635
1780783031.7370374,0.4957,-1.1745,2.0635
1780783031.742853,0.5028,-1.1741,2.0635
1780783031.747798,0.51,-1.1737,2.0637
1780783031.7533793,0.5172,-1.1732,2.064
1780783031.7592263,0.5244,-1.1728,2.0644
1780783031.765102,0.5316,-1.1722,2.0648
1780783031.770495,0.5389,-1.1717,2.0655
1780783031.775823,0.5462,-1.1712,2.0661
1780783031.7822485,0.5533,-1.1706,2.0668
1780783031.7876875,0.5605,-1.1702,2.0676
1780783031.8011098,0.5675,-1.1698,2.0684
1780783031.8017395,0.5746,-1.1693,2.0692
1780783031.8042893,0.5817,-1.169,2.0701
1780783031.8090577,0.5889,-1.1685,2.0709
1780783031.814404,0.5958,-1.168,2.0718
1780783031.83462,0.6027,-1.1675,2.0727
1780783031.843696,0.6093,-1.167,2.0736
1780783031.8449094,0.6158,-1.1666,2.0744
1780783031.8454576,0.6225,-1.166,2.0754
1780783031.84664,0.629,-1.1654,2.0762
1780783031.84784,0.6357,-1.1647,2.0772
1780783031.855674,0.6423,-1.164,2.0781
1780783031.861433,0.6491,-1.1633,2.079
1780783031.8654518,0.656,-1.1625,2.08
1780783031.8703287,0.6631,-1.1618,2.081
1780783031.8758252,0.6702,-1.161,2.082
1780783031.8814664,0.6776,-1.1603,2.083
1780783031.8872993,0.6849,-1.1594,2.0841
1780783031.8927011,0.6925,-1.1586,2.0852
1780783031.898041,0.7002,-1.1577,2.0863
1780783031.903342,0.7081,-1.1568,2.0875
1780783031.9089348,0.7159,-1.1559,2.0885
1780783031.914516,0.724,-1.1549,2.0896
1780783031.9205034,0.7321,-1.154,2.0908
1780783031.9291499,0.7401,-1.153,2.0919
1780783031.9316988,0.748,-1.152,2.0929
1780783031.9365885,0.7559,-1.151,2.0939
1780783031.9422295,0.7638,-1.1499,2.095
1780783031.9480526,0.7717,-1.1488,2.096
1780783031.9538617,0.7795,-1.1476,2.0969
1780783031.959274,0.7875,-1.1465,2.0978
1780783031.9643724,0.7954,-1.1452,2.0988
1780783031.9700572,0.8032,-1.1438,2.0996
1780783031.9770246,0.811,-1.1425,2.1005
1780783031.9842706,0.8186,-1.1408,2.1012
1780783031.9884264,0.8263,-1.1393,2.102
1780783031.9938424,0.8338,-1.1378,2.1027
1780783031.9979093,0.8414,-1.136,2.1033
1780783032.0039616,0.8488,-1.1342,2.1039
1780783032.009304,0.8565,-1.1324,2.1045
1780783032.015023,0.864,-1.1306,2.1049
1780783032.0214086,0.8715,-1.1287,2.1053
1780783032.025554,0.8791,-1.1267,2.1056
1780783032.0314415,0.8866,-1.1249,2.1059
1780783032.0373473,0.894,-1.1229,2.1061
1780783032.0423057,0.9015,-1.1209,2.1063
1780783032.0477262,0.9091,-1.1189,2.1064
1780783032.0536773,0.9169,-1.117,2.1066
1780783032.0593388,0.9245,-1.1149,2.1065
1780783032.0648077,0.9322,-1.1129,2.1064
1780783032.0705402,0.9399,-1.1108,2.1064
1780783032.0755715,0.9476,-1.1087,2.1061
1780783032.0809963,0.9553,-1.1066,2.1058
1780783032.0874164,0.9631,-1.1045,2.1055
1780783032.0922394,0.9709,-1.1024,2.1052
1780783032.0979466,0.9787,-1.1001,2.1047
1780783032.1031542,0.9868,-1.0978,2.1043
1780783032.1085827,0.9948,-1.0955,2.1038
1780783032.1143801,1.003,-1.0931,2.1033
1780783032.1217728,1.0113,-1.0907,2.1028
1780783032.1539924,1.0196,-1.0883,2.1021
1780783032.1544948,1.0281,-1.0858,2.1015
1780783032.1549158,1.0367,-1.0833,2.1009
1780783032.1553204,1.0452,-1.0806,2.1003
1780783032.155714,1.0539,-1.0781,2.0996
1780783032.156097,1.0627,-1.0755,2.099
1780783032.1588163,1.0716,-1.0729,2.0983
1780783032.1646552,1.0805,-1.0703,2.0976
1780783032.1707845,1.0894,-1.0676,2.097
1780783032.1754775,1.0982,-1.0648,2.0965
1780783032.181622,1.1071,-1.062,2.0959
1780783032.1867344,1.116,-1.0593,2.0951
1780783032.1922493,1.1248,-1.0564,2.0946
1780783032.1978438,1.1337,-1.0535,2.0939
1780783032.2040555,1.1427,-1.0507,2.0933
1780783032.2089622,1.1514,-1.0479,2.0927
1780783032.2147853,1.1605,-1.0448,2.0923
1780783032.2204473,1.1694,-1.0418,2.0919
1780783032.2260077,1.1783,-1.0389,2.0913
1780783032.2310355,1.1875,-1.0358,2.0908
1780783032.2366655,1.1966,-1.033,2.0904
1780783032.2425077,1.2058,-1.03,2.09
1780783032.2545815,1.2153,-1.027,2.0897
1780783032.255091,1.2246,-1.024,2.0893
1780783032.2616405,1.2339,-1.0212,2.0891
1780783032.2678933,1.2435,-1.0183,2.0887
1780783032.269939,1.2527,-1.0154,2.0886
1780783032.2814007,1.2625,-1.0126,2.0884
1780783032.2827988,1.2719,-1.0097,2.0884
1780783032.287046,1.2813,-1.007,2.0884
1780783032.292193,1.2906,-1.0042,2.0886
1780783032.2977047,1.2999,-1.0015,2.0885
1780783032.3039277,1.3089,-0.9988,2.0887
1780783032.3098097,1.3182,-0.9957,2.089
1780783032.3144972,1.327,-0.9932,2.0892
1780783032.3203554,1.3361,-0.9903,2.0894
1780783032.3254585,1.3445,-0.9874,2.0897
1780783032.3323922,1.3536,-0.9842,2.09
1780783032.3370411,1.3618,-0.9813,2.0903
1780783032.3424013,1.3706,-0.978,2.0908
1780783032.347931,1.3787,-0.9747,2.091
1780783032.3541303,1.3874,-0.9714,2.0914
1780783032.3590376,1.3956,-0.9677,2.0918
1780783032.3648865,1.4039,-0.9641,2.0922
1780783032.369994,1.4125,-0.9604,2.0925
1780783032.3756437,1.4209,-0.9566,2.0928
1780783032.3812063,1.4293,-0.9525,2.0933
1780783032.387199,1.4378,-0.9486,2.0935
1780783032.3923886,1.4461,-0.9446,2.0937
1780783032.4047804,1.4546,-0.9403,2.0941
1780783032.4080174,1.463,-0.936,2.0943
1780783032.4098506,1.4717,-0.9316,2.0946
1780783032.4143848,1.4801,-0.9271,2.0949
1780783032.4217715,1.4885,-0.9227,2.095
1780783032.4260132,1.4966,-0.9183,2.0952
1780783032.4311402,1.5052,-0.9136,2.0955
1780783032.4371765,1.5132,-0.9092,2.0955
1780783032.4429212,1.5215,-0.9047,2.0958
1780783032.4524846,1.5298,-0.9001,2.0959
1780783032.4534554,1.538,-0.8954,2.0961
1780783032.4593706,1.5463,-0.8905,2.0964
1780783032.4646604,1.5549,-0.8858,2.0966
1780783032.4704072,1.5636,-0.8808,2.0968
1780783032.4761112,1.5722,-0.876,2.0969
1780783032.481126,1.5809,-0.8708,2.0974
1780783032.4874089,1.5896,-0.8658,2.0976
1780783032.4927895,1.5981,-0.8606,2.0979
1780783032.4979162,1.6069,-0.8555,2.098
1780783032.503754,1.6158,-0.8496,2.0986
1780783032.5086305,1.6246,-0.8439,2.099
1780783032.5142546,1.6334,-0.8385,2.099
1780783032.520361,1.6421,-0.8325,2.0993
1780783032.5257387,1.6507,-0.8266,2.0998
1780783032.5312233,1.6591,-0.8207,2.1
1780783032.5405202,1.6673,-0.8147,2.1002
1780783032.572063,1.6753,-0.8086,2.1005
1780783032.5726516,1.6833,-0.8024,2.1008
1780783032.5731978,1.691,-0.7963,2.1008
1780783032.5736537,1.6985,-0.7901,2.1009
1780783032.5740771,1.7059,-0.7837,2.101
1780783032.574621,1.7131,-0.7773,2.101
1780783032.575187,1.7199,-0.771,2.101
1780783032.5816293,1.7268,-0.7645,2.101
1780783032.587083,1.7332,-0.758,2.1007
1780783032.5923607,1.7397,-0.7516,2.1007
1780783032.5976768,1.7459,-0.745,2.1003
1780783032.60989,1.7523,-0.7384,2.1002
1780783032.6104872,1.7583,-0.7317,2.0998
1780783032.61453,1.7644,-0.725,2.0995
1780783032.6205091,1.7704,-0.7183,2.0991
1780783032.6255908,1.7761,-0.7117,2.0986
1780783032.6326945,1.7818,-0.7049,2.098
1780783032.6366735,1.7873,-0.6983,2.0974
1780783032.6431928,1.7929,-0.6915,2.0967
1780783032.647809,1.7983,-0.6847,2.0961
1780783032.653801,1.8036,-0.6779,2.0954
1780783032.6590605,1.8091,-0.6711,2.0946
1780783032.6644833,1.8144,-0.6644,2.0938
1780783032.670309,1.8197,-0.6576,2.093
1780783032.6835806,1.8248,-0.6507,2.092
1780783032.6851223,1.83,-0.6439,2.091
1780783032.6872954,1.8351,-0.637,2.09
1780783032.6939278,1.84,-0.6301,2.0888
1780783032.6992292,1.8449,-0.6232,2.0878
1780783032.7042825,1.8498,-0.6164,2.0866
1780783032.7089899,1.8546,-0.6094,2.0854
1780783032.7171686,1.8594,-0.6027,2.0843
1780783032.7203584,1.8641,-0.5957,2.0829
1780783032.7262003,1.8688,-0.5885,2.0817
1780783032.731194,1.8734,-0.5815,2.0804
1780783032.737039,1.8778,-0.5747,2.079
1780783032.7424064,1.8823,-0.5675,2.0777
1780783032.748229,1.8867,-0.5606,2.0763
1780783032.7539017,1.8911,-0.5535,2.0749
1780783032.759661,1.8955,-0.5463,2.0736
1780783032.7649918,1.8998,-0.5391,2.0721
1780783032.77042,1.9041,-0.5316,2.0708
1780783032.776007,1.9082,-0.5245,2.0692
1780783032.7812376,1.9123,-0.5173,2.0678
1780783032.7872078,1.9162,-0.5101,2.0663
1780783032.7937503,1.9201,-0.5028,2.0649
1780783032.7981381,1.9239,-0.4955,2.0633
1780783032.8039787,1.9277,-0.4883,2.0619
1780783032.8092017,1.9314,-0.481,2.0605
1780783032.8145592,1.9352,-0.4737,2.0591
1780783032.8249123,1.939,-0.4663,2.0578
1780783032.8270097,1.9426,-0.4592,2.0564
1780783032.83157,1.9463,-0.4517,2.0551
1780783032.8372576,1.9499,-0.4444,2.0539
1780783032.8424993,1.9535,-0.4371,2.0525
1780783032.8486807,1.9571,-0.4298,2.0513
1780783032.8573031,1.9607,-0.4225,2.0501
1780783032.8598762,1.9643,-0.4151,2.049
1780783032.8646894,1.968,-0.4077,2.048
1780783032.869952,1.9715,-0.4004,2.0469
1780783032.8752658,1.9751,-0.393,2.0459
1780783032.8811812,1.9785,-0.3859,2.045
1780783032.8873956,1.9818,-0.3788,2.0442
1780783032.8923829,1.985,-0.3717,2.0434
1780783032.8979394,1.9881,-0.3648,2.0428
1780783032.9032636,1.9912,-0.3579,2.0422
1780783032.9088185,1.9943,-0.3509,2.0417
1780783032.914325,1.9974,-0.344,2.0413
1780783032.921597,2.0005,-0.3371,2.041
1780783032.925947,2.0036,-0.3302,2.0407
1780783032.9314442,2.0067,-0.3233,2.0405
1780783032.9370682,2.0099,-0.3163,2.0403
1780783032.9421525,2.013,-0.3093,2.0402
1780783032.9479825,2.0164,-0.3023,2.0402
1780783032.9541848,2.0198,-0.2952,2.0402
1780783032.9660292,2.0232,-0.2882,2.0402
1780783032.9675295,2.0266,-0.281,2.0404
1780783032.9703965,2.0298,-0.2741,2.0404
1780783032.975549,2.0331,-0.2672,2.0406
1780783032.982896,2.0361,-0.2604,2.0408
1780783032.9873922,2.0389,-0.2536,2.041
1780783032.992153,2.0415,-0.2469,2.0413
1780783032.998051,2.044,-0.2403,2.0416
1780783033.0038216,2.0462,-0.2337,2.0419
1780783033.009005,2.0484,-0.227,2.0423
1780783033.0149195,2.0503,-0.2202,2.0426
1780783033.020457,2.0522,-0.2135,2.0431
1780783033.0255847,2.054,-0.2068,2.0435
1780783033.0317538,2.0557,-0.1997,2.044
1780783033.0372674,2.0574,-0.1927,2.0444
1780783033.0428758,2.0591,-0.1856,2.0449
1780783033.049744,2.061,-0.1781,2.0453
1780783033.0537066,2.0628,-0.1707,2.0458
1780783033.059115,2.0647,-0.1629,2.0464
1780783033.064442,2.0667,-0.1552,2.047
1780783033.0706408,2.0687,-0.1471,2.0476
1780783033.076004,2.0707,-0.1393,2.0481
1780783033.0830138,2.0726,-0.1314,2.0487
1780783033.087471,2.0747,-0.1232,2.0493
1780783033.095407,2.0766,-0.115,2.0499
1780783033.0986085,2.0785,-0.1069,2.0504
1780783033.1036959,2.0804,-0.0987,2.051
1780783033.116933,2.0824,-0.0904,2.0515
1780783033.1182368,2.0842,-0.0821,2.0522
1780783033.1200552,2.0859,-0.074,2.0528
1780783033.1275017,2.0875,-0.0658,2.0533
1780783033.1333408,2.089,-0.0576,2.0538
1780783033.1395748,2.0904,-0.0494,2.0542
1780783033.1420393,2.0918,-0.0411,2.0548
1780783033.1481397,2.0931,-0.0328,2.0554
1780783033.1540496,2.0943,-0.0247,2.0556
1780783033.1590545,2.0956,-0.0164,2.0561
1780783033.1646655,2.0967,-0.008,2.0566
1780783033.1700559,2.0979,0.0003,2.057
1780783033.1762626,2.0985,0.0084,2.0572
1780783033.1819859,2.0996,0.0169,2.0577
1780783033.1872466,2.1002,0.0252,2.0579
1780783033.1922204,2.101,0.0335,2.0582
1780783033.1982982,2.1016,0.0417,2.0584
1780783033.2039611,2.1023,0.0499,2.0585
1780783033.2090204,2.1029,0.0584,2.0588
1780783033.2144022,2.1034,0.0666,2.0589
1780783033.2200449,2.1039,0.0751,2.0589
1780783033.2256334,2.1042,0.0834,2.0589
1780783033.2315934,2.1046,0.0918,2.0589
1780783033.237152,2.1049,0.1,2.0588
1780783033.2427192,2.1051,0.1084,2.0587
1780783033.2482924,2.1055,0.117,2.0587
1780783033.2591305,2.1056,0.1256,2.0585
1780783033.2611623,2.106,0.134,2.0583
1780783033.2658875,2.1061,0.1426,2.058
1780783033.290947,2.1063,0.1512,2.0577
1780783033.2915158,2.1064,0.1599,2.0574
1780783033.2920017,2.1064,0.1684,2.057
1780783033.2924838,2.1064,0.1771,2.0567
1780783033.2929368,2.1064,0.1859,2.0562
1780783033.2978144,2.1063,0.1946,2.0557
1780783033.3038964,2.1062,0.2032,2.0552
1780783033.3091412,2.1061,0.2121,2.0547
1780783033.3146873,2.1059,0.2209,2.0541
1780783033.320148,2.1057,0.2297,2.0535
1780783033.3257418,2.1054,0.2387,2.053
1780783033.3310285,2.1051,0.2477,2.0524
1780783033.33702,2.1047,0.2562,2.0517
1780783033.3425574,2.1042,0.2653,2.0511
1780783033.348071,2.1039,0.2742,2.0504
1780783033.353606,2.1034,0.2835,2.0498
1780783033.3601477,2.103,0.2924,2.0491
1780783033.3645904,2.1025,0.3015,2.0485
1780783033.370366,2.102,0.3106,2.0479
1780783033.3757591,2.1015,0.3195,2.0472
1780783033.3812475,2.1008,0.3286,2.0466
1780783033.387076,2.1001,0.3376,2.0459
1780783033.394562,2.0992,0.3466,2.0452
1780783033.3979979,2.0986,0.3556,2.0446
1780783033.4049065,2.0978,0.3647,2.044
1780783033.4091651,2.097,0.3734,2.0433
1780783033.4148366,2.0964,0.3826,2.0429
1780783033.4201944,2.0953,0.3915,2.042
1780783033.426071,2.0945,0.4007,2.0415
1780783033.4329638,2.0936,0.41,2.0409
1780783033.4370995,2.0927,0.4193,2.0404
1780783033.442378,2.0918,0.4286,2.0399
1780783033.4481046,2.091,0.4382,2.0395
1780783033.4536572,2.09,0.4478,2.0392
1780783033.4593236,2.089,0.4572,2.0387
1780783033.464619,2.0881,0.4668,2.0383
1780783033.4708972,2.087,0.4763,2.0379
1780783033.4756813,2.0858,0.4859,2.0375
1780783033.4812126,2.0846,0.4954,2.0374
1780783033.4870987,2.0832,0.5048,2.0371
1780783033.4923687,2.082,0.5143,2.037
1780783033.4981725,2.0807,0.5237,2.0369
1780783033.503321,2.0792,0.5332,2.0369
1780783033.5087748,2.0777,0.5426,2.037
1780783033.5141869,2.076,0.5517,2.0371
1780783033.5203438,2.0743,0.5609,2.0372
1780783033.5256987,2.0723,0.5701,2.0373
1780783033.535914,2.0706,0.5791,2.0377
1780783033.5378807,2.0684,0.5883,2.038
1780783033.5426676,2.0662,0.5974,2.0384
1780783033.5507705,2.064,0.6065,2.0388
1780783033.5544732,2.0615,0.6156,2.0393
1780783033.5595214,2.0593,0.625,2.0399
1780783033.5651932,2.0566,0.6342,2.0403
1780783033.5703545,2.054,0.6433,2.0409
1780783033.5755737,2.0513,0.6525,2.0413
1780783033.581588,2.0485,0.6616,2.0419
1780783033.5870433,2.0455,0.6708,2.0424
1780783033.592372,2.0427,0.6799,2.0431
1780783033.597757,2.0395,0.6887,2.0435
1780783033.6033115,2.0365,0.6976,2.0443
1780783033.608911,2.0333,0.7064,2.045
1780783033.614666,2.0299,0.715,2.0453
1780783033.6200106,2.0269,0.7236,2.0462
1780783033.6256227,2.0234,0.7319,2.0467
1780783033.6311903,2.02,0.7402,2.0474
1780783033.6373603,2.0166,0.7482,2.048
1780783033.6423945,2.0129,0.7563,2.0484
1780783033.6478643,2.0094,0.7644,2.0491
1780783033.6536381,2.0058,0.7726,2.0497
1780783033.6587777,2.0023,0.7807,2.0503
1780783033.664341,1.9987,0.789,2.0509
1780783033.677232,1.9952,0.7973,2.0514
1780783033.700916,1.9914,0.8058,2.052
1780783033.7014394,1.9878,0.8141,2.0527
1780783033.7018464,1.984,0.8227,2.0532
1780783033.7022858,1.98,0.8313,2.0538
1780783033.702829,1.9761,0.8398,2.0544
1780783033.7044091,1.9722,0.8484,2.0551
1780783033.7091477,1.9683,0.8572,2.0558
1780783033.7147403,1.9643,0.8659,2.0565
1780783033.7203202,1.9602,0.8744,2.057
1780783033.725444,1.956,0.8828,2.0576
1780783033.7311103,1.9517,0.8911,2.0582
1780783033.7373116,1.9473,0.8994,2.0588
1780783033.7423403,1.9428,0.9078,2.0593
1780783033.747652,1.9382,0.9158,2.06
1780783033.7537053,1.9338,0.9238,2.0604
1780783033.7587392,1.9291,0.932,2.061
1780783033.7645721,1.9244,0.9402,2.0615
1780783033.770417,1.9196,0.9482,2.0619
1780783033.7755895,1.9147,0.9562,2.0624
1780783033.7811842,1.9096,0.9641,2.0627
1780783033.787017,1.9045,0.9717,2.063
1780783033.7924814,1.8993,0.979,2.0633
1780783033.798462,1.8939,0.9866,2.0636
1780783033.8046055,1.8887,0.9937,2.0638
1780783033.8090343,1.8834,1.0009,2.0639
1780783033.816421,1.878,1.0078,2.064
1780783033.8217716,1.8726,1.0147,2.0641
1780783033.8264444,1.8671,1.0212,2.0641
1780783033.8323698,1.8617,1.0276,2.0642
1780783033.8378565,1.856,1.0341,2.0641
1780783033.842924,1.8504,1.0404,2.064
1780783033.8477376,1.8446,1.0469,2.0639
1780783033.8536985,1.8388,1.0531,2.0636
1780783033.8593707,1.8331,1.0593,2.0633
1780783033.8645124,1.8273,1.0657,2.0631
1780783033.8703752,1.8215,1.072,2.0628
1780783033.8757432,1.8156,1.0782,2.0626
1780783033.8810647,1.8097,1.0843,2.0622
1780783033.8866596,1.804,1.0904,2.0618
1780783033.8931093,1.7981,1.0965,2.0614
1780783033.8980713,1.7922,1.1026,2.061
1780783033.9037638,1.7863,1.1086,2.0603
1780783033.9091551,1.7804,1.1147,2.0599
1780783033.9142184,1.7745,1.1207,2.0594
1780783033.9204216,1.7686,1.1268,2.0588
1780783033.9259803,1.7629,1.1325,2.0581
1780783033.9312773,1.757,1.1382,2.0575
1780783033.9369984,1.7509,1.1441,2.0568
1780783033.9421914,1.7449,1.1497,2.0561
1780783033.9548233,1.7389,1.1554,2.0554
1780783033.955971,1.7328,1.1612,2.0547
1780783033.9604504,1.7268,1.1669,2.054
1780783033.9645855,1.7207,1.1725,2.0531
1780783033.9714382,1.7145,1.1783,2.0525
1780783033.9757278,1.7081,1.184,2.0519
1780783033.9812155,1.7019,1.1893,2.0509
1780783033.9871194,1.6954,1.195,2.0503
1780783033.9921336,1.6889,1.2005,2.0497
1780783033.9980595,1.6827,1.2056,2.0486
1780783034.003281,1.6761,1.2111,2.048
1780783034.009106,1.6697,1.2164,2.0473
1780783034.0142918,1.6633,1.2215,2.0465
1780783034.0202715,1.6566,1.2268,2.0459
1780783034.0259461,1.65,1.2317,2.0452
1780783034.0320485,1.643,1.2367,2.0444
1780783034.0369973,1.6364,1.2415,2.0439
1780783034.0425467,1.6296,1.2461,2.0432
1780783034.0480554,1.6228,1.2506,2.0428
1780783034.0536833,1.6159,1.2552,2.0421
1780783034.0592973,1.6091,1.2601,2.0417
1780783034.0645864,1.6021,1.2643,2.0412
1780783034.0700727,1.5952,1.2689,2.0407
1780783034.0755231,1.5882,1.2731,2.0405
1780783034.0810895,1.5811,1.2776,2.04
1780783034.090507,1.5741,1.2818,2.0397
1780783034.1160297,1.5669,1.2859,2.0393
1780783034.1165028,1.5599,1.29,2.0391
1780783034.116927,1.5529,1.2943,2.039
1780783034.117417,1.5459,1.2983,2.0388
1780783034.1178486,1.5389,1.3025,2.0387
1780783034.1205397,1.532,1.3061,2.0387
1780783034.125852,1.5252,1.3097,2.0388
1780783034.131339,1.5182,1.3134,2.039
1780783034.1378374,1.5112,1.3171,2.0392
1780783034.1419907,1.5041,1.3204,2.0395
1780783034.148751,1.497,1.3245,2.04
1780783034.1537218,1.4899,1.3283,2.0405
1780783034.1651149,1.4831,1.3315,2.0409
1780783034.1656394,1.4761,1.3346,2.0414
1780783034.1702423,1.4692,1.3384,2.0421
1780783034.1754153,1.4619,1.3427,2.0428
1780783034.181605,1.4546,1.3472,2.0435
1780783034.1878371,1.4474,1.3511,2.0441
1780783034.1923764,1.4408,1.3544,2.0451
1780783034.197841,1.4336,1.3586,2.046
1780783034.2036235,1.4266,1.3624,2.047
1780783034.2088633,1.4198,1.366,2.0478
1780783034.2149234,1.413,1.3698,2.0489
1780783034.2209737,1.4063,1.3731,2.0499
1780783034.2304652,1.3996,1.3762,2.051
1780783034.2372763,1.3928,1.3795,2.0521
1780783034.2391453,1.3863,1.3819,2.0533
1780783034.2430835,1.3796,1.3843,2.0543
1780783034.2483366,1.373,1.3867,2.0556
1780783034.2544723,1.3664,1.389,2.0566
1780783034.2599847,1.3598,1.3911,2.0578
1780783034.264493,1.353,1.3934,2.0589
1780783034.2700086,1.3461,1.3956,2.0601
1780783034.2760248,1.339,1.3978,2.0612
1780783034.2824867,1.3318,1.4004,2.0624
1780783034.2870166,1.3243,1.4028,2.0635
1780783034.2921133,1.3167,1.4055,2.0648
1780783034.2979023,1.3089,1.4081,2.0659
1780783034.3037395,1.3011,1.411,2.0671
1780783034.3089528,1.2931,1.4141,2.0684
1780783034.314557,1.2851,1.4173,2.0697
1780783034.3204396,1.2771,1.4203,2.0709
1780783034.325572,1.2689,1.4235,2.072
1780783034.331307,1.2609,1.4268,2.0732
1780783034.337397,1.2525,1.43,2.0743
1780783034.3420258,1.2443,1.4333,2.0753
1780783034.3475397,1.2361,1.4365,2.0765
1780783034.3637726,1.228,1.4401,2.0777
1780783034.3643076,1.22,1.4428,2.0785
1780783034.3648314,1.2119,1.446,2.0795
1780783034.3754423,1.2037,1.4491,2.0803
1780783034.3774137,1.1955,1.4522,2.0813
1780783034.3817747,1.1875,1.4547,2.082
1780783034.3890452,1.1792,1.4572,2.0827
1780783034.3929367,1.171,1.4599,2.0834
1780783034.3985412,1.1627,1.4626,2.0839
1780783034.4031725,1.1545,1.4651,2.0845
1780783034.4089117,1.1461,1.4675,2.085
1780783034.4148746,1.1379,1.4701,2.0854
1780783034.4205308,1.1296,1.4723,2.0858
1780783034.426255,1.1213,1.4745,2.086
1780783034.4313595,1.1129,1.477,2.0863
1780783034.4394443,1.1045,1.4791,2.0865
1780783034.442389,1.0962,1.481,2.0865
1780783034.4481528,1.0878,1.4835,2.0866
1780783034.4531584,1.0793,1.4861,2.0867
1780783034.459096,1.071,1.4882,2.0865
1780783034.465178,1.0627,1.4903,2.0864
1780783034.469866,1.0542,1.4927,2.0863
1780783034.4758735,1.046,1.4946,2.086
1780783034.4821067,1.0375,1.4968,2.0856
1780783034.4874425,1.029,1.4993,2.0854
1780783034.4921062,1.0205,1.5015,2.0848
1780783034.4976075,1.0119,1.5037,2.0843
1780783034.503704,1.0033,1.5065,2.084
1780783034.5392954,0.9948,1.5087,2.0834
1780783034.5398662,0.9864,1.5105,2.0826
1780783034.5403159,0.9778,1.5127,2.0819
1780783034.5407355,0.969,1.5152,2.0813
1780783034.541274,0.9603,1.5173,2.0805
1780783034.5417292,0.9515,1.5197,2.0798
1780783034.5423863,0.9428,1.5216,2.0788
1780783034.5478966,0.934,1.5235,2.078
1780783034.5536413,0.9252,1.5257,2.0771
1780783034.5605092,0.9166,1.5279,2.0764
1780783034.5643246,0.9078,1.53,2.0755
1780783034.5701737,0.899,1.5319,2.0744
1780783034.5759237,0.8903,1.5341,2.0739
1780783034.5813696,0.8813,1.5361,2.0728
1780783034.587119,0.8726,1.5381,2.0718
1780783034.5925233,0.8637,1.5398,2.0708
1780783034.5980282,0.855,1.542,2.0701
1780783034.6037056,0.8461,1.5439,2.0692
1780783034.6099508,0.8374,1.5461,2.0684
1780783034.6146774,0.8285,1.548,2.0676
1780783034.6199136,0.8198,1.5498,2.0668
1780783034.6257112,0.8108,1.5519,2.066
1780783034.6309302,0.8019,1.5537,2.0653
1780783034.6369662,0.7928,1.5556,2.0644
1780783034.6424053,0.7839,1.5578,2.064
1780783034.647889,0.7747,1.5592,2.0628
1780783034.6590703,0.7657,1.5613,2.0624
1780783034.6603203,0.7566,1.5631,2.0617
1780783034.6649315,0.7477,1.5652,2.0612
1780783034.670515,0.7384,1.5673,2.0607
1780783034.6758375,0.7294,1.5693,2.0602
1780783034.6818085,0.7201,1.5713,2.0599
1780783034.6874483,0.711,1.5731,2.0593
1780783034.6923456,0.7016,1.5753,2.0589
1780783034.699681,0.6923,1.5774,2.0588
1780783034.7033112,0.6832,1.5797,2.0588
1780783034.7090704,0.6737,1.5818,2.0587
1780783034.7146323,0.6645,1.5839,2.0587
1780783034.7213311,0.655,1.5859,2.0588
1780783034.725702,0.6457,1.5878,2.0588
1780783034.7312684,0.6363,1.59,2.059
1780783034.737098,0.6269,1.592,2.0595
1780783034.74259,0.6175,1.5938,2.0595
1780783034.7476594,0.608,1.5962,2.06
1780783034.7539322,0.5985,1.5978,2.0604
1780783034.7589736,0.5891,1.5999,2.061
1780783034.7648575,0.5792,1.6016,2.0613
1780783034.7698963,0.5698,1.6039,2.062
1780783034.7755756,0.5602,1.6055,2.0623
1780783034.7812197,0.5504,1.6079,2.063
1780783034.7871306,0.5406,1.6094,2.0633
1780783034.800759,0.5308,1.612,2.0641
1780783034.8020778,0.521,1.6135,2.0643
1780783034.804089,0.5113,1.6155,2.0649
1780783034.80917,0.5016,1.6172,2.0656
1780783034.8314385,0.492,1.6189,2.0661
1780783034.8319647,0.4826,1.6205,2.0667
1780783034.8324502,0.4733,1.6218,2.0672
1780783034.832886,0.4642,1.6234,2.068
1780783034.8370316,0.4551,1.6243,2.0686
1780783034.8424003,0.4463,1.6253,2.0692
1780783034.8477056,0.4375,1.626,2.0696
1780783034.853752,0.429,1.6267,2.0703
1780783034.8596663,0.4204,1.627,2.0707
1780783034.8645892,0.412,1.6275,2.0713
1780783034.8704617,0.4035,1.628,2.0718
1780783034.876135,0.3949,1.6284,2.0723
1780783034.881153,0.3862,1.6286,2.0728
1780783034.8866246,0.3775,1.6288,2.0731
1780783034.8933473,0.3689,1.6291,2.0735
1780783034.8980184,0.3599,1.6294,2.074
1780783034.9043095,0.3509,1.6306,2.0746
1780783034.910211,0.3415,1.6306,2.075
1780783034.9142213,0.3325,1.6311,2.0753
1780783034.92033,0.3234,1.6316,2.0759
1780783034.9272394,0.3141,1.6322,2.0763
1780783034.934019,0.3049,1.6326,2.0767
1780783034.9413714,0.296,1.6335,2.0773
1780783034.9431221,0.2866,1.6339,2.0775
1780783034.9486804,0.2776,1.6344,2.078
1780783034.9544208,0.2687,1.6352,2.0785
1780783034.9601545,0.2597,1.6356,2.0788
1780783034.9663942,0.2507,1.6362,2.0792
1780783034.970517,0.2421,1.637,2.0798
1780783034.9757757,0.2331,1.6371,2.08
1780783034.9814572,0.2249,1.6383,2.0803
1780783034.987176,0.2156,1.6388,2.0808
1780783034.992597,0.2065,1.6386,2.081
1780783034.999546,0.1978,1.6391,2.0814
1780783035.0049622,0.188,1.6385,2.0816
1780783035.0092597,0.1798,1.639,2.082
1780783035.0147288,0.1711,1.6387,2.0822
1780783035.0203228,0.1623,1.6382,2.0824
1780783035.0257084,0.1532,1.6374,2.0824
1780783035.0309095,0.1446,1.6371,2.0827
1780783035.0371728,0.1362,1.6366,2.0828
1780783035.0423574,0.1277,1.6355,2.0829
1780783035.0478985,0.1194,1.6347,2.0829
1780783035.0534532,0.1114,1.6338,2.0827
1780783035.059223,0.1031,1.6322,2.0828
1780783035.0647209,0.0952,1.6313,2.0826
1780783035.0805523,0.087,1.6297,2.0825
1780783035.082046,0.0794,1.629,2.0823
1780783035.0837545,0.071,1.627,2.0819
1780783035.0871813,0.0631,1.6254,2.0816
1780783035.0931067,0.0554,1.624,2.0812
1780783035.0983176,0.048,1.6227,2.0809
1780783035.1035972,0.0397,1.6211,2.0805
1780783035.1094463,0.032,1.62,2.0799
1780783035.1146257,0.024,1.6178,2.0791
1780783035.1204045,0.0161,1.6161,2.0783
1780783035.1261132,0.0083,1.6147,2.0779
1780783035.131061,0.0003,1.6129,2.0766
1780783035.1382165,-0.0073,1.6112,2.0762
1780783035.1424837,-0.0153,1.6093,2.0751
1780783035.1488647,-0.0229,1.6085,2.0743
1780783035.1539664,-0.0309,1.6067,2.0732
1780783035.158971,-0.0383,1.6048,2.0721
1780783035.1651196,-0.0461,1.6034,2.071
1780783035.1711924,-0.0538,1.602,2.0699
1780783035.1758516,-0.0616,1.6003,2.0687
1780783035.1816077,-0.0689,1.5989,2.0677
1780783035.187045,-0.077,1.5972,2.0663
1780783035.1929755,-0.0836,1.5967,2.0651
1780783035.1986392,-0.0914,1.595,2.0638
1780783035.2039518,-0.0988,1.5935,2.0626
1780783035.2097175,-0.1063,1.5922,2.0615
1780783035.2192183,-0.114,1.5908,2.0602
1780783035.2480104,-0.1213,1.5893,2.0592
1780783035.2485383,-0.1287,1.5877,2.058
1780783035.2489908,-0.1363,1.5861,2.0567
1780783035.2494383,-0.1437,1.5847,2.0557
1780783035.2498474,-0.151,1.5834,2.0549
1780783035.2502475,-0.1583,1.5819,2.0537
1780783035.253616,-0.1659,1.5802,2.0527
1780783035.259747,-0.1732,1.5787,2.0517
1780783035.2644255,-0.1804,1.5773,2.0508
1780783035.2703795,-0.1877,1.5762,2.0503
1780783035.2787347,-0.1952,1.5743,2.0492
1780783035.2815282,-0.2025,1.5731,2.0485
1780783035.2873275,-0.2099,1.572,2.0478
1780783035.2929142,-0.2174,1.5703,2.0474
1780783035.2980034,-0.2249,1.5692,2.0465
1780783035.3035982,-0.2327,1.5675,2.0459
1780783035.3092499,-0.2398,1.5665,2.0454
1780783035.314435,-0.2474,1.5646,2.0447
1780783035.3220232,-0.2546,1.5635,2.0445
1780783035.3264687,-0.2619,1.5622,2.044
1780783035.33178,-0.2694,1.5609,2.0439
1780783035.337163,-0.2767,1.5597,2.0439
1780783035.3421316,-0.284,1.5584,2.0438
1780783035.3477445,-0.2916,1.5569,2.0441
1780783035.359654,-0.2987,1.5558,2.0443
1780783035.3623521,-0.306,1.5547,2.0444
1780783035.3665204,-0.3134,1.5533,2.0448
1780783035.3711512,-0.3207,1.5522,2.0453
1780783035.3780136,-0.328,1.551,2.0457
1780783035.3819735,-0.3355,1.5501,2.0462
1780783035.3872604,-0.3431,1.5491,2.0468
1780783035.3921745,-0.3505,1.5482,2.0475
1780783035.3987112,-0.3579,1.5473,2.0481
1780783035.4047053,-0.3654,1.5466,2.0489
1780783035.4089959,-0.3725,1.5457,2.0498
1780783035.414527,-0.3792,1.5448,2.0506
1780783035.420356,-0.3862,1.5438,2.0514
1780783035.4253755,-0.3929,1.5427,2.0522
1780783035.431635,-0.3996,1.5419,2.0533
1780783035.4372118,-0.406,1.5404,2.0539
1780783035.4421518,-0.4124,1.5392,2.0549
1780783035.4477491,-0.4189,1.5379,2.056
1780783035.4531462,-0.4252,1.5364,2.0569
1780783035.460285,-0.4314,1.5345,2.0578
1780783035.464495,-0.438,1.533,2.0589
1780783035.4704409,-0.4444,1.5316,2.0601
1780783035.47548,-0.4511,1.5296,2.0609
1780783035.4810915,-0.4579,1.5277,2.0619
1780783035.4869173,-0.465,1.5256,2.0629
1780783035.498797,-0.472,1.5235,2.0639
1780783035.5008297,-0.4793,1.5214,2.0649
1780783035.5050561,-0.4869,1.5195,2.0661
1780783035.5117743,-0.4943,1.5172,2.0671
1780783035.5172327,-0.5019,1.5149,2.0682
1780783035.5214186,-0.5095,1.5127,2.0692
1780783035.5256836,-0.5175,1.5105,2.0703
1780783035.5312626,-0.5251,1.5077,2.0712
1780783035.5369651,-0.5329,1.5053,2.0721
1780783035.5423174,-0.5406,1.5029,2.073
1780783035.5475116,-0.5486,1.5005,2.074
1780783035.5542343,-0.5561,1.4979,2.0747
1780783035.5590758,-0.5638,1.4951,2.0756
1780783035.5646045,-0.5712,1.4923,2.0763
1780783035.5702507,-0.5787,1.4898,2.0771
1780783035.5759816,-0.5862,1.487,2.0778
1780783035.5824554,-0.5938,1.4841,2.0784
1780783035.5880628,-0.6009,1.4813,2.0789
1780783035.5924501,-0.6083,1.4785,2.0795
1780783035.5977468,-0.6156,1.4756,2.0798
1780783035.6036453,-0.6225,1.4725,2.0802
1780783035.6100247,-0.6298,1.4696,2.0807
1780783035.6145267,-0.6369,1.4664,2.0807
1780783035.62097,-0.6438,1.4633,2.0809
1780783035.6254807,-0.651,1.4604,2.0812
1780783035.6309981,-0.6582,1.4572,2.0811
1780783035.6662955,-0.6654,1.4544,2.0812
1780783035.667083,-0.6728,1.4512,2.081
1780783035.6677835,-0.68,1.448,2.0808
1780783035.6682217,-0.6874,1.4448,2.0804
1780783035.6686268,-0.6949,1.4416,2.0799
1780783035.6690123,-0.7023,1.4388,2.0798
1780783035.672032,-0.71,1.4354,2.0793
1780783035.6758103,-0.7177,1.4326,2.0788
1780783035.6815221,-0.7251,1.4294,2.0782
1780783035.6870148,-0.733,1.4264,2.0773
1780783035.692112,-0.7407,1.4234,2.0766
1780783035.6977065,-0.7486,1.4204,2.0759
1780783035.7036543,-0.7562,1.4173,2.0748
1780783035.7088768,-0.7642,1.4143,2.074
1780783035.7155526,-0.7718,1.4111,2.0728
1780783035.7197952,-0.7799,1.4081,2.0717
1780783035.7253244,-0.7878,1.4049,2.0708
1780783035.7310166,-0.7959,1.4018,2.0696
1780783035.7371793,-0.8041,1.3987,2.0683
1780783035.7456737,-0.8124,1.3954,2.067
1780783035.7484233,-0.8207,1.3924,2.0659
1780783035.753136,-0.8291,1.3892,2.0647
1780783035.7590287,-0.8373,1.3858,2.0635
1780783035.7642813,-0.8455,1.3824,2.0624
1780783035.7703724,-0.854,1.379,2.0612
1780783035.7818625,-0.8623,1.3756,2.06
1780783035.7832108,-0.8707,1.3723,2.0588
1780783035.7874124,-0.8793,1.3688,2.0578
1780783035.7932546,-0.8874,1.3651,2.0565
1780783035.799348,-0.8955,1.3615,2.0555
1780783035.8046162,-0.9042,1.3581,2.0545
1780783035.8092523,-0.9124,1.3544,2.0532
1780783035.8146262,-0.9207,1.3509,2.0522
1780783035.8207946,-0.9292,1.3472,2.0513
1780783035.826095,-0.9374,1.3436,2.0502
1780783035.8314154,-0.9462,1.34,2.0493
1780783035.8372173,-0.9545,1.3364,2.0484
1780783035.8427064,-0.9635,1.3326,2.0476
1780783035.8481421,-0.972,1.329,2.0467
1780783035.8536448,-0.981,1.3251,2.0458
1780783035.8590543,-0.9896,1.3214,2.0449
1780783035.8643143,-0.9985,1.3175,2.0442
1780783035.870315,-1.0075,1.3136,2.0434
1780783035.8758035,-1.0165,1.3099,2.0429
1780783035.8814757,-1.0255,1.3061,2.0422
1780783035.8866012,-1.0348,1.302,2.0416
1780783035.892104,-1.0439,1.2982,2.0412
1780783035.8974323,-1.0527,1.2941,2.0408
1780783035.903641,-1.0618,1.2903,2.0405
1780783035.9092507,-1.0707,1.2863,2.0402
1780783035.9146276,-1.0795,1.2816,2.04
1780783035.9236393,-1.0884,1.2777,2.0402
1780783035.9256835,-1.0971,1.2731,2.04
1780783035.9310365,-1.1065,1.2689,2.0401
1780783035.9511054,-1.1152,1.2641,2.04
1780783035.9516895,-1.1244,1.2597,2.0402
1780783035.9521968,-1.1334,1.2549,2.0404
1780783035.953242,-1.1425,1.25,2.0404
1780783035.9589128,-1.1517,1.2452,2.0405
1780783035.9643898,-1.1602,1.2396,2.0404
1780783035.970203,-1.1686,1.2343,2.0405
1780783035.9756587,-1.1778,1.2292,2.0407
1780783035.9813251,-1.1866,1.2238,2.0408
1780783035.988081,-1.1951,1.2182,2.0409
1780783035.992497,-1.2036,1.213,2.0412
1780783035.9980292,-1.2121,1.2073,2.0411
1780783036.0036938,-1.22,1.2017,2.0415
1780783036.0089667,-1.228,1.196,2.0417
1780783036.0143962,-1.2354,1.1902,2.0418
1780783036.0205166,-1.2428,1.1839,2.0423
1780783036.0256648,-1.2505,1.1784,2.0424
1780783036.0313568,-1.2583,1.1724,2.0426
1780783036.0368996,-1.2659,1.1664,2.0429
1780783036.0426345,-1.2728,1.1601,2.0434
1780783036.0480525,-1.2807,1.1542,2.0436
1780783036.0533693,-1.288,1.1476,2.044
1780783036.0652864,-1.2957,1.1416,2.0443
1780783036.0666428,-1.3032,1.135,2.0447
1780783036.0708146,-1.3109,1.1285,2.0451
1780783036.0759497,-1.3189,1.1218,2.0456
1780783036.0867245,-1.3266,1.1154,2.046
1780783036.087243,-1.3347,1.1089,2.0461
1780783036.0924277,-1.3424,1.1021,2.0467
1780783036.099844,-1.3505,1.0955,2.047
1780783036.103849,-1.3579,1.0887,2.0472
1780783036.1088495,-1.3655,1.082,2.0477
1780783036.114216,-1.3732,1.0752,2.048
1780783036.1200798,-1.3805,1.0684,2.0481
1780783036.1257348,-1.3878,1.0617,2.0486
1780783036.1312587,-1.3948,1.0549,2.0488
1780783036.1368988,-1.4018,1.048,2.049
1780783036.142378,-1.4087,1.0409,2.0493
1780783036.1479251,-1.4155,1.0342,2.0494
1780783036.1540744,-1.4219,1.0272,2.0495
1780783036.159165,-1.4285,1.0202,2.0496
1780783036.1645648,-1.435,1.0134,2.0497
1780783036.1698532,-1.4412,1.0063,2.0497
1780783036.175472,-1.4477,0.9994,2.0496
1780783036.1821218,-1.4537,0.9924,2.0495
1780783036.1869578,-1.4599,0.9852,2.0494
1780783036.1924763,-1.4662,0.978,2.0492
1780783036.2024727,-1.4723,0.9709,2.049
1780783036.2036188,-1.4784,0.9636,2.0488
1780783036.2102673,-1.4841,0.9564,2.0484
1780783036.2178924,-1.4901,0.9488,2.0482
1780783036.221072,-1.4959,0.9414,2.0478
1780783036.2280903,-1.5014,0.9341,2.0474
1780783036.232964,-1.5073,0.9265,2.0469
1780783036.2384694,-1.5128,0.919,2.0465
1780783036.2419875,-1.5183,0.9113,2.046
1780783036.2483442,-1.5235,0.9038,2.0455
1780783036.2537978,-1.5287,0.8961,2.0448
1780783036.2614465,-1.534,0.8883,2.0442
1780783036.2660947,-1.5389,0.8807,2.0436
1780783036.2722688,-1.5437,0.873,2.0428
1780783036.2779803,-1.5485,0.8651,2.0422
1780783036.281093,-1.5531,0.8574,2.0415
1780783036.287047,-1.5576,0.8495,2.0407
1780783036.2921805,-1.5619,0.8419,2.0399
1780783036.2976055,-1.5662,0.834,2.0391
1780783036.3036273,-1.5703,0.8261,2.0383
1780783036.3089483,-1.5744,0.8181,2.0374
1780783036.3144717,-1.5783,0.8099,2.0366
1780783036.3201888,-1.5822,0.8018,2.0357
1780783036.3263497,-1.5861,0.7937,2.0349
1780783036.3337307,-1.5897,0.7855,2.034
1780783036.3434434,-1.5933,0.7773,2.0331
1780783036.3712776,-1.5969,0.769,2.0322
1780783036.371757,-1.6003,0.7607,2.0313
1780783036.3721652,-1.6035,0.7524,2.0305
1780783036.3727376,-1.6066,0.744,2.0294
1780783036.3731368,-1.6097,0.7356,2.0285
1780783036.3735197,-1.6127,0.7272,2.0275
1780783036.3759727,-1.6154,0.7189,2.0266
1780783036.3816643,-1.6183,0.7104,2.0257
1780783036.387233,-1.621,0.702,2.0248
1780783036.395505,-1.6238,0.6938,2.0238
1780783036.3995361,-1.6264,0.6853,2.0229
1780783036.4049652,-1.6292,0.6769,2.0221
1780783036.410691,-1.6317,0.6683,2.0213
1780783036.4142723,-1.6346,0.6599,2.0205
1780783036.4203088,-1.6373,0.6514,2.0198
1780783036.4256325,-1.6399,0.6429,2.0189
1780783036.432765,-1.6428,0.6345,2.0182
1780783036.436797,-1.6456,0.6259,2.0175
1780783036.44225,-1.6484,0.6175,2.0169
1780783036.448192,-1.6511,0.609,2.0161
1780783036.453553,-1.6539,0.6006,2.0158
1780783036.4589257,-1.6564,0.5924,2.0153
1780783036.4645545,-1.6588,0.5841,2.015
1780783036.4701655,-1.6614,0.5759,2.0149
1780783036.4812305,-1.6638,0.5679,2.0147
1780783036.482404,-1.6662,0.5597,2.0148
1780783036.4870005,-1.6686,0.5517,2.015
1780783036.4921956,-1.671,0.5437,2.0151
1780783036.5004315,-1.6735,0.5357,2.0154
1780783036.5053487,-1.676,0.5277,2.0158
1780783036.5089548,-1.6788,0.5198,2.0162
1780783036.5146444,-1.6815,0.5118,2.0168
1780783036.5205004,-1.6843,0.5038,2.0172
1780783036.5255146,-1.687,0.4956,2.0178
1780783036.531102,-1.6899,0.4876,2.0185
1780783036.5371535,-1.6926,0.4796,2.0192
1780783036.542951,-1.6954,0.4715,2.0201
1780783036.5477805,-1.6978,0.4636,2.0207
1780783036.5535743,-1.7002,0.4556,2.0215
1780783036.558795,-1.7025,0.4479,2.0224
1780783036.564417,-1.7044,0.4402,2.0232
1780783036.570608,-1.7063,0.4326,2.024
1780783036.5757496,-1.7082,0.4249,2.025
1780783036.5813222,-1.7097,0.4172,2.0259
1780783036.586895,-1.7113,0.4094,2.0269
1780783036.592409,-1.7129,0.4015,2.0279
1780783036.5978796,-1.7145,0.3934,2.029
1780783036.6035385,-1.7159,0.3852,2.0301
1780783036.6103363,-1.7175,0.3766,2.0312
1780783036.619407,-1.719,0.368,2.0323
1780783036.6224349,-1.7203,0.3591,2.0334
1780783036.6260443,-1.722,0.3501,2.0346
1780783036.6318226,-1.7236,0.341,2.0357
1780783036.6398008,-1.7253,0.3319,2.0368
1780783036.643537,-1.7269,0.3228,2.0379
1780783036.647693,-1.7284,0.3133,2.039
1780783036.6535087,-1.7301,0.3041,2.0401
1780783036.6587522,-1.7316,0.2949,2.0411
1780783036.6649067,-1.7331,0.2855,2.042
1780783036.670433,-1.7347,0.2766,2.0431
1780783036.6763027,-1.736,0.2675,2.044
1780783036.6815703,-1.7374,0.2583,2.0449
1780783036.6870599,-1.7386,0.2494,2.0458
1780783036.6926434,-1.7396,0.2404,2.0466
1780783036.6980066,-1.7408,0.2317,2.0476
1780783036.7054908,-1.7415,0.2227,2.0483
1780783036.7095206,-1.7426,0.2142,2.0491
1780783036.7143364,-1.7434,0.2054,2.0498
1780783036.7202024,-1.7439,0.1968,2.0503
1780783036.7262347,-1.7448,0.1879,2.0512
1780783036.7310455,-1.7452,0.1793,2.0518
1780783036.7367296,-1.7458,0.1705,2.0524
1780783036.742488,-1.7462,0.1618,2.0528
1780783036.7484796,-1.7467,0.1529,2.0534
1780783036.7533162,-1.7468,0.1441,2.0538
1780783036.7621813,-1.7471,0.1354,2.0541
1780783036.7879066,-1.7472,0.1265,2.0545
1780783036.7884374,-1.7476,0.1179,2.0548
1780783036.7888749,-1.7478,0.109,2.0549
1780783036.7892282,-1.7478,0.1002,2.0551
1780783036.7895865,-1.748,0.0913,2.0551
1780783036.7940202,-1.7481,0.0824,2.0551
1780783036.7977207,-1.7481,0.0731,2.055
1780783036.80368,-1.7481,0.0642,2.0549
1780783036.8093452,-1.748,0.0553,2.0547
1780783036.8144386,-1.7479,0.046,2.0544
1780783036.8202164,-1.7478,0.0367,2.0541
1780783036.8256009,-1.7475,0.0278,2.0536
1780783036.8321707,-1.7474,0.0184,2.0532
1780783036.8395433,-1.7471,0.0092,2.0528
1780783036.8421862,-1.747,-0.0004,2.0523
1780783036.8482127,-1.7467,-0.0098,2.0516
1780783036.8546762,-1.7463,-0.0195,2.0509
1780783036.8587828,-1.7463,-0.0292,2.0502
1780783036.8643596,-1.7458,-0.0391,2.0496
1780783036.870354,-1.7455,-0.0488,2.0489
1780783036.8754785,-1.7451,-0.0587,2.0481
1780783036.8815167,-1.7446,-0.0689,2.0474
1780783036.8884835,-1.7443,-0.0786,2.0466
1780783036.8922067,-1.7437,-0.0888,2.0458
1780783036.9019382,-1.7432,-0.0988,2.0451
1780783036.9039,-1.7427,-0.1089,2.0443
1780783036.9093363,-1.7422,-0.1193,2.0436
1780783036.9147263,-1.7414,-0.1293,2.0428
1780783036.9209032,-1.7407,-0.1395,2.042
1780783036.9267154,-1.74,-0.1501,2.0413
1780783036.931048,-1.7393,-0.1599,2.0405
1780783036.93679,-1.7383,-0.1701,2.0397
1780783036.9425592,-1.7378,-0.1804,2.039
1780783036.948136,-1.7369,-0.1907,2.0383
1780783036.9538121,-1.7363,-0.2014,2.0377
1780783036.9586787,-1.7354,-0.2115,2.0369
1780783036.9651215,-1.7347,-0.2219,2.0361
1780783036.970303,-1.7339,-0.2324,2.0356
1780783036.9758542,-1.7333,-0.2429,2.0348
1780783036.981502,-1.7326,-0.2535,2.0342
1780783036.9868662,-1.7319,-0.2642,2.0337
1780783036.9920738,-1.7312,-0.2748,2.0332
1780783036.9976447,-1.7306,-0.2854,2.0327
1780783037.0052516,-1.7297,-0.2962,2.0323
1780783037.008988,-1.729,-0.3073,2.032
1780783037.0143783,-1.7277,-0.3178,2.0318
1780783037.02036,-1.7268,-0.3289,2.0317
1780783037.0253384,-1.7256,-0.3397,2.0316
1780783037.0315115,-1.7243,-0.3506,2.0316
1780783037.0468705,-1.7232,-0.3619,2.0318
1780783037.0481946,-1.7216,-0.3726,2.0317
1780783037.049203,-1.72,-0.3838,2.0318
1780783037.0532336,-1.7187,-0.3952,2.0319
1780783037.0590518,-1.717,-0.4062,2.032
1780783037.0655332,-1.7154,-0.4176,2.0322
1780783037.0778146,-1.7137,-0.4288,2.0323
1780783037.0782728,-1.7119,-0.4402,2.0325
1780783037.0816135,-1.7101,-0.4517,2.0328
1780783037.08736,-1.7082,-0.4629,2.033
1780783037.0923991,-1.706,-0.4739,2.0333
1780783037.098015,-1.7038,-0.4849,2.0336
1780783037.1039374,-1.7014,-0.4955,2.0341
1780783037.1087425,-1.6988,-0.506,2.0345
1780783037.1143713,-1.6964,-0.5163,2.035
1780783037.1203911,-1.6935,-0.5263,2.0355
1780783037.1258855,-1.6905,-0.5357,2.036
1780783037.1312368,-1.6874,-0.5453,2.0367
1780783037.1367176,-1.6842,-0.5547,2.0372
1780783037.1420438,-1.6809,-0.564,2.0378
1780783037.149312,-1.6773,-0.5733,2.0383
1780783037.1534917,-1.6738,-0.5827,2.0388
1780783037.1592202,-1.67,-0.5921,2.0394
1780783037.1647224,-1.6662,-0.6016,2.0398
1780783037.1702785,-1.6623,-0.6114,2.0403
1780783037.1754136,-1.6586,-0.6211,2.0409
1780783037.1844213,-1.6545,-0.6309,2.0414
1780783037.1865478,-1.6504,-0.6413,2.0419
1780783037.1928287,-1.6464,-0.6513,2.0424
1780783037.2005515,-1.6423,-0.6614,2.0428
1780783037.2044575,-1.6381,-0.6716,2.0433
1780783037.2089245,-1.6339,-0.6817,2.0438
1780783037.214417,-1.6297,-0.6918,2.0442
1780783037.2212174,-1.6249,-0.7019,2.0444
1780783037.2256863,-1.6216,-0.7121,2.0451
1780783037.2310574,-1.6164,-0.722,2.0453
1780783037.236843,-1.6117,-0.7319,2.0456
1780783037.242649,-1.6069,-0.7415,2.0459
1780783037.2479548,-1.6021,-0.7515,2.0462
1780783037.2535772,-1.597,-0.7609,2.0463
1780783037.2594545,-1.5918,-0.7706,2.0464
1780783037.2654178,-1.5865,-0.7801,2.0466
1780783037.2702267,-1.5812,-0.7896,2.0467
1780783037.275423,-1.5757,-0.7989,2.0467
1780783037.2810895,-1.5702,-0.8079,2.0468
1780783037.2866986,-1.5643,-0.8171,2.0468
1780783037.2927735,-1.5586,-0.8259,2.0467
1780783037.2977746,-1.5527,-0.8348,2.0466
1780783037.3037684,-1.5467,-0.8434,2.0464
1780783037.3089287,-1.5406,-0.8518,2.0463
1780783037.314358,-1.5346,-0.8601,2.0461
1780783037.324273,-1.5284,-0.8684,2.0459
1780783037.3254182,-1.5223,-0.8764,2.0456
1780783037.3313658,-1.516,-0.8843,2.0454
1780783037.3398504,-1.5097,-0.8922,2.045
1780783037.3427982,-1.5033,-0.8997,2.0446
1780783037.3481777,-1.4968,-0.9074,2.0443
1780783037.3539956,-1.4903,-0.9149,2.0438
1780783037.3598561,-1.4841,-0.9222,2.0435
1780783037.3640344,-1.4776,-0.9293,2.043
1780783037.3702264,-1.4711,-0.9364,2.0425
1780783037.3757796,-1.4645,-0.9434,2.0417
1780783037.381479,-1.4577,-0.9501,2.0408
1780783037.3870769,-1.451,-0.9571,2.0402
1780783037.3922007,-1.4444,-0.9638,2.0395
1780783037.3977058,-1.4376,-0.9704,2.0387
1780783037.4037366,-1.4308,-0.9771,2.0379
1780783037.4105792,-1.4239,-0.9836,2.0371
1780783037.414382,-1.417,-0.9902,2.0362
1780783037.4199207,-1.4101,-0.9966,2.0352
1780783037.4266117,-1.4031,-1.0031,2.0342
1780783037.4310477,-1.3962,-1.0094,2.0333
1780783037.4370108,-1.3891,-1.0156,2.0321
1780783037.4424317,-1.3822,-1.0218,2.031
1780783037.4479568,-1.375,-1.0281,2.0298
1780783037.4544277,-1.3678,-1.0342,2.0285
1780783037.4626215,-1.3606,-1.0402,2.0275
1780783037.4663322,-1.3535,-1.0461,2.026
1780783037.4714413,-1.346,-1.0522,2.025
1780783037.4772382,-1.3386,-1.058,2.0238
1780783037.4958966,-1.3312,-1.0638,2.0224
1780783037.4964077,-1.3238,-1.0695,2.0212
1780783037.4967973,-1.3161,-1.0752,2.0199
1780783037.4995766,-1.3085,-1.0809,2.0187
1780783037.5040905,-1.3007,-1.0863,2.0176
1780783037.509077,-1.293,-1.0919,2.0165
1780783037.5144045,-1.2853,-1.0972,2.0152
1780783037.520305,-1.2774,-1.1026,2.0141
1780783037.5257607,-1.2697,-1.1079,2.0131
1780783037.531037,-1.2617,-1.1131,2.012
1780783037.538942,-1.2537,-1.1184,2.0108
1780783037.542109,-1.2459,-1.1235,2.0101
1780783037.5483057,-1.238,-1.1287,2.0091
1780783037.554836,-1.2299,-1.1339,2.0081
1780783037.5593507,-1.2221,-1.139,2.0073
1780783037.5644276,-1.2142,-1.1441,2.0066
1780783037.5701663,-1.2063,-1.1492,2.0059
1780783037.5755765,-1.1985,-1.1541,2.0055
1780783037.5811446,-1.1907,-1.159,2.005
1780783037.5868237,-1.1828,-1.1639,2.0046
1780783037.5924037,-1.1752,-1.1686,2.0045
1780783037.5978885,-1.1675,-1.1732,2.0044
1780783037.6067598,-1.1599,-1.1779,2.0043
1780783037.6099887,-1.1525,-1.1822,2.0045
1780783037.6151276,-1.1448,-1.187,2.0047
1780783037.6213896,-1.1374,-1.1915,2.005
1780783037.6262734,-1.13,-1.1961,2.0055
1780783037.6314144,-1.1226,-1.2006,2.0059
1780783037.6374679,-1.1151,-1.2054,2.0066
1780783037.6435053,-1.1076,-1.2101,2.0075
1780783037.647882,-1.1003,-1.2147,2.0081
1780783037.6534681,-1.093,-1.2192,2.0088
1780783037.6590238,-1.0857,-1.2237,2.0095
1780783037.664311,-1.0785,-1.228,2.0105
1780783037.6702855,-1.0715,-1.2322,2.0113
1780783037.6752367,-1.0642,-1.2364,2.0122
1780783037.6819766,-1.0569,-1.2406,2.0132
1780783037.6870017,-1.0498,-1.2445,2.014
1780783037.6922739,-1.0426,-1.2483,2.0151
1780783037.69951,-1.0354,-1.2521,2.0162
1780783037.7031653,-1.0281,-1.256,2.0172
1780783037.7087932,-1.0206,-1.2597,2.0183
1780783037.7143357,-1.0131,-1.2634,2.0194
1780783037.7202103,-1.0055,-1.2671,2.0206
1780783037.7260063,-0.9977,-1.2707,2.0217
1780783037.7315094,-0.9899,-1.2744,2.0228
1780783037.73664,-0.9819,-1.2781,2.024
1780783037.7461042,-0.9737,-1.2819,2.025
1780783037.7477722,-0.9656,-1.2856,2.0262
1780783037.7531605,-0.9573,-1.2894,2.0273
1780783037.7621274,-0.949,-1.2934,2.0282
1780783037.765073,-0.9407,-1.2971,2.0292
1780783037.7701294,-0.9322,-1.3009,2.0301
1780783037.775915,-0.9239,-1.3047,2.031
1780783037.7812672,-0.9153,-1.3085,2.0319
1780783037.7869318,-0.9069,-1.3121,2.0327
1780783037.7923043,-0.8985,-1.3157,2.0335
1780783037.7976882,-0.8902,-1.3191,2.0342
1780783037.8035238,-0.8818,-1.3226,2.0349
1780783037.8089752,-0.8736,-1.3259,2.0353
1780783037.8145278,-0.8654,-1.3291,2.0362
1780783037.8206556,-0.8571,-1.3321,2.0367
1780783037.8260467,-0.8487,-1.3353,2.0373
1780783037.8312407,-0.8407,-1.3382,2.0376
1780783037.836882,-0.8326,-1.3409,2.038
1780783037.8419363,-0.8245,-1.3438,2.0383
1780783037.8478272,-0.8163,-1.3466,2.0386
1780783037.8536193,-0.8081,-1.3494,2.0388
1780783037.858911,-0.7999,-1.3521,2.0389
1780783037.8655384,-0.7916,-1.3548,2.0391
1780783037.8702016,-0.7834,-1.3577,2.0391
1780783037.8837173,-0.775,-1.3604,2.0391
1780783037.8850117,-0.7669,-1.363,2.039
1780783037.8873668,-0.7588,-1.3657,2.0388
1780783037.911874,-0.7505,-1.3683,2.0387
1780783037.9123402,-0.7425,-1.371,2.0384
1780783037.9128413,-0.7343,-1.3736,2.038
1780783037.913291,-0.726,-1.3764,2.0377
1780783037.9156957,-0.7178,-1.3789,2.0373
1780783037.9202812,-0.7098,-1.3817,2.0367
1780783037.9257896,-0.7017,-1.3843,2.0361
1780783037.9310818,-0.6936,-1.3869,2.0357
1780783037.9384375,-0.6856,-1.3895,2.035
1780783037.9424078,-0.6775,-1.392,2.0344
1780783037.9477987,-0.6693,-1.3945,2.0337
1780783037.9534442,-0.6611,-1.3971,2.0329
1780783037.9585276,-0.6528,-1.3997,2.0322
1780783037.9646096,-0.6444,-1.4022,2.0314
1780783037.969762,-0.636,-1.4047,2.0307
1780783037.976175,-0.6276,-1.4072,2.0297
1780783037.98122,-0.6192,-1.4097,2.029
1780783037.9870744,-0.6109,-1.4124,2.0279
1780783037.9918563,-0.6022,-1.4147,2.0272
1780783037.9976952,-0.5937,-1.4172,2.0263
1780783038.003631,-0.585,-1.4198,2.0255
1780783038.0089993,-0.5763,-1.4223,2.0247
1780783038.01438,-0.5676,-1.4249,2.0238
1780783038.0271773,-0.5588,-1.4274,2.0231
1780783038.0282264,-0.55,-1.4299,2.0224
1780783038.0341861,-0.5412,-1.4323,2.0216
1780783038.0380926,-0.5326,-1.4348,2.0209
1780783038.0435603,-0.5237,-1.4373,2.0203
1780783038.0487108,-0.515,-1.4396,2.0196
1780783038.053387,-0.5062,-1.442,2.019
1780783038.059037,-0.4973,-1.4443,2.0185
1780783038.0644958,-0.4886,-1.4466,2.018
1780783038.0705695,-0.4798,-1.4489,2.0176
1780783038.0757353,-0.4711,-1.4512,2.0172
1780783038.081567,-0.4626,-1.4535,2.0168
1780783038.08711,-0.4538,-1.4558,2.0165
1780783038.093027,-0.4451,-1.458,2.0163
1780783038.0980783,-0.4364,-1.4603,2.016
1780783038.1035604,-0.4274,-1.4626,2.016
1780783038.1097531,-0.4186,-1.4649,2.0159
1780783038.1145425,-0.4095,-1.4672,2.0157
1780783038.12015,-0.4005,-1.4693,2.0159
1780783038.1258888,-0.3913,-1.4718,2.0159
1780783038.131437,-0.3824,-1.4741,2.0162
1780783038.1371572,-0.3732,-1.4766,2.0165
1780783038.1421194,-0.3642,-1.4787,2.0168
1780783038.1477509,-0.355,-1.481,2.0173
1780783038.153477,-0.3457,-1.4832,2.0177
1780783038.1669354,-0.3365,-1.4855,2.0184
1780783038.1680834,-0.327,-1.4876,2.0191
1780783038.1741586,-0.3178,-1.4897,2.0198
1780783038.1765711,-0.3085,-1.492,2.0204
1780783038.1847289,-0.2992,-1.4941,2.0212
1780783038.1878898,-0.2897,-1.4964,2.022
1780783038.1929848,-0.2803,-1.4986,2.0228
1780783038.198148,-0.2705,-1.5011,2.0236
1780783038.2038412,-0.261,-1.5034,2.0244
1780783038.2090764,-0.2512,-1.5059,2.0253
1780783038.2144628,-0.2411,-1.5083,2.0263
1780783038.220736,-0.2315,-1.5106,2.0271
1780783038.225764,-0.2219,-1.513,2.028
1780783038.2314997,-0.2121,-1.5152,2.029
1780783038.237008,-0.2027,-1.5175,2.03
1780783038.242218,-0.1935,-1.5194,2.0311
1780783038.2479765,-0.1844,-1.5212,2.0323
1780783038.2537074,-0.1753,-1.5229,2.0335
1780783038.259219,-0.1666,-1.5247,2.0346
1780783038.2644844,-0.1579,-1.526,2.0357
1780783038.270362,-0.1494,-1.5272,2.0369
1780783038.2755315,-0.1411,-1.5283,2.0381
1780783038.2822678,-0.1328,-1.5294,2.0393
1780783038.2870073,-0.1244,-1.5302,2.0404
1780783038.2923381,-0.1161,-1.5312,2.0415
1780783038.297684,-0.1079,-1.5321,2.0426
1780783038.3076284,-0.0991,-1.533,2.0437
1780783038.3363547,-0.0904,-1.5338,2.0447
1780783038.3368182,-0.0816,-1.5347,2.0458
1780783038.3372722,-0.0726,-1.5355,2.0469
1780783038.337736,-0.0634,-1.5364,2.0479
1780783038.338145,-0.0543,-1.5374,2.049
1780783038.3385582,-0.0451,-1.5383,2.05
1780783038.3424585,-0.0359,-1.5391,2.051
1780783038.3480484,-0.0264,-1.54,2.0519
1780783038.3534923,-0.0173,-1.5408,2.0529
1780783038.359124,-0.0076,-1.5417,2.0538
1780783038.364699,0.0015,-1.5424,2.0546
1780783038.3703823,0.0109,-1.5432,2.0554
1780783038.376655,0.0201,-1.5438,2.0562
1780783038.3813803,0.0293,-1.5444,2.0569
1780783038.3869183,0.0387,-1.545,2.0575
1780783038.3922586,0.0477,-1.5455,2.0582
1780783038.3985107,0.0571,-1.5457,2.0586
1780783038.4034746,0.0664,-1.5461,2.0592
1780783038.423174,0.0757,-1.5464,2.0596
1780783038.424773,0.0852,-1.5466,2.0602
1780783038.4252586,0.0942,-1.5466,2.0606
1780783038.4258378,0.1034,-1.5467,2.0609
1780783038.431083,0.1123,-1.5467,2.0612
1780783038.4368837,0.1214,-1.5464,2.0614
1780783038.4478304,0.1302,-1.5461,2.0617
1780783038.449728,0.1386,-1.5457,2.0618
1780783038.4536152,0.1474,-1.5451,2.062
1780783038.460094,0.1563,-1.5445,2.0621
1780783038.4652212,0.1647,-1.5437,2.0622
1780783038.474041,0.1732,-1.543,2.0623
1780783038.4768612,0.1816,-1.5421,2.0623
1780783038.4816902,0.1898,-1.5409,2.0621
1780783038.4870343,0.198,-1.5397,2.062
1780783038.4920738,0.2064,-1.5387,2.0618
1780783038.498189,0.2146,-1.5375,2.0616
1780783038.5039227,0.2227,-1.5362,2.0614
1780783038.509185,0.2311,-1.5349,2.061
1780783038.5146434,0.2393,-1.5335,2.0607
1780783038.520361,0.2472,-1.532,2.0602
1780783038.52571,0.2554,-1.5305,2.0598
1780783038.5314202,0.2635,-1.529,2.0594
1780783038.5391805,0.2713,-1.5274,2.0588
1780783038.5419343,0.2792,-1.5258,2.0582
1780783038.5476096,0.2873,-1.524,2.0576
1780783038.5536788,0.2954,-1.5223,2.0569
1780783038.5591593,0.3034,-1.5206,2.0562
1780783038.564976,0.3114,-1.5187,2.0555
1780783038.5702927,0.3197,-1.5168,2.0548
1780783038.5755837,0.3275,-1.5149,2.0541
1780783038.5849948,0.3355,-1.5129,2.0533
1780783038.5868163,0.3436,-1.5109,2.0525
1780783038.5924685,0.3517,-1.5087,2.0516
1780783038.5998404,0.3598,-1.5065,2.0509
1780783038.6035655,0.368,-1.5043,2.0501
1780783038.6087232,0.3761,-1.502,2.0492
1780783038.6143951,0.3843,-1.4995,2.0483
1780783038.6204119,0.3924,-1.497,2.0475
1780783038.6257315,0.4005,-1.4945,2.0467
1780783038.631509,0.4085,-1.4919,2.0459
1780783038.6367517,0.4166,-1.4894,2.0451
1780783038.6422281,0.4248,-1.4866,2.0443
1780783038.6475396,0.433,-1.484,2.0436
1780783038.6535425,0.4414,-1.4812,2.0428
1780783038.6590192,0.4498,-1.4786,2.0421
1780783038.6657703,0.4581,-1.4759,2.0413
1780783038.67145,0.4665,-1.4732,2.0406
1780783038.6759784,0.4752,-1.4705,2.04
1780783038.6827013,0.4838,-1.468,2.0394
1780783038.688842,0.4924,-1.4654,2.0387
1780783038.7030697,0.5009,-1.463,2.0383
1780783038.7041864,0.5097,-1.4606,2.038
1780783038.7102935,0.5185,-1.4581,2.0376
1780783038.7112617,0.527,-1.4555,2.0375
1780783038.732331,0.5356,-1.4532,2.0374
1780783038.7883804,0.5441,-1.4508,2.0374
1780783038.7895136,0.5525,-1.4484,2.0375
1780783038.7904894,0.5609,-1.4461,2.0376
1780783038.7916079,0.5693,-1.444,2.0379
1780783038.7925975,0.5775,-1.4417,2.0381
1780783038.7936642,0.5858,-1.4397,2.0385
1780783038.7944722,0.5943,-1.4378,2.039
1780783038.7951021,0.6027,-1.4358,2.0395
1780783038.7959526,0.6111,-1.4339,2.0401
1780783038.7967327,0.6195,-1.4321,2.0407
1780783038.7976484,0.6276,-1.4302,2.0415
1780783038.7982743,0.6356,-1.4283,2.0421
1780783038.7989635,0.6434,-1.4262,2.0429
1780783038.7995582,0.651,-1.4242,2.0438
1780783038.800128,0.6586,-1.422,2.0446
1780783038.8041239,0.6657,-1.4196,2.0455
1780783038.8123567,0.6729,-1.4172,2.0464
1780783038.8289955,0.68,-1.4147,2.0474
1780783038.8303845,0.6872,-1.4121,2.0484
1780783038.8313994,0.6942,-1.4096,2.0493
1780783038.8324409,0.7011,-1.4069,2.0503
1780783038.8383112,0.7085,-1.4042,2.0514
1780783038.84478,0.7158,-1.4017,2.0522
1780783038.8483937,0.7236,-1.3991,2.0533
1780783038.8551877,0.7317,-1.3964,2.0543
1780783038.860699,0.74,-1.3939,2.0553
1780783038.8766787,0.7481,-1.3913,2.0564
1780783038.8780777,0.7566,-1.3888,2.0573
1780783038.8792498,0.7651,-1.3862,2.0584
1780783038.909474,0.7737,-1.3839,2.0593
1780783038.9128542,0.7824,-1.3814,2.0603
1780783038.9176588,0.7911,-1.3791,2.0613
1780783038.9224286,0.7999,-1.3768,2.0623
1780783038.9254107,0.8087,-1.3743,2.0633
1780783038.932973,0.8175,-1.372,2.0642
1780783038.9362085,0.8262,-1.3696,2.0652
1780783038.9410732,0.8348,-1.3672,2.066
1780783039.043192,0.8431,-1.3648,2.0668
1780783039.0507746,0.8514,-1.3624,2.0676
1780783039.052126,0.8595,-1.3599,2.0684
1780783039.0534277,0.8677,-1.3573,2.0691
1780783039.0547514,0.8756,-1.3544,2.0699
1780783039.0560012,0.8834,-1.3518,2.0704
1780783039.057285,0.8912,-1.3491,2.0711
1780783039.0584545,0.899,-1.3463,2.0716
1780783039.0595315,0.9064,-1.3434,2.0722
1780783039.060618,0.914,-1.3403,2.0726
1780783039.0617113,0.9214,-1.3376,2.073
1780783039.0627112,0.9287,-1.3346,2.0733
1780783039.0637465,0.9361,-1.3314,2.0736
1780783039.0647686,0.9434,-1.3284,2.0737
1780783039.0657597,0.9508,-1.3254,2.0739
1780783039.0670514,0.9583,-1.3221,2.0739
1780783039.0682926,0.9658,-1.3189,2.0739
1780783039.069523,0.9731,-1.3158,2.0737
1780783039.0706456,0.9806,-1.3125,2.0735
1780783039.0718086,0.9879,-1.3092,2.0732
1780783039.0731018,0.9954,-1.306,2.0728
1780783039.0743456,1.0029,-1.3028,2.0723
1780783039.0755658,1.0104,-1.2995,2.0718
1780783039.0767713,1.018,-1.2962,2.0711
1780783039.0778944,1.0258,-1.2927,2.0705
1780783039.0791638,1.0335,-1.2894,2.0698
1780783039.0844638,1.0413,-1.286,2.0689
1780783039.0858839,1.0491,-1.2826,2.068
1780783039.0955548,1.057,-1.2793,2.067
1780783039.0970263,1.0649,-1.2758,2.066
1780783039.0982573,1.0727,-1.2725,2.065
1780783039.1082833,1.0809,-1.2691,2.0639
1780783039.109701,1.0889,-1.2656,2.0628
1780783039.1230133,1.0971,-1.2622,2.0616
1780783039.1244142,1.1054,-1.2587,2.0605
1780783039.1256034,1.1138,-1.2553,2.0593
1780783039.16515,1.1219,-1.2517,2.0582
1780783039.246306,1.1302,-1.2483,2.057
1780783039.2476091,1.1385,-1.2449,2.0559
1780783039.2488708,1.1467,-1.2413,2.0549
1780783039.2500546,1.1551,-1.2379,2.0537
1780783039.2513156,1.1634,-1.2343,2.0528
1780783039.2525487,1.1716,-1.2308,2.0517
1780783039.2537465,1.18,-1.2273,2.0508
1780783039.2549462,1.1883,-1.2236,2.0499
1780783039.2561536,1.1964,-1.2202,2.0489
1780783039.2573385,1.2045,-1.2165,2.048
1780783039.258591,1.2126,-1.213,2.0472
1780783039.2597277,1.2208,-1.2094,2.0464
1780783039.2608883,1.2289,-1.2057,2.0455
1780783039.262019,1.237,-1.2021,2.0447
1780783039.2632725,1.2452,-1.1985,2.044
1780783039.2644792,1.2535,-1.1948,2.0432
1780783039.2656457,1.2619,-1.191,2.0426
1780783039.2669024,1.2703,-1.1873,2.0419
1780783039.2681108,1.2786,-1.1836,2.0413
1780783039.2715764,1.2871,-1.1799,2.0408
1780783039.2728617,1.2955,-1.1762,2.0402
1780783039.2740457,1.3042,-1.1722,2.0399
1780783039.2752604,1.3127,-1.1685,2.0395
1780783039.2763324,1.3216,-1.1646,2.0393
1780783039.2773788,1.3302,-1.1607,2.0391
1780783039.278273,1.3387,-1.1568,2.0391
1780783039.2793918,1.3476,-1.1527,2.0391
1780783039.284349,1.356,-1.1487,2.0393
1780783039.2891886,1.3643,-1.1446,2.0394
1780783039.2931097,1.373,-1.1403,2.0397
1780783039.3048072,1.3816,-1.1359,2.0401
1780783039.3061829,1.39,-1.1315,2.0404
1780783039.3098633,1.3986,-1.1271,2.0408
1780783039.3154254,1.4071,-1.1225,2.0411
1780783039.3208175,1.4157,-1.1178,2.0416
1780783039.3261313,1.4244,-1.1129,2.0421
1780783039.3314023,1.4327,-1.108,2.0425
1780783039.3373184,1.4413,-1.103,2.043
1780783039.3427088,1.4497,-1.0979,2.0433
1780783039.3488283,1.4581,-1.0926,2.044
1780783039.3541453,1.4664,-1.0872,2.0443
1780783039.3814843,1.4746,-1.0818,2.0449
1780783039.4707417,1.4824,-1.0761,2.0454
1780783039.4721859,1.4904,-1.0704,2.046
1780783039.4734364,1.4977,-1.0648,2.0465
1780783039.4746516,1.5054,-1.0589,2.0471
1780783039.475948,1.5127,-1.0531,2.0476
1780783039.4771917,1.5199,-1.0471,2.0481
1780783039.478574,1.5273,-1.0411,2.0488
1780783039.479946,1.5346,-1.035,2.0493
1780783039.4811375,1.5419,-1.0287,2.0499
1780783039.4822688,1.5493,-1.0223,2.0506
1780783039.4832885,1.5567,-1.0161,2.0513
1780783039.4842043,1.5641,-1.0096,2.052
1780783039.490135,1.5714,-1.003,2.0526
1780783039.4914446,1.5789,-0.9964,2.0533
1780783039.492722,1.5865,-0.9897,2.054
1780783039.4938934,1.5939,-0.9832,2.0547
1780783039.4950612,1.6016,-0.9761,2.0555
1780783039.495997,1.6092,-0.9693,2.056
1780783039.4969974,1.617,-0.9624,2.0567
1780783039.4978757,1.6245,-0.9555,2.0574
1780783039.4988534,1.632,-0.9485,2.058
1780783039.4997957,1.6392,-0.9416,2.0586
1780783039.5006657,1.6467,-0.9345,2.0593
1780783039.501745,1.6539,-0.9276,2.0598
1780783039.513187,1.6607,-0.9204,2.0604
1780783039.514505,1.6679,-0.9133,2.0609
1780783039.5156498,1.6747,-0.9059,2.0614
1780783039.5292974,1.6814,-0.8987,2.0618
1780783039.5303712,1.6879,-0.8915,2.0623
1780783039.531337,1.6943,-0.8843,2.0626
1780783039.5448978,1.7006,-0.8767,2.063
1780783039.5459995,1.7062,-0.8694,2.063
1780783039.547081,1.7122,-0.8619,2.0634
1780783039.5612206,1.7183,-0.8541,2.0635
1780783039.5624976,1.7238,-0.8466,2.0635
1780783039.5635443,1.7296,-0.8388,2.0637
1780783039.5859497,1.7352,-0.8311,2.0636
1780783039.666004,1.7408,-0.8233,2.0635
1780783039.6673698,1.7461,-0.8154,2.0633
1780783039.668548,1.7514,-0.8077,2.063
1780783039.6696858,1.7568,-0.7998,2.0627
1780783039.670896,1.762,-0.7918,2.0622
1780783039.6720474,1.7672,-0.7837,2.0617
1780783039.6732452,1.7724,-0.7756,2.0612
1780783039.674519,1.7776,-0.7676,2.0606
1780783039.6757603,1.7827,-0.7595,2.0598
1780783039.6771967,1.7878,-0.7514,2.059
1780783039.6784391,1.7928,-0.7432,2.0582
1780783039.6796951,1.7977,-0.7349,2.0573
1780783039.6810513,1.8025,-0.7267,2.0563
1780783039.6823745,1.8074,-0.7185,2.0554
1780783039.683601,1.8121,-0.7102,2.0542
1780783039.684739,1.8169,-0.7019,2.0531
1780783039.6859753,1.8218,-0.6935,2.0519
1780783039.687204,1.8265,-0.6852,2.0507
1780783039.6884265,1.8312,-0.6768,2.0494
1780783039.6896367,1.8358,-0.6685,2.048
1780783039.6907842,1.8404,-0.66,2.0466
1780783039.6955168,1.845,-0.6515,2.0452
1780783039.6967456,1.8496,-0.643,2.0437
1780783039.6990085,1.8542,-0.6345,2.0421
1780783039.7044985,1.8589,-0.626,2.0405
1780783039.7096527,1.8634,-0.6174,2.0389
1780783039.7154598,1.8682,-0.6087,2.0372
1780783039.7214017,1.8728,-0.6002,2.0355
1780783039.7260044,1.8774,-0.5914,2.0338
1780783039.7326612,1.8819,-0.5827,2.0321
1780783039.7388144,1.8862,-0.5741,2.0303
1780783039.742919,1.8906,-0.5654,2.0285
1780783039.7489686,1.895,-0.5568,2.0267
1780783039.7538798,1.8994,-0.5481,2.025
1780783039.759469,1.9038,-0.5394,2.0231
1780783039.7682421,1.9081,-0.5307,2.0214
1780783039.7907333,1.9122,-0.522,2.0197
1780783039.8557293,1.9165,-0.5131,2.0181
1780783039.8570292,1.9206,-0.5044,2.0164
1780783039.8581529,1.9248,-0.4957,2.0147
1780783039.859353,1.929,-0.4868,2.0131
1780783039.8603675,1.9333,-0.4779,2.0115
1780783039.861373,1.9376,-0.469,2.0099
1780783039.8622992,1.9421,-0.4598,2.0085
1780783039.8633764,1.9465,-0.4509,2.0069
1780783039.8645415,1.9509,-0.4421,2.0055
1780783039.8655503,1.9552,-0.4331,2.0042
1780783039.8666596,1.9596,-0.4242,2.0031
1780783039.8679228,1.9637,-0.4156,2.0019
1780783039.8690677,1.9678,-0.4068,2.0011
1780783039.8702314,1.9718,-0.398,2.0003
1780783039.8713822,1.9755,-0.3894,1.9996
1780783039.872544,1.9793,-0.3808,1.9991
1780783039.873816,1.9828,-0.3723,1.9988
1780783039.8751225,1.9863,-0.3639,1.9986
1780783039.8763185,1.9897,-0.3555,1.9984
1780783039.8835683,1.9929,-0.3473,1.9985
1780783039.8874059,1.9963,-0.3388,1.9986
1780783039.894851,1.9997,-0.3307,1.9987
1780783039.8987975,2.003,-0.3223,1.9992
1780783039.9037483,2.0065,-0.314,1.9995
1780783039.91632,2.0099,-0.3056,2.0001
1780783039.9176672,2.0132,-0.2972,2.0008
1780783039.9211357,2.0164,-0.2889,2.0015
1780783039.9277205,2.0195,-0.2808,2.0023
1780783039.9313374,2.0224,-0.2728,2.0031
1780783039.9391055,2.0251,-0.2648,2.0041
1780783039.942747,2.0277,-0.2567,2.0052
1780783039.9545212,2.0302,-0.2488,2.0063
1780783039.9556706,2.0325,-0.241,2.0073
1780783039.9651637,2.0347,-0.233,2.0086
1780783039.9844465,2.0368,-0.225,2.0098
1780783039.9870696,2.0388,-0.217,2.011
1780783039.9908283,2.0408,-0.2089,2.0123
1780783039.9941437,2.0426,-0.2008,2.0137
1780783039.9954593,2.0444,-0.1926,2.015
1780783040.054023,2.0462,-0.1841,2.0164
1780783040.054923,2.048,-0.1753,2.0178
1780783040.0558846,2.0499,-0.1665,2.0192
1780783040.0570807,2.0517,-0.1574,2.0206
1780783040.0583806,2.0536,-0.1484,2.0219
1780783040.0596344,2.0554,-0.1389,2.0233
1780783040.0608947,2.0571,-0.1295,2.0246
1780783040.0619278,2.0589,-0.12,2.0261
1780783040.0626523,2.0607,-0.1104,2.0272
1780783040.0636613,2.0624,-0.1009,2.0285
1780783040.0646532,2.064,-0.0913,2.0298
1780783040.0656064,2.0657,-0.0818,2.031
1780783040.0667512,2.0672,-0.0722,2.0322
1780783040.0718591,2.0687,-0.0627,2.0333
1780783040.0735378,2.07,-0.0531,2.0345
1780783040.0799534,2.0713,-0.0436,2.0357
1780783040.0814674,2.0723,-0.0342,2.0367
1780783040.0894814,2.0732,-0.0251,2.0377
1780783040.0938609,2.0741,-0.0158,2.0388
1780783040.102749,2.0749,-0.0066,2.0398
1780783040.1060312,2.0758,0.0028,2.0406
1780783040.1095903,2.0764,0.0116,2.0415
1780783040.1193533,2.0771,0.0208,2.0423
1780783040.1216054,2.0777,0.0301,2.0432
1780783040.126115,2.0782,0.0389,2.0439
1780783040.1314518,2.0786,0.048,2.0447
1780783040.1487753,2.079,0.057,2.0453
1780783040.149544,2.0793,0.0657,2.0459
1780783040.1507726,2.0797,0.0747,2.0465
1780783040.1611636,2.08,0.0837,2.047
1780783040.1624892,2.0803,0.0925,2.0474
1780783040.1817684,2.0807,0.1016,2.0478
1780783040.1836646,2.0808,0.1104,2.048
1780783040.186128,2.0809,0.1192,2.0483
1780783040.1960862,2.0811,0.128,2.0485
1780783040.1985426,2.0811,0.1369,2.0486
1780783040.2000115,2.0812,0.1458,2.0486
1780783040.211842,2.0812,0.1546,2.0486
1780783040.2287114,2.0813,0.1637,2.0486
1780783040.2294207,2.0812,0.1728,2.0485
1780783040.2300658,2.0812,0.1819,2.0482
1780783040.2307146,2.0811,0.1912,2.048
1780783040.231423,2.0809,0.2004,2.0476
1780783040.2321053,2.0807,0.2097,2.0472
1780783040.2375245,2.0804,0.2192,2.0468
1780783040.2425756,2.08,0.2283,2.0463
1780783040.2479713,2.0797,0.238,2.0457
1780783040.2537856,2.0793,0.2478,2.0452
1780783040.2591531,2.0789,0.2576,2.0446
1780783040.264913,2.0784,0.2673,2.0439
1780783040.2705486,2.0778,0.2772,2.0433
1780783040.275741,2.0772,0.2872,2.0426
1780783040.2813878,2.0764,0.2973,2.0419
1780783040.287176,2.0756,0.3072,2.0411
1780783040.2926674,2.0749,0.3176,2.0404
1780783040.2983837,2.0741,0.3277,2.0397
1780783040.3035545,2.0733,0.338,2.0389
1780783040.3094175,2.0726,0.3484,2.0382
1780783040.3145912,2.0718,0.3589,2.0375
1780783040.3210573,2.0712,0.3693,2.0367
1780783040.3254514,2.0703,0.3795,2.0359
1780783040.331612,2.0695,0.3899,2.0352
1780783040.33655,2.0686,0.4006,2.0344
1780783040.3488142,2.0679,0.4111,2.0337
1780783040.3510847,2.0671,0.4217,2.033
1780783040.3542562,2.0663,0.4324,2.0323
1780783040.361397,2.0655,0.4431,2.0316
1780783040.3650808,2.0645,0.4537,2.0311
1780783040.3704839,2.0637,0.4644,2.0306
1780783040.3773677,2.0626,0.4751,2.0302
1780783040.3869581,2.0616,0.4856,2.0296
1780783040.3879485,2.0604,0.4963,2.0294
1780783040.3924294,2.0593,0.507,2.0293
1780783040.3980858,2.0581,0.5176,2.0292
1780783040.4037097,2.0569,0.5283,2.0294
1780783040.409051,2.0556,0.539,2.0296
1780783040.4150324,2.0542,0.5496,2.0299
1780783040.420348,2.0528,0.5602,2.0303
1780783040.426214,2.0512,0.5708,2.0306
1780783040.4311283,2.0493,0.5813,2.0311
1780783040.4373107,2.0479,0.5919,2.0313
1780783040.442536,2.0459,0.6026,2.0319
1780783040.4483137,2.0441,0.6134,2.0324
1780783040.4536326,2.0422,0.6241,2.033
1780783040.4591298,2.0402,0.6349,2.0335
1780783040.4654121,2.0382,0.6455,2.0342
1780783040.4704392,2.0361,0.656,2.0349
1780783040.4758914,2.0336,0.6662,2.0356
1780783040.4815297,2.0312,0.6763,2.0363
1780783040.4871068,2.0285,0.6861,2.0371
1780783040.4923298,2.0258,0.6957,2.038
1780783040.4986315,2.0229,0.7051,2.0388
1780783040.5035625,2.0202,0.7143,2.0398
1780783040.5186324,2.0172,0.7235,2.0408
1780783040.5588822,2.0142,0.7324,2.0417
1780783040.5595744,2.0111,0.7412,2.0427
1780783040.560225,2.0079,0.7499,2.0436
1780783040.5607657,2.0048,0.7586,2.0447
1780783040.5614088,2.0014,0.7673,2.0457
1780783040.5622146,1.9981,0.776,2.0467
1780783040.5628436,1.9948,0.785,2.0478
1780783040.563392,1.9913,0.7941,2.0487
1780783040.5639179,1.988,0.8032,2.0499
1780783040.5657032,1.9845,0.8125,2.0511
1780783040.5702236,1.9808,0.822,2.0522
1780783040.57552,1.977,0.8314,2.0532
1780783040.5819106,1.9734,0.841,2.0544
1780783040.5917637,1.9695,0.8505,2.0554
1780783040.5928278,1.9656,0.8599,2.0565
1780783040.6012146,1.9616,0.8697,2.0577
1780783040.6069345,1.9574,0.8793,2.0588
1780783040.6090446,1.9532,0.8889,2.0599
1780783040.6175764,1.9488,0.8982,2.0608
1780783040.6208935,1.9442,0.9077,2.0619
1780783040.6271908,1.9395,0.9168,2.0628
1780783040.6312234,1.9347,0.9257,2.0637
1780783040.6369355,1.9297,0.9347,2.0645
1780783040.6426568,1.9246,0.9436,2.0655
1780783040.6480975,1.9193,0.9525,2.0663
1780783040.6535954,1.9141,0.9612,2.067
1780783040.6589077,1.9085,0.9698,2.0678
1780783040.6644635,1.9029,0.9783,2.0684
1780783040.6768997,1.8972,0.9864,2.0689
1780783040.678442,1.8914,0.9946,2.0694
1780783040.6820252,1.8854,1.0024,2.0697
1780783040.687127,1.8794,1.01,2.07
1780783040.6925137,1.8735,1.0178,2.0703
1780783040.6995187,1.8674,1.0253,2.0705
1780783040.7047231,1.8614,1.0327,2.0705
1780783040.709956,1.8553,1.0403,2.0706
1780783040.7147405,1.8492,1.0475,2.0706
1780783040.7202718,1.8432,1.0549,2.0705
1780783040.7258813,1.8369,1.0623,2.0706
1780783040.7326467,1.8307,1.0691,2.07
1780783040.7370796,1.8245,1.0763,2.0698
1780783040.7432258,1.8184,1.0834,2.0694
1780783040.748137,1.8122,1.0905,2.0691
1780783040.7541335,1.8062,1.0975,2.0687
1780783040.7599127,1.8,1.1044,2.0681
1780783040.765038,1.794,1.1114,2.0676
1780783040.770247,1.7878,1.1182,2.0669
1780783040.7760866,1.7817,1.1252,2.0665
1780783040.7814155,1.7755,1.1316,2.0657
1780783040.7870553,1.7693,1.1379,2.0648
1780783040.7926643,1.7633,1.1445,2.0641
1780783040.7984273,1.7571,1.151,2.0633
1780783040.8039098,1.7508,1.1575,2.0625
1780783040.8091373,1.7447,1.1638,2.0615
1780783040.8144286,1.7387,1.1697,2.0604
1780783040.8202426,1.7321,1.1765,2.0597
1780783040.8339715,1.7258,1.1826,2.0587
1780783040.8800192,1.7192,1.1889,2.0577
1780783040.880918,1.7126,1.195,2.0567
1780783040.8816156,1.706,1.2011,2.0556
1780783040.8822534,1.6995,1.207,2.0547
1780783040.8827925,1.6928,1.213,2.0537
1780783040.8835313,1.6861,1.219,2.0527
1780783040.8842814,1.6794,1.2247,2.0516
1780783040.8850524,1.6725,1.2304,2.0506
1780783040.8856566,1.6657,1.236,2.0497
1780783040.8866904,1.6587,1.2416,2.0488
1780783040.8876622,1.6517,1.2468,2.0477
1780783040.8925445,1.6448,1.2522,2.0469
1780783040.8982842,1.6378,1.2577,2.046
1780783040.9036157,1.6309,1.2631,2.0452
1780783040.909016,1.6238,1.2687,2.0445
1780783040.9145997,1.6171,1.2736,2.0434
1780783040.92036,1.6101,1.2791,2.0428
1780783040.9282439,1.603,1.2846,2.042
1780783040.9313378,1.5959,1.2897,2.0412
1780783040.9382138,1.589,1.2952,2.0405
1780783040.9428024,1.5818,1.3007,2.0399
1780783040.962469,1.575,1.306,2.0393
1780783040.963244,1.5681,1.3114,2.0389
1780783040.9638214,1.5611,1.317,2.0386
1780783040.9850695,1.5543,1.3222,2.0384
1780783040.9914699,1.5474,1.3275,2.038
1780783040.9942675,1.5405,1.3326,2.0379
1780783040.9966705,1.5337,1.3376,2.0378
1780783040.997424,1.5267,1.3431,2.0381
1780783041.0013416,1.52,1.3481,2.0382
1780783041.0028706,1.5132,1.353,2.0384
1780783041.0043752,1.5064,1.3585,2.039
1780783041.0105307,1.4997,1.3633,2.0394
1780783041.0265658,1.4929,1.3682,2.0399
1780783041.0274775,1.486,1.3735,2.0408
1780783041.02808,1.4792,1.3783,2.0414
1780783041.039641,1.4724,1.3832,2.0423
1780783041.0415387,1.4656,1.3879,2.0432
1780783041.0424285,1.4589,1.3923,2.044
1780783041.0488787,1.4524,1.396,2.0448
1780783041.0536747,1.4459,1.4005,2.046
1780783041.0593686,1.4394,1.4045,2.047
1780783041.0649261,1.4328,1.4084,2.048
1780783041.070768,1.4264,1.4121,2.0491
1780783041.0865648,1.4197,1.4156,2.0501
1780783041.087619,1.413,1.4193,2.0512
1780783041.1020038,1.4063,1.4226,2.0523
1780783041.1027093,1.3995,1.4262,2.0534
1780783041.1033385,1.3927,1.4298,2.0546
1780783041.1182375,1.3857,1.4334,2.0556
1780783041.119366,1.3786,1.4371,2.0568
1780783041.120362,1.3715,1.4408,2.058
1780783041.1452565,1.3641,1.4446,2.0592
1780783041.1850657,1.3567,1.4484,2.0602
1780783041.185745,1.3491,1.4522,2.0613
1780783041.186335,1.3415,1.4564,2.0624
1780783041.1872797,1.3337,1.4603,2.0634
1780783041.188157,1.326,1.4643,2.0645
1780783041.188825,1.3183,1.4685,2.0654
1780783041.1897264,1.3105,1.4726,2.0664
1780783041.1903577,1.3029,1.4768,2.0674
1780783041.1909513,1.2952,1.4808,2.0682
1780783041.1915166,1.2874,1.4847,2.069
1780783041.1921554,1.2798,1.4885,2.0698
1780783041.1954958,1.2722,1.4923,2.0706
1780783041.196667,1.2646,1.496,2.0714
1780783041.2030118,1.2572,1.4996,2.0721
1780783041.20414,1.2497,1.5032,2.0728
1780783041.2112732,1.2425,1.5065,2.0734
1780783041.2158487,1.2351,1.5097,2.0739
1780783041.220276,1.2279,1.5129,2.0744
1780783041.225642,1.2205,1.5163,2.0749
1780783041.231513,1.2131,1.5194,2.0754
1780783041.2373135,1.2058,1.5225,2.0758
1780783041.2434356,1.1984,1.5255,2.0761
1780783041.2481606,1.1911,1.5286,2.0763
1780783041.2538705,1.1837,1.5316,2.0766
1780783041.2594147,1.1763,1.535,2.0769
1780783041.2645514,1.169,1.538,2.0771
1780783041.2702148,1.1615,1.5411,2.0772
1780783041.2760231,1.1542,1.544,2.0772
1780783041.2813883,1.1468,1.547,2.0772
1780783041.2871673,1.1393,1.5499,2.077
1780783041.2926416,1.1319,1.553,2.0771
1780783041.304256,1.1245,1.5559,2.0768
1780783041.3069947,1.1171,1.559,2.0766
1780783041.3093476,1.1097,1.5616,2.0762
1780783041.3152013,1.1023,1.5644,2.0758
1780783041.320994,1.0949,1.5675,2.0757
1780783041.3306434,1.0874,1.5701,2.075
1780783041.3314304,1.0798,1.5729,2.0744
1780783041.3372955,1.0721,1.5763,2.0742
1780783041.343687,1.0644,1.5784,2.0733
1780783041.3481464,1.0568,1.5817,2.0727
1780783041.3533926,1.049,1.5845,2.0721
1780783041.3685546,1.0413,1.5874,2.0714
1780783041.3692968,1.0335,1.5903,2.0707
1780783041.38434,1.0257,1.5931,2.0698
1780783041.3854065,1.0178,1.5953,2.0689
1780783041.386003,1.0097,1.5986,2.068
1780783041.3995924,1.0018,1.6015,2.0672
1780783041.4005911,0.9936,1.6043,2.0665
1780783041.401283,0.9855,1.6068,2.0653
1780783041.418404,0.9773,1.6098,2.0646
1780783041.4191809,0.9691,1.6128,2.0639
1780783041.4197137,0.961,1.6153,2.0627
1780783041.421208,0.9526,1.6181,2.0619
1780783041.425796,0.9442,1.6209,2.0611
1780783041.4316382,0.9357,1.6235,2.06
1780783041.436811,0.9273,1.626,2.0591
1780783041.4424727,0.9188,1.6285,2.0582
1780783041.457483,0.9102,1.6315,2.0574
1780783041.492889,0.9016,1.6341,2.0563
1780783041.4936116,0.893,1.637,2.0556
1780783041.4941807,0.8843,1.6398,2.0548
1780783041.4948385,0.8756,1.6423,2.0537
1780783041.4955702,0.8668,1.6454,2.0531
1780783041.4962854,0.8578,1.6484,2.0524
1780783041.4967878,0.849,1.6513,2.0517
1780783041.4974992,0.84,1.6546,2.0511
1780783041.4982893,0.831,1.6575,2.0503
1780783041.5039508,0.8219,1.6606,2.0498
1780783041.5095227,0.8129,1.6636,2.0491
1780783041.5143836,0.8038,1.6669,2.0489
1780783041.5204177,0.7948,1.6702,2.0485
1780783041.5353582,0.7856,1.6731,2.048
1780783041.5362723,0.7765,1.6767,2.0482
1780783041.537799,0.7674,1.6796,2.048
1780783041.5434923,0.7582,1.6825,2.0478
1780783041.5484378,0.7493,1.6855,2.048
1780783041.5539937,0.7404,1.6883,2.0481
1780783041.5652184,0.7315,1.6911,2.0482
1780783041.5670097,0.7226,1.6937,2.0484
1780783041.5718672,0.7139,1.6968,2.0489
1780783041.575625,0.7051,1.6992,2.0492
1780783041.5817502,0.6962,1.7018,2.0496
1780783041.5961492,0.6873,1.7043,2.0498
1780783041.5969043,0.6785,1.7069,2.0502
1780783041.5974529,0.6695,1.7094,2.0506
1780783041.6055677,0.6606,1.7125,2.0515
1780783041.6168401,0.6515,1.7147,2.0516
1780783041.618974,0.6425,1.7175,2.0523
1780783041.622391,0.6334,1.7197,2.0527
1780783041.6271322,0.6244,1.7223,2.0534
1780783041.6314015,0.6154,1.7242,2.0538
1780783041.637434,0.6064,1.726,2.0542
1780783041.6460655,0.5976,1.7286,2.055
1780783041.6488547,0.589,1.7305,2.0557
1780783041.656783,0.5803,1.732,2.0562
1780783041.6592367,0.5717,1.734,2.0569
1780783041.6790166,0.5633,1.7354,2.0575
1780783041.6813447,0.5547,1.7367,2.058
1780783041.68201,0.5462,1.7379,2.0585
1780783041.6828406,0.5377,1.7398,2.0593
1780783041.6941214,0.5287,1.7408,2.0596
1780783041.695277,0.52,1.7423,2.0604
1780783041.698892,0.511,1.7433,2.0607
1780783041.7035441,0.5021,1.7452,2.0615
1780783041.7104228,0.4927,1.7461,2.0618
1780783041.7147727,0.4834,1.7477,2.0625
1780783041.7202356,0.4739,1.7492,2.0631
1780783041.7259567,0.4641,1.7503,2.0634
1780783041.7328825,0.4547,1.7521,2.0643
1780783041.7371182,0.4446,1.7532,2.0647
1780783041.745157,0.4347,1.7544,2.0652
1780783041.7484465,0.4248,1.756,2.0659
1780783041.7538822,0.4148,1.7569,2.0663
1780783041.759197,0.4052,1.7579,2.0668
1780783041.7655797,0.3954,1.759,2.0673
1780783041.7699351,0.3856,1.7598,2.0678
1780783041.7770653,0.3758,1.7603,2.0681
1780783041.8434987,0.3662,1.7612,2.0686
1780783041.844267,0.3566,1.7617,2.069
1780783041.845096,0.347,1.7616,2.0691
1780783041.845757,0.3376,1.762,2.0695
1780783041.846528,0.3282,1.7629,2.0701
1780783041.8475358,0.319,1.7626,2.0701
1780783041.8483708,0.3099,1.7631,2.0705
1780783041.8492715,0.3006,1.7626,2.0706
1780783041.8502853,0.2916,1.7624,2.0707
1780783041.8514175,0.2826,1.762,2.0708
1780783041.8524358,0.2735,1.7617,2.0708
1780783041.8532531,0.2645,1.7606,2.0706
1780783041.854002,0.2557,1.7598,2.0704
1780783041.854746,0.2471,1.7598,2.0705
1780783041.8597803,0.2384,1.7592,2.0703
1780783041.8650758,0.2295,1.7576,2.0698
1780783041.8704035,0.2209,1.7571,2.0696
1780783041.8757977,0.2119,1.7558,2.069
1780783041.8813667,0.2031,1.7547,2.0686
1780783041.8878837,0.1944,1.7542,2.0683
1780783041.8941085,0.1856,1.7529,2.0675
1780783041.8997169,0.1766,1.7516,2.0669
1780783041.9041643,0.1688,1.7509,2.0662
1780783041.9115467,0.159,1.7487,2.0654
1780783041.918389,0.1513,1.7482,2.0645
1780783041.9214966,0.1428,1.7471,2.0638
1780783041.9264984,0.1333,1.7453,2.0628
1780783041.9353688,0.1247,1.744,2.0617
1780783041.936795,0.1157,1.7428,2.0608
1780783041.957988,0.1072,1.7414,2.0597
1780783041.9608674,0.0976,1.7394,2.0584
1780783041.9635866,0.0893,1.7382,2.0572
1780783041.9644725,0.0806,1.737,2.0561
1780783041.9684746,0.0721,1.7358,2.0549
1780783041.9715033,0.063,1.7341,2.0537
1780783041.9794867,0.0538,1.7322,2.0523
1780783041.9823117,0.045,1.7308,2.051
1780783041.9896665,0.037,1.7296,2.0497
1780783041.9937418,0.0278,1.728,2.0482
1780783041.9983616,0.0189,1.7265,2.047
1780783042.0123644,0.0097,1.7248,2.0457
1780783042.0130615,0.0009,1.7232,2.0444
1780783042.0195975,-0.0077,1.7216,2.0432
1780783042.0216477,-0.0159,1.7208,2.042
1780783042.0293648,-0.0253,1.7181,2.0406
1780783042.03468,-0.0341,1.7164,2.0394
1780783042.0377908,-0.0426,1.7152,2.0384
1780783042.0429537,-0.0518,1.713,2.0371
1780783042.0478811,-0.0605,1.7116,2.036
1780783042.053723,-0.0692,1.7101,2.0352
1780783042.058986,-0.0783,1.7086,2.034
1780783042.0649066,-0.0868,1.7075,2.0333
1780783042.0704482,-0.0957,1.7062,2.0323
1780783042.0758944,-0.1046,1.7045,2.0314
1780783042.0815191,-0.1138,1.703,2.0304
1780783042.0874512,-0.1225,1.7017,2.0299
1780783042.097776,-0.1314,1.7001,2.029
1780783042.1023102,-0.1397,1.6989,2.0287
1780783042.1060414,-0.148,1.6973,2.0277
1780783042.1101446,-0.1564,1.6964,2.0279
1780783042.1319652,-0.1646,1.6947,2.0277
1780783042.1370869,-0.173,1.693,2.0273
1780783042.1410444,-0.1807,1.6913,2.0273
1780783042.1443107,-0.1888,1.6898,2.0272
1780783042.1467721,-0.1969,1.6881,2.0273
1780783042.1533337,-0.205,1.6867,2.0276
1780783042.1560614,-0.2124,1.6854,2.0276
1780783042.1586015,-0.2205,1.6841,2.0279
1780783042.1672602,-0.2286,1.6829,2.0284
1780783042.171694,-0.2365,1.6812,2.0289
1780783042.1735857,-0.2447,1.6799,2.0294
1780783042.1808407,-0.2526,1.6788,2.0299
1780783042.1820986,-0.2607,1.6773,2.0305
1780783042.1876595,-0.2684,1.6758,2.0311
1780783042.193379,-0.2764,1.6746,2.0319
1780783042.1982772,-0.2847,1.6722,2.0326
1780783042.2037475,-0.2922,1.6708,2.0329
1780783042.2091274,-0.2991,1.6696,2.0337
1780783042.2158637,-0.3067,1.6675,2.0344
1780783042.2209156,-0.314,1.6658,2.0351
1780783042.2258708,-0.3217,1.6642,2.0359
1780783042.2316933,-0.3294,1.6622,2.0369
1780783042.2369375,-0.3375,1.6603,2.0375
1780783042.2425299,-0.3454,1.6582,2.0385
1780783042.2484648,-0.3535,1.6557,2.0393
1780783042.2543852,-0.3617,1.6534,2.0401
1780783042.2596185,-0.3702,1.6514,2.041
1780783042.2690418,-0.3787,1.6493,2.042
1780783042.270514,-0.3872,1.647,2.0427
1780783042.276524,-0.3962,1.6446,2.0436
1780783042.2820385,-0.405,1.6424,2.0445
1780783042.2873495,-0.4138,1.6397,2.0454
1780783042.2931905,-0.4228,1.6376,2.0463
1780783042.2983003,-0.4314,1.635,2.047
1780783042.3060753,-0.4401,1.633,2.0477
1780783042.3550112,-0.4488,1.6305,2.0485
1780783042.355963,-0.4573,1.6275,2.0491
1780783042.3567781,-0.4658,1.6249,2.0497
1780783042.3575447,-0.4742,1.6223,2.0504
1780783042.3581858,-0.4825,1.62,2.051
1780783042.3587358,-0.4908,1.6168,2.0516
1780783042.3592556,-0.499,1.6138,2.0521
1780783042.3598957,-0.5072,1.6111,2.0527
1780783042.3604581,-0.5149,1.6079,2.053
1780783042.3610024,-0.5228,1.6051,2.0535
1780783042.3650413,-0.5305,1.6019,2.0538
1780783042.3732347,-0.5383,1.5987,2.0541
1780783042.3764086,-0.5461,1.5957,2.0545
1780783042.3814807,-0.5539,1.5927,2.0546
1780783042.3864307,-0.5617,1.5891,2.0547
1780783042.3927095,-0.5694,1.5862,2.0549
1780783042.3979008,-0.5774,1.5827,2.055
1780783042.404161,-0.5851,1.5795,2.055
1780783042.4092088,-0.5928,1.5761,2.0549
1780783042.414769,-0.6003,1.5728,2.0547
1780783042.4202952,-0.6084,1.5695,2.0547
1780783042.4266028,-0.6161,1.566,2.0544
1780783042.4318817,-0.6239,1.5626,2.054
1780783042.4374776,-0.6316,1.559,2.0537
1780783042.4435081,-0.6397,1.5561,2.0535
1780783042.448071,-0.6471,1.5525,2.0528
1780783042.4536407,-0.6548,1.549,2.0521
1780783042.46672,-0.6626,1.5452,2.0517
1780783042.4691308,-0.6705,1.542,2.051
1780783042.4719512,-0.6782,1.5385,2.0505
1780783042.4763582,-0.6861,1.5351,2.0498
1780783042.4825928,-0.6939,1.5308,2.0489
1780783042.4895437,-0.7023,1.5274,2.0482
1780783042.4919522,-0.7101,1.5239,2.0475
1780783042.498256,-0.7183,1.5203,2.0466
1780783042.5037327,-0.7262,1.5163,2.0456
1780783042.509237,-0.7346,1.5123,2.0447
1780783042.5150583,-0.743,1.509,2.044
1780783042.5206656,-0.751,1.5047,2.0429
1780783042.5258236,-0.7592,1.5011,2.0422
1780783042.5314076,-0.7676,1.4971,2.0412
1780783042.53728,-0.7758,1.493,2.0403
1780783042.547181,-0.7845,1.4894,2.0397
1780783042.5482445,-0.7923,1.4851,2.0387
1780783042.5535302,-0.8005,1.4811,2.038
1780783042.5596654,-0.8084,1.4765,2.0372
1780783042.5646553,-0.8169,1.4726,2.0364
1780783042.571508,-0.825,1.4682,2.0357
1780783042.5767434,-0.8331,1.464,2.0349
1780783042.5813947,-0.8415,1.4597,2.034
1780783042.5873098,-0.8499,1.4556,2.0333
1780783042.5926068,-0.8583,1.4512,2.0326
1780783042.5979037,-0.8669,1.4467,2.0319
1780783042.6037793,-0.8755,1.4425,2.0313
1780783042.6168053,-0.8844,1.4379,2.0307
1780783042.649068,-0.8929,1.4334,2.03
1780783042.6495726,-0.9016,1.4289,2.0295
1780783042.6499858,-0.9105,1.4244,2.0291
1780783042.650396,-0.9193,1.4197,2.0288
1780783042.6509237,-0.9281,1.4151,2.0286
1780783042.6513743,-0.9368,1.4104,2.0285
1780783042.6517882,-0.9451,1.4056,2.0284
1780783042.6542592,-0.9536,1.4007,2.0283
1780783042.6592047,-0.9618,1.3954,2.0282
1780783042.6662369,-0.97,1.3905,2.0286
1780783042.6701567,-0.9785,1.3859,2.029
1780783042.6758049,-0.9865,1.3808,2.0293
1780783042.6813314,-0.9941,1.3755,2.0296
1780783042.6870508,-1.0024,1.3704,2.0299
1780783042.6930854,-1.0104,1.3652,2.0305
1780783042.6981392,-1.0183,1.36,2.031
1780783042.7039385,-1.0259,1.3545,2.0315
1780783042.7089589,-1.0337,1.349,2.032
1780783042.7144053,-1.0415,1.3436,2.0329
1780783042.720538,-1.0492,1.3379,2.0335
1780783042.726254,-1.0565,1.3321,2.0341
1780783042.731542,-1.064,1.3261,2.0347
1780783042.7370021,-1.0714,1.3207,2.0357
1780783042.7421062,-1.0788,1.3146,2.0365
1780783042.750094,-1.0853,1.3081,2.0371
1780783042.7568188,-1.092,1.3021,2.038
1780783042.759892,-1.0987,1.296,2.039
1780783042.7649686,-1.1054,1.29,2.0399
1780783042.7722228,-1.1117,1.2837,2.0407
1780783042.7763164,-1.118,1.2775,2.0418
1780783042.7814605,-1.1245,1.2712,2.0427
1780783042.7892532,-1.1311,1.2647,2.0437
1780783042.7924905,-1.1379,1.2585,2.0448
1780783042.7983842,-1.1443,1.252,2.0459
1780783042.8035743,-1.1507,1.2451,2.0467
1780783042.8095129,-1.1574,1.2386,2.0478
1780783042.8148577,-1.1638,1.2317,2.0487
1780783042.8207395,-1.1709,1.2252,2.0498
1780783042.8258386,-1.1777,1.2182,2.051
1780783042.8326666,-1.1842,1.211,2.052
1780783042.8372207,-1.1913,1.2043,2.0531
1780783042.8429153,-1.1978,1.1972,2.0543
1780783042.8482938,-1.2046,1.19,2.0554
1780783042.8543835,-1.2112,1.1831,2.0565
1780783042.8589797,-1.2178,1.1759,2.0576
1780783042.8646083,-1.2243,1.1684,2.0585
1780783042.8701136,-1.2307,1.161,2.0597
1780783042.875584,-1.2371,1.1535,2.0607
1780783042.8840103,-1.2434,1.1459,2.0617
1780783042.8956034,-1.2496,1.1381,2.0627
1780783042.8963096,-1.2555,1.1303,2.0638
1780783042.8979614,-1.2616,1.1223,2.0647
1780783042.9037962,-1.2671,1.1144,2.0659
1780783042.9102154,-1.2727,1.1065,2.0666
1780783042.914239,-1.2779,1.0983,2.0678
1780783042.9201508,-1.2828,1.0903,2.0685
1780783042.9303305,-1.2873,1.0816,2.0694
1780783042.9329352,-1.2925,1.0735,2.0702
1780783042.9377065,-1.2967,1.0655,2.071
1780783042.9424245,-1.3008,1.0572,2.0714
1780783042.9484806,-1.305,1.0488,2.072
1780783042.9534707,-1.309,1.0406,2.0727
1780783042.9591534,-1.3127,1.0324,2.0731
1780783042.9646273,-1.3166,1.0239,2.0735
1780783042.9721818,-1.3204,1.0154,2.0739
1780783042.9755855,-1.3239,1.0066,2.0741
1780783042.9811866,-1.3278,0.9984,2.0744
1780783042.9891152,-1.3312,0.9899,2.0744
1780783042.9924562,-1.3348,0.9816,2.0745
1780783042.998099,-1.3382,0.9731,2.0744
1780783043.0032341,-1.3417,0.9648,2.0744
1780783043.0091856,-1.345,0.9563,2.0744
1780783043.0152383,-1.3482,0.9478,2.074
1780783043.020208,-1.3514,0.9393,2.0737
1780783043.0257244,-1.3544,0.931,2.0734
1780783043.0345747,-1.3575,0.9225,2.0729
1780783043.0602996,-1.3604,0.9142,2.0725
1780783043.0608373,-1.3634,0.9058,2.0719
1780783043.0612242,-1.3663,0.8976,2.0713
1780783043.0615838,-1.3691,0.8891,2.0706
1780783043.0619328,-1.3718,0.8808,2.0698
1780783043.0647097,-1.3747,0.8724,2.0691
1780783043.0705566,-1.3774,0.8643,2.0681
1780783043.0753367,-1.38,0.8558,2.0673
1780783043.0820081,-1.3826,0.8475,2.0665
1780783043.0888104,-1.3854,0.8393,2.0654
1780783043.0921235,-1.3881,0.8308,2.0646
1780783043.0979269,-1.3907,0.8223,2.0636
1780783043.1035342,-1.3932,0.8139,2.0626
1780783043.1091387,-1.3956,0.8053,2.0614
1780783043.1147497,-1.398,0.797,2.0605
1780783043.12059,-1.4005,0.7885,2.0595
1780783043.127739,-1.4029,0.78,2.0584
1780783043.1329308,-1.4052,0.7716,2.0575
1780783043.1384776,-1.4074,0.7631,2.0564
1780783043.1443548,-1.4094,0.7545,2.0555
1780783043.1490412,-1.4117,0.7461,2.0546
1780783043.1553037,-1.4137,0.7377,2.0536
1780783043.1590006,-1.4155,0.7291,2.0527
1780783043.16479,-1.4176,0.7205,2.052
1780783043.1745274,-1.4193,0.712,2.0512
1780783043.1762857,-1.4212,0.7035,2.0504
1780783043.1822796,-1.4232,0.6949,2.0498
1780783043.1874444,-1.4249,0.6864,2.0489
1780783043.192324,-1.4266,0.6777,2.0483
1780783043.1986203,-1.4284,0.6694,2.0475
1780783043.2039418,-1.4299,0.6609,2.0469
1780783043.2094214,-1.4316,0.6525,2.0461
1780783043.2147694,-1.433,0.644,2.0457
1780783043.2221828,-1.4345,0.6357,2.0451
1780783043.2275333,-1.4358,0.6274,2.0446
1780783043.2329247,-1.4371,0.6192,2.0443
1780783043.236879,-1.4383,0.6111,2.0438
1780783043.2427013,-1.4393,0.6028,2.0437
1780783043.248153,-1.4402,0.5947,2.0436
1780783043.2535295,-1.4411,0.5867,2.0435
1780783043.2588603,-1.4416,0.5788,2.0435
1780783043.264935,-1.4423,0.5707,2.0436
1780783043.2705913,-1.443,0.5628,2.0438
1780783043.2763693,-1.4433,0.555,2.0441
1780783043.281525,-1.4441,0.5472,2.0445
1780783043.2866766,-1.4445,0.5393,2.045
1780783043.2937012,-1.4451,0.5316,2.0457
1780783043.297792,-1.4456,0.5239,2.0463
1780783043.3036165,-1.4462,0.5163,2.0471
1780783043.3136425,-1.4467,0.5086,2.0479
1780783043.3148706,-1.4473,0.5011,2.0488
1780783043.3217561,-1.4479,0.4936,2.0498
1780783043.325955,-1.4482,0.4861,2.0507
1780783043.332799,-1.4486,0.4787,2.0517
1780783043.3383222,-1.4494,0.4715,2.0529
1780783043.3422906,-1.4498,0.4643,2.0539
1780783043.3478892,-1.4501,0.457,2.055
1780783043.3534515,-1.4505,0.45,2.0561
1780783043.3594162,-1.4508,0.443,2.0573
1780783043.366817,-1.4512,0.4359,2.0584
1780783043.3698978,-1.4516,0.4289,2.0595
1780783043.375625,-1.4519,0.4219,2.0607
1780783043.3814812,-1.4519,0.4147,2.0619
1780783043.3872628,-1.452,0.4075,2.0632
1780783043.3923976,-1.4519,0.4001,2.0643
1780783043.3986464,-1.4522,0.3928,2.0655
1780783043.403523,-1.4523,0.3851,2.0667
1780783043.4086494,-1.4525,0.3775,2.068
1780783043.4146273,-1.4526,0.3695,2.0692
1780783043.420525,-1.4527,0.3614,2.0704
1780783043.4262803,-1.4529,0.3533,2.0716
1780783043.4311163,-1.453,0.3449,2.0728
1780783043.4369762,-1.4533,0.3366,2.074
1780783043.442538,-1.4535,0.3281,2.0752
1780783043.4481833,-1.4535,0.3196,2.0762
1780783043.4846258,-1.4534,0.3109,2.0773
1780783043.4850805,-1.4538,0.3023,2.0784
1780783043.4854646,-1.4537,0.2936,2.0796
1780783043.4860492,-1.4535,0.2849,2.0804
1780783043.4865797,-1.4534,0.2764,2.0814
1780783043.4869976,-1.4528,0.268,2.0823
1780783043.4875498,-1.4524,0.2594,2.0832
1780783043.4943764,-1.4518,0.251,2.084
1780783043.4981847,-1.4513,0.2426,2.0848
1780783043.5035865,-1.4505,0.2342,2.0856
1780783043.5091908,-1.4494,0.2258,2.0863
1780783043.514681,-1.4485,0.2174,2.087
1780783043.5200307,-1.4475,0.209,2.0875
1780783043.525715,-1.4464,0.2006,2.0881
1780783043.530998,-1.4454,0.1924,2.0885
1780783043.537219,-1.4442,0.1839,2.089
1780783043.5423355,-1.443,0.1755,2.0894
1780783043.5483248,-1.4418,0.1671,2.0896
1780783043.5547957,-1.4405,0.1588,2.09
1780783043.5593178,-1.4392,0.1504,2.0901
1780783043.5655365,-1.4379,0.142,2.0902
1780783043.5709736,-1.4365,0.1338,2.0902
1780783043.5759814,-1.4353,0.1253,2.0903
1780783043.5814376,-1.4338,0.1169,2.0901
1780783043.5923028,-1.4325,0.1085,2.0898
1780783043.594353,-1.4311,0.1001,2.0895
1780783043.598839,-1.4297,0.0916,2.0892
1780783043.604026,-1.4284,0.0831,2.0889
1780783043.6099231,-1.4267,0.0746,2.0884
1780783043.615762,-1.4252,0.0658,2.0877
1780783043.6209822,-1.4236,0.057,2.0874
1780783043.6256192,-1.422,0.0482,2.0866
1780783043.6313388,-1.4205,0.0393,2.0859
1780783043.6370153,-1.4189,0.0303,2.0853
1780783043.6419935,-1.4171,0.0213,2.0843
1780783043.6480627,-1.4156,0.0123,2.0836
1780783043.653256,-1.4136,0.003,2.0827
1780783043.658894,-1.4119,-0.0061,2.0819
1780783043.6644514,-1.41,-0.0154,2.081
1780783043.6698546,-1.4081,-0.0246,2.0801
1780783043.675427,-1.406,-0.0339,2.0793
1780783043.681673,-1.404,-0.0433,2.0784
1780783043.6867115,-1.402,-0.0527,2.0776
1780783043.692333,-1.3996,-0.0618,2.0766
1780783043.698892,-1.3975,-0.0712,2.0758
1780783043.7032127,-1.3953,-0.0805,2.0749
1780783043.7094321,-1.3934,-0.0898,2.0741
1780783043.714612,-1.3909,-0.0991,2.0732
1780783043.720397,-1.3886,-0.1085,2.0722
1780783043.7311108,-1.3861,-0.1179,2.0714
1780783043.7346237,-1.3836,-0.1272,2.0706
1780783043.7374105,-1.3812,-0.1367,2.0698
1780783043.7431195,-1.3785,-0.1461,2.0691
1780783043.7487376,-1.376,-0.1557,2.0684
1780783043.7540789,-1.3735,-0.1651,2.0676
1780783043.769745,-1.3709,-0.1746,2.0669
1780783043.7703917,-1.3682,-0.1842,2.0662
1780783043.7708523,-1.3654,-0.194,2.0655
1780783043.7758126,-1.3628,-0.2037,2.065
1780783043.7818801,-1.3599,-0.2135,2.0644
1780783043.786997,-1.3573,-0.2234,2.064
1780783043.7922292,-1.3542,-0.2331,2.0635
1780783043.7978148,-1.3514,-0.243,2.0632
1780783043.8048997,-1.3485,-0.2528,2.0629
1780783043.809241,-1.3453,-0.2627,2.0627
1780783043.8147545,-1.3422,-0.2724,2.0626
1780783043.820394,-1.339,-0.2821,2.0625
1780783043.8260276,-1.3355,-0.2917,2.0625
1780783043.8317807,-1.3322,-0.3011,2.0627
1780783043.8369298,-1.3287,-0.3105,2.0628
1780783043.8429737,-1.3251,-0.3198,2.0631
1780783043.848259,-1.3214,-0.329,2.0634
1780783043.8533802,-1.3179,-0.338,2.0638
1780783043.8592107,-1.314,-0.347,2.0642
1780783043.864539,-1.3097,-0.3558,2.0646
1780783043.8700178,-1.3062,-0.365,2.0651
1780783043.8840013,-1.3022,-0.3738,2.0657
1780783043.8853202,-1.2981,-0.3827,2.0662
1780783043.8871872,-1.294,-0.3918,2.0668
1780783043.8928545,-1.29,-0.4007,2.0674
1780783043.9010546,-1.2852,-0.4096,2.0679
1780783043.9041631,-1.2812,-0.4186,2.0686
1780783043.9091756,-1.2766,-0.4273,2.0692
1780783043.9143808,-1.272,-0.436,2.0699
1780783043.92019,-1.2675,-0.4447,2.0705
1780783043.9259067,-1.2628,-0.453,2.0712
1780783043.9323032,-1.2581,-0.4613,2.0718
1780783043.9371927,-1.2533,-0.4694,2.0725
1780783043.9421642,-1.2487,-0.4776,2.0731
1780783043.9477377,-1.2438,-0.4855,2.0738
1780783043.9535325,-1.2389,-0.4934,2.0744
1780783043.95913,-1.2336,-0.5013,2.075
1780783043.9648027,-1.2285,-0.5091,2.0756
1780783043.970386,-1.2233,-0.517,2.0763
1780783043.9755785,-1.218,-0.525,2.0769
1780783043.9812546,-1.2125,-0.533,2.0774
1780783043.987907,-1.2073,-0.5415,2.0777
1780783043.9923444,-1.2016,-0.5496,2.0783
1780783043.9980354,-1.1957,-0.5581,2.0787
1780783044.0044127,-1.1899,-0.5668,2.0793
1780783044.0096314,-1.1838,-0.5755,2.0798
1780783044.0144014,-1.1775,-0.5843,2.0802
1780783044.02682,-1.1714,-0.5932,2.0809
1780783044.0281126,-1.1647,-0.602,2.0812
1780783044.0331302,-1.1583,-0.611,2.0818
1780783044.0384073,-1.1517,-0.6199,2.0823
1780783044.0442069,-1.145,-0.6288,2.0827
1780783044.0483315,-1.138,-0.6376,2.0828
1780783044.0535061,-1.1313,-0.6463,2.0835
1780783044.0591304,-1.1244,-0.6549,2.0838
1780783044.0648465,-1.1173,-0.6634,2.084
1780783044.0700955,-1.11,-0.6718,2.0843
1780783044.0755594,-1.103,-0.6799,2.0846
1780783044.0828083,-1.0954,-0.688,2.0847
1780783044.0869641,-1.0881,-0.6959,2.0849
1780783044.0924962,-1.0806,-0.7036,2.085
1780783044.0978036,-1.0732,-0.7111,2.085
1780783044.1032293,-1.0655,-0.7183,2.0851
1780783044.109172,-1.0579,-0.7255,2.0852
1780783044.1144693,-1.0503,-0.7325,2.085
1780783044.1217616,-1.0426,-0.7393,2.085
1780783044.1253507,-1.0349,-0.746,2.0848
1780783044.1309958,-1.0272,-0.7526,2.0846
1780783044.1368737,-1.0194,-0.7589,2.0843
1780783044.1426718,-1.0117,-0.7656,2.0841
1780783044.1479197,-1.004,-0.7717,2.0836
1780783044.1534371,-0.9963,-0.7779,2.0834
1780783044.1673095,-0.9885,-0.7838,2.0828
1780783044.1955192,-0.9809,-0.79,2.0823
1780783044.1959984,-0.9732,-0.7959,2.0817
1780783044.1964033,-0.9656,-0.8018,2.0812
1780783044.196789,-0.9578,-0.8077,2.0804
1780783044.197162,-0.9501,-0.8137,2.0797
1780783044.1975343,-0.9425,-0.8194,2.079
1780783044.1979127,-0.9347,-0.8251,2.0782
1780783044.2035522,-0.927,-0.8309,2.0774
1780783044.2090893,-0.9193,-0.8364,2.0766
1780783044.2147362,-0.9117,-0.8421,2.0755
1780783044.2201877,-0.9039,-0.8474,2.0746
1780783044.2257051,-0.8961,-0.8528,2.0736
1780783044.2312624,-0.8884,-0.8581,2.0724
1780783044.2363572,-0.8807,-0.8634,2.0714
1780783044.2420287,-0.8729,-0.8684,2.0704
1780783044.2478273,-0.865,-0.8735,2.0691
1780783044.2538736,-0.8574,-0.8785,2.0681
1780783044.2587883,-0.8494,-0.8834,2.0668
1780783044.26455,-0.8416,-0.8883,2.0655
1780783044.2702034,-0.8339,-0.8932,2.0643
1780783044.2755213,-0.826,-0.8978,2.063
1780783044.2814481,-0.818,-0.9024,2.0618
1780783044.2875934,-0.8103,-0.9071,2.0604
1780783044.2923062,-0.8024,-0.9116,2.0593
1780783044.2975082,-0.7946,-0.916,2.0581
1780783044.3081892,-0.7867,-0.9201,2.0568
1780783044.3093212,-0.7787,-0.9245,2.0556
1780783044.3150182,-0.771,-0.9288,2.0545
1780783044.3202114,-0.7632,-0.933,2.0533
1780783044.3258932,-0.7554,-0.937,2.0521
1780783044.3310714,-0.7476,-0.941,2.051
1780783044.3378503,-0.7398,-0.9452,2.0498
1780783044.3424122,-0.7319,-0.9492,2.0489
1780783044.3483145,-0.724,-0.9533,2.0478
1780783044.3534758,-0.716,-0.9573,2.0469
1780783044.3588471,-0.7081,-0.9614,2.0459
1780783044.3647995,-0.7,-0.9656,2.045
1780783044.369924,-0.6919,-0.9696,2.0441
1780783044.375779,-0.6839,-0.9735,2.0432
1780783044.381174,-0.6759,-0.9775,2.0424
1780783044.3865488,-0.6678,-0.9816,2.0417
1780783044.3927,-0.6597,-0.9856,2.0411
1780783044.3975778,-0.6517,-0.9896,2.0404
1780783044.4036005,-0.6434,-0.9935,2.04
1780783044.409866,-0.6355,-0.9972,2.0396
1780783044.4159718,-0.6273,-1.0009,2.0393
1780783044.4202135,-0.6193,-1.0044,2.039
1780783044.425566,-0.6114,-1.0078,2.0389
1780783044.4312823,-0.6032,-1.0113,2.0389
1780783044.4370341,-0.5953,-1.0145,2.039
1780783044.4476874,-0.5872,-1.018,2.0391
1780783044.4493878,-0.5793,-1.0214,2.0394
1780783044.4546938,-0.5711,-1.0248,2.0395
1780783044.4591734,-0.5629,-1.0285,2.04
1780783044.4650102,-0.5548,-1.0321,2.0404
1780783044.470911,-0.5465,-1.0358,2.0409
1780783044.4757774,-0.5384,-1.0395,2.0414
1780783044.4811974,-0.5302,-1.0433,2.0422
1780783044.4872308,-0.5221,-1.047,2.0427
1780783044.4922361,-0.5139,-1.0505,2.0435
1780783044.4980977,-0.5057,-1.0541,2.0443
1780783044.5034492,-0.4977,-1.0574,2.045
1780783044.508992,-0.4897,-1.0606,2.046
1780783044.5143952,-0.4818,-1.0636,2.0468
1780783044.5201228,-0.4739,-1.0662,2.0476
1780783044.525504,-0.4663,-1.0689,2.0486
1780783044.5316265,-0.4588,-1.0712,2.0496
1780783044.537185,-0.451,-1.0735,2.0505
1780783044.5426066,-0.4435,-1.0757,2.0513
1780783044.5478497,-0.4357,-1.0778,2.0524
1780783044.5532126,-0.4278,-1.0798,2.0535
1780783044.559137,-0.4198,-1.0819,2.0544
1780783044.564424,-0.4117,-1.0838,2.0554
1780783044.5699658,-0.4035,-1.086,2.0565
1780783044.575509,-0.3952,-1.088,2.0574
1780783044.5874803,-0.3868,-1.0902,2.0582
1780783044.6127458,-0.3783,-1.0924,2.0592
1780783044.61317,-0.3695,-1.0947,2.0602
1780783044.613556,-0.3607,-1.0971,2.0609
1780783044.6139374,-0.352,-1.0995,2.0618
1780783044.6143093,-0.3429,-1.1019,2.0625
1780783044.6148677,-0.334,-1.1043,2.0633
1780783044.6201463,-0.3251,-1.1068,2.064
1780783044.6257536,-0.3161,-1.109,2.065
1780783044.631487,-0.3074,-1.1112,2.0656
1780783044.6366765,-0.2986,-1.1135,2.0662
1780783044.64256,-0.2899,-1.1155,2.0669
1780783044.647907,-0.2813,-1.1177,2.0674
1780783044.6535478,-0.2727,-1.1196,2.068
1780783044.6588864,-0.2643,-1.1214,2.0685
1780783044.6645532,-0.2557,-1.1231,2.0689
1780783044.6698706,-0.2475,-1.1247,2.0694
1780783044.6755433,-0.2393,-1.1263,2.0696
1780783044.6815274,-0.2311,-1.1278,2.0701
1780783044.6877139,-0.2229,-1.1293,2.0703
1780783044.6923804,-0.2146,-1.1308,2.0706
1780783044.6979077,-0.2065,-1.1322,2.0708
1780783044.70346,-0.1983,-1.1337,2.0709
1780783044.7099473,-0.1899,-1.135,2.071
1780783044.7147381,-0.1818,-1.1364,2.071
1780783044.728864,-0.1735,-1.1379,2.071
1780783044.7303748,-0.1653,-1.1392,2.0709
1780783044.7329364,-0.1572,-1.1407,2.0708
1780783044.7370758,-0.149,-1.1421,2.0705
1780783044.7428038,-0.1407,-1.1435,2.0703
1780783044.748016,-0.1325,-1.1449,2.0699
1780783044.7547538,-0.1244,-1.1464,2.0696
1780783044.7589598,-0.1162,-1.1477,2.0692
1780783044.7643728,-0.1079,-1.1491,2.0687
1780783044.7703583,-0.0996,-1.1505,2.0681
1780783044.7765548,-0.0917,-1.1518,2.0674
1780783044.7817142,-0.0833,-1.1531,2.0668
1780783044.7871308,-0.0752,-1.1545,2.066
1780783044.7923455,-0.0669,-1.1558,2.0651
1780783044.797817,-0.0583,-1.1571,2.0644
1780783044.8033748,-0.05,-1.1583,2.0634
1780783044.809271,-0.0414,-1.1596,2.0625
1780783044.8147347,-0.0329,-1.1609,2.0615
1780783044.8199828,-0.0242,-1.1623,2.0605
1780783044.8253434,-0.0156,-1.1636,2.0594
1780783044.8308406,-0.0069,-1.165,2.0584
1780783044.837115,0.0018,-1.1663,2.0573
1780783044.8427365,0.0104,-1.1676,2.0562
1780783044.8480387,0.0193,-1.1689,2.0551
1780783044.8532033,0.0281,-1.1702,2.054
1780783044.8589263,0.0369,-1.1715,2.053
1780783044.8643444,0.0459,-1.1727,2.0518
1780783044.8705091,0.0543,-1.174,2.0507
1780783044.8823547,0.0632,-1.1752,2.0496
1780783044.8835428,0.0718,-1.1765,2.0488
1780783044.887892,0.0805,-1.1777,2.0477
1780783044.892732,0.0891,-1.1789,2.0468
1780783044.898209,0.098,-1.1801,2.0459
1780783044.9117665,0.1067,-1.1812,2.045
1780783044.9122803,0.1157,-1.1824,2.0441
1780783044.914815,0.1245,-1.1837,2.0434
1780783044.919896,0.1332,-1.1849,2.0426
1780783044.9267728,0.1421,-1.1861,2.0419
1780783044.9314098,0.151,-1.1872,2.0413
1780783044.9369004,0.1598,-1.1885,2.0405
1780783044.9423964,0.1688,-1.1898,2.04
1780783044.9481833,0.1779,-1.191,2.0394
1780783044.953826,0.1871,-1.1923,2.0388
1780783044.959012,0.1965,-1.1938,2.0385
1780783044.965259,0.2055,-1.1949,2.0381
1780783044.9707236,0.215,-1.1963,2.0378
1780783044.9759386,0.224,-1.1974,2.0375
1780783044.981653,0.2331,-1.1986,2.0375
1780783044.9870021,0.2421,-1.1996,2.0375
1780783044.9920416,0.251,-1.2003,2.0375
1780783044.997702,0.2602,-1.2014,2.0378
1780783045.004975,0.269,-1.202,2.038
1780783045.0171509,0.2779,-1.2027,2.0383
1780783045.0183163,0.2867,-1.2032,2.0385
1780783045.0201669,0.2957,-1.2037,2.0389
1780783045.0257313,0.3044,-1.2043,2.0391
1780783045.0359232,0.3133,-1.2047,2.0395
1780783045.0375044,0.3222,-1.2051,2.0398
1780783045.0435598,0.3312,-1.2056,2.0402
1780783045.0479984,0.3405,-1.2062,2.0406
1780783045.0544937,0.3496,-1.2064,2.0411
1780783045.059119,0.3587,-1.2069,2.0414
1780783045.064744,0.368,-1.207,2.0421
1780783045.06993,0.3769,-1.2071,2.0426
1780783045.0755286,0.3861,-1.2071,2.0432
1780783045.0811899,0.3946,-1.2069,2.0439
1780783045.0869396,0.4034,-1.2067,2.0444
1780783045.0921178,0.4121,-1.2061,2.0452
1780783045.0977466,0.4205,-1.2057,2.0459
1780783045.1046891,0.429,-1.2049,2.0467
1780783045.1090145,0.4373,-1.2043,2.0474
1780783045.114578,0.4458,-1.2033,2.0482
1780783045.1202037,0.4542,-1.2023,2.0489
1780783045.1254642,0.4628,-1.2012,2.0497
1780783045.131642,0.4716,-1.2,2.0506
1780783045.137013,0.4805,-1.199,2.0513
1780783045.1423128,0.4898,-1.1978,2.0522
1780783045.1476867,0.4991,-1.1966,2.053
1780783045.1602094,0.5086,-1.1954,2.0538
1780783045.1613538,0.5186,-1.1941,2.0548
1780783045.1658404,0.5283,-1.1927,2.0555
1780783045.1706593,0.5379,-1.1916,2.0563
1780783045.1772475,0.548,-1.1902,2.0574
1780783045.1814756,0.5578,-1.1889,2.0581
1780783045.186968,0.5678,-1.1873,2.059
1780783045.192734,0.5778,-1.1857,2.0599
1780783045.1978042,0.5876,-1.1841,2.0608
1780783045.2035167,0.5975,-1.1822,2.0618
1780783045.2090185,0.6074,-1.1802,2.0626
1780783045.2208755,0.6173,-1.178,2.0635
1780783045.2214656,0.6267,-1.1758,2.0645
1780783045.225638,0.6363,-1.1733,2.0654
1780783045.2313466,0.6456,-1.1708,2.0662
1780783045.2371008,0.655,-1.1679,2.0671
1780783045.2422655,0.6643,-1.165,2.0682
1780783045.247886,0.6731,-1.1624,2.069
1780783045.253488,0.6823,-1.1591,2.0699
1780783045.2596421,0.6913,-1.1557,2.0708
1780783045.2646234,0.7003,-1.1522,2.0716
1780783045.2701993,0.709,-1.1485,2.0724
1780783045.275851,0.7176,-1.1447,2.0732
1780783045.2816377,0.7261,-1.1408,2.0738
1780783045.287607,0.7345,-1.1367,2.0745
1780783045.2989311,0.7428,-1.1326,2.0751
1780783045.300078,0.7511,-1.1283,2.0757
1780783045.3052661,0.7593,-1.124,2.0762
1780783045.310663,0.7675,-1.1196,2.0767
1780783045.3289618,0.7756,-1.115,2.0771
1780783045.3294907,0.7837,-1.1106,2.0773
1780783045.3300235,0.7918,-1.1058,2.0776
1780783045.3325784,0.7996,-1.1011,2.0778
1780783045.338054,0.8075,-1.0963,2.0779
1780783045.3422406,0.8153,-1.0916,2.078
1780783045.3490589,0.8232,-1.0867,2.0779
1780783045.3535528,0.8311,-1.0818,2.0779
1780783045.3590348,0.8389,-1.0767,2.0777
1780783045.3645594,0.8467,-1.0719,2.0776
1780783045.370042,0.8544,-1.0669,2.0772
1780783045.3759525,0.862,-1.0619,2.0767
1780783045.381391,0.8696,-1.0568,2.0764
1780783045.3868396,0.8772,-1.0518,2.0758
1780783045.392365,0.8848,-1.0469,2.0754
1780783045.3975055,0.8924,-1.0418,2.0748
1780783045.4034214,0.8999,-1.0365,2.074
1780783045.4091575,0.9074,-1.0315,2.0733
1780783045.4145443,0.9148,-1.0263,2.0726
1780783045.4203563,0.9223,-1.0211,2.0718
1780783045.425562,0.9296,-1.016,2.0709
1780783045.4321485,0.9367,-1.0107,2.0701
1780783045.4401295,0.944,-1.0054,2.0691
1780783045.4453714,0.9512,-1.0,2.0681
1780783045.4486647,0.9584,-0.9946,2.0673
1780783045.4569347,0.9656,-0.9893,2.0663
1780783045.4599574,0.9728,-0.9836,2.0654
1780783045.4644387,0.9798,-0.9781,2.0644
1780783045.4702995,0.9868,-0.9724,2.0635
1780783045.4758475,0.9937,-0.967,2.0625
1780783045.48133,1.0006,-0.9613,2.0617
1780783045.4872136,1.0074,-0.9558,2.0607
1780783045.4923537,1.0142,-0.9502,2.0599
1780783045.4978113,1.0211,-0.9445,2.059
1780783045.5037427,1.0281,-0.9389,2.0581
1780783045.509327,1.035,-0.9331,2.0573
1780783045.5162055,1.042,-0.9277,2.0565
1780783045.5199296,1.0489,-0.9221,2.0557
1780783045.525856,1.0558,-0.9164,2.0548
1780783045.531662,1.0627,-0.9111,2.0541
1780783045.5366921,1.0695,-0.9056,2.0533
1780783045.5425506,1.0765,-0.9001,2.0527
1780783045.5489378,1.0833,-0.8946,2.052
1780783045.5541327,1.09,-0.8893,2.0513
1780783045.558932,1.0968,-0.8837,2.0507
1780783045.5647573,1.1033,-0.8781,2.0504
1780783045.5704987,1.1097,-0.8729,2.05
1780783045.5823488,1.1159,-0.8673,2.0496
1780783045.583485,1.1221,-0.8619,2.0494
1780783045.586944,1.1282,-0.8563,2.0493
1780783045.5936582,1.1344,-0.8508,2.0492
1780783045.6001344,1.1406,-0.8452,2.0492
1780783045.6042333,1.1467,-0.8398,2.0493
1780783045.6088188,1.1529,-0.8341,2.0496
1780783045.614408,1.159,-0.8285,2.05
1780783045.620098,1.1651,-0.823,2.0503
1780783045.6258628,1.171,-0.8177,2.0508
1780783045.631699,1.177,-0.8121,2.0514
1780783045.6369097,1.1828,-0.8066,2.0519
1780783045.642194,1.1887,-0.801,2.0526
1780783045.6483507,1.1943,-0.7953,2.0532
1780783045.654536,1.1999,-0.7898,2.054
1780783045.659136,1.2053,-0.7842,2.0548
1780783045.6658583,1.2105,-0.7788,2.0555
1780783045.6700783,1.2157,-0.7729,2.0565
1780783045.6755052,1.2206,-0.7675,2.0573
1780783045.6810634,1.2255,-0.7619,2.0582
1780783045.687639,1.2305,-0.756,2.0592
1780783045.6923797,1.2353,-0.7503,2.0601
1780783045.698138,1.2404,-0.7444,2.0612
1780783045.703233,1.2455,-0.7383,2.0622
1780783045.7092404,1.2506,-0.7321,2.0632
1780783045.7214332,1.2559,-0.7257,2.0643
1780783045.748803,1.2613,-0.7194,2.0654
1780783045.7492754,1.2668,-0.7129,2.0665
1780783045.749712,1.2724,-0.7065,2.0677
1780783045.750108,1.278,-0.6999,2.0688
1780783045.7504919,1.2838,-0.6932,2.07
1780783045.7508628,1.2896,-0.6864,2.0711
1780783045.7534077,1.2955,-0.6796,2.0722
1780783045.759126,1.3014,-0.6728,2.0734
1780783045.7643464,1.3073,-0.666,2.0745
1780783045.7699702,1.3129,-0.659,2.0755
1780783045.7759428,1.3186,-0.6522,2.0766
1780783045.7817075,1.3242,-0.6453,2.0776
1780783045.7871516,1.3296,-0.6385,2.0785
1780783045.7924578,1.335,-0.6315,2.0796
1780783045.797798,1.3402,-0.6246,2.0804
1780783045.8040426,1.3453,-0.6175,2.0814
1780783045.8093276,1.3504,-0.6105,2.0823
1780783045.8145907,1.3554,-0.6034,2.0831
1780783045.8201659,1.3602,-0.5963,2.0839
1780783045.8258803,1.3651,-0.5891,2.0846
1780783045.831054,1.3698,-0.5819,2.0853
1780783045.8370795,1.3745,-0.5746,2.086
1780783045.8429995,1.3792,-0.5675,2.0865
1780783045.8486698,1.3839,-0.56,2.0872
1780783045.8539925,1.3886,-0.5527,2.0877
1780783045.8620784,1.3932,-0.5452,2.0881
1780783045.8655481,1.3978,-0.5378,2.0885
1780783045.8708587,1.4024,-0.5304,2.0888
1780783045.8757489,1.4068,-0.523,2.089
1780783045.8812015,1.4114,-0.5156,2.0892
1780783045.887001,1.4158,-0.5082,2.0894
1780783045.8925097,1.4201,-0.5007,2.0894
1780783045.898585,1.4246,-0.4929,2.0895
1780783045.9034896,1.4291,-0.4853,2.0894
1780783045.909276,1.4336,-0.4777,2.0892
1780783045.9152188,1.438,-0.47,2.089
1780783045.9202137,1.4427,-0.4623,2.0887
1780783045.9264417,1.447,-0.4544,2.0883
1780783045.9317122,1.4515,-0.4466,2.088
1780783045.938096,1.4559,-0.4384,2.0873
1780783045.9425251,1.4603,-0.4305,2.0867
1780783045.9482918,1.4649,-0.4224,2.086
1780783045.953564,1.4697,-0.414,2.0854
1780783045.9594998,1.4739,-0.4059,2.0845
1780783045.964744,1.4785,-0.3975,2.0836
1780783045.9699998,1.483,-0.389,2.0827
1780783045.976341,1.4874,-0.3806,2.0817
1780783045.9818356,1.4917,-0.3721,2.0808
1780783045.9867961,1.4962,-0.3634,2.0798
1780783046.0039053,1.5007,-0.3547,2.0788
1780783046.0050056,1.5053,-0.3459,2.0778
1780783046.0076687,1.5096,-0.3373,2.0766
1780783046.0093224,1.5142,-0.3284,2.0755
1780783046.0153317,1.5184,-0.3195,2.0744
1780783046.0209584,1.523,-0.3106,2.0734
1780783046.0262003,1.5272,-0.3015,2.0723
1780783046.0313556,1.5315,-0.2926,2.0712
1780783046.0368996,1.5357,-0.2836,2.0701
1780783046.042514,1.54,-0.2746,2.0691
1780783046.048081,1.5443,-0.2656,2.0679
1780783046.0544925,1.5485,-0.2568,2.0667
1780783046.058846,1.5528,-0.2475,2.0659
1780783046.064279,1.5571,-0.2386,2.0647
1780783046.069849,1.5614,-0.2296,2.0636
1780783046.0752492,1.5655,-0.2205,2.0623
1780783046.0809846,1.57,-0.2113,2.0614
1780783046.086696,1.5742,-0.2021,2.0603
1780783046.0921087,1.5786,-0.1929,2.0592
1780783046.0979514,1.5829,-0.1835,2.0581
1780783046.1093345,1.5872,-0.1741,2.0571
1780783046.1098106,1.5918,-0.1648,2.0561
1780783046.1143029,1.596,-0.1553,2.0551
1780783046.1203272,1.6001,-0.1456,2.0544
1780783046.1253033,1.6042,-0.1366,2.0535
1780783046.1318228,1.6083,-0.1268,2.0529
1780783046.1711805,1.6122,-0.1174,2.0521
1780783046.1718218,1.6159,-0.1081,2.0516
1780783046.1723702,1.6196,-0.0986,2.0512
1780783046.1728075,1.6232,-0.0894,2.0507
1780783046.1733491,1.6269,-0.08,2.0505
1780783046.1738942,1.6301,-0.0709,2.05
1780783046.174352,1.6335,-0.0617,2.0497
1780783046.175732,1.6368,-0.0524,2.0494
1780783046.1813412,1.6401,-0.0431,2.0492
1780783046.186896,1.6434,-0.0339,2.0489
1780783046.1927369,1.6467,-0.0247,2.0486
1780783046.1980999,1.6501,-0.0155,2.0484
1780783046.2036781,1.6537,-0.0062,2.0481
1780783046.2088761,1.6571,0.0033,2.0481
1780783046.214418,1.6604,0.0126,2.0479
1780783046.2201366,1.6635,0.0219,2.0478
1780783046.2268996,1.6664,0.0311,2.0477
1780783046.2330613,1.6692,0.0402,2.0476
1780783046.2369857,1.6716,0.0491,2.0476
1780783046.2423685,1.674,0.058,2.0476
1780783046.2475002,1.6761,0.0671,2.0479
1780783046.2533858,1.6783,0.0762,2.0479
1780783046.259143,1.6802,0.0849,2.048
1780783046.2646103,1.6821,0.0936,2.0481
1780783046.2708566,1.6837,0.1024,2.0481
1780783046.2850447,1.6855,0.1115,2.0484
1780783046.286368,1.6871,0.1204,2.0485
1780783046.2881343,1.689,0.1298,2.0487
1780783046.2952943,1.6907,0.1393,2.0489
1780783046.29878,1.6927,0.1492,2.0493
1780783046.3046556,1.6945,0.1591,2.0495
1780783046.3100283,1.6965,0.1693,2.0499
1780783046.3147352,1.6983,0.1794,2.0502
1780783046.3202314,1.6999,0.1896,2.0504
1780783046.3257546,1.7016,0.1998,2.0508
1780783046.3317654,1.703,0.21,2.051
1780783046.3368607,1.7044,0.2197,2.0513
1780783046.3419526,1.7055,0.2302,2.0518
1780783046.3481874,1.7065,0.2404,2.052
1780783046.35369,1.7074,0.2506,2.0523
1780783046.3589523,1.7084,0.2611,2.0525
1780783046.3648112,1.7089,0.2714,2.0528
1780783046.3699517,1.7093,0.2816,2.053
1780783046.3757026,1.7093,0.2916,2.0531
1780783046.3813684,1.7094,0.3017,2.0533
1780783046.38693,1.7091,0.3121,2.0537
1780783046.392121,1.7087,0.3225,2.0538
1780783046.3975403,1.7081,0.3329,2.054
1780783046.404175,1.7075,0.3434,2.0543
1780783046.4089837,1.7066,0.3539,2.0547
1780783046.4148748,1.7055,0.3644,2.0549
1780783046.4248934,1.7042,0.3746,2.055
1780783046.4261613,1.7026,0.3848,2.0553
1780783046.4312096,1.7007,0.3949,2.0555
1780783046.4376032,1.6987,0.4049,2.0557
1780783046.4540854,1.6966,0.4148,2.056
1780783046.4545765,1.6944,0.4245,2.0561
1780783046.4549918,1.692,0.4341,2.0562
1780783046.458778,1.6895,0.4437,2.0564
1780783046.4644597,1.6868,0.4533,2.0565
1780783046.4704328,1.6839,0.4626,2.0566
1780783046.475609,1.6809,0.472,2.0567
1780783046.48169,1.6778,0.4812,2.0567
1780783046.48664,1.6745,0.4902,2.0567
1780783046.492186,1.6712,0.499,2.0567
1780783046.4980545,1.6678,0.5083,2.0567
1780783046.5034127,1.6643,0.5171,2.0566
1780783046.5093584,1.6608,0.526,2.0564
1780783046.5146043,1.6572,0.5347,2.0562
1780783046.5217664,1.6535,0.5434,2.0558
1780783046.5258596,1.6495,0.5522,2.0555
1780783046.5319657,1.6455,0.5608,2.0551
1780783046.5376678,1.6415,0.5693,2.0547
1780783046.5424595,1.6374,0.5781,2.0544
1780783046.5483913,1.6333,0.5866,2.0537
1780783046.5535212,1.629,0.5951,2.0532
1780783046.5634072,1.6246,0.6038,2.0525
1780783046.5670843,1.6202,0.6123,2.0517
1780783046.570704,1.6158,0.6209,2.051
1780783046.576494,1.6111,0.6292,2.0501
1780783046.5817738,1.6065,0.6378,2.0493
1780783046.5878072,1.6018,0.6463,2.0485
1780783046.592645,1.5969,0.6547,2.0475
1780783046.5980504,1.5922,0.6631,2.0466
1780783046.606904,1.5874,0.6717,2.0458
1780783046.609413,1.5825,0.6801,2.0447
1780783046.6144857,1.5776,0.6884,2.0437
1780783046.6200552,1.5726,0.6966,2.0428
1780783046.6259406,1.5674,0.7047,2.0418
1780783046.6330156,1.5623,0.7127,2.0409
1780783046.6370173,1.557,0.7207,2.0401
1780783046.6427956,1.5519,0.7285,2.0392
1780783046.6477325,1.5467,0.7362,2.0384
1780783046.6541903,1.5414,0.7439,2.0376
1780783046.6590545,1.5363,0.7517,2.037
1780783046.6646888,1.5311,0.7594,2.0362
1780783046.6700127,1.526,0.7667,2.0355
1780783046.6754918,1.5207,0.7743,2.0347
1780783046.693363,1.5156,0.782,2.0341
1780783046.6939235,1.5105,0.7896,2.0333
1780783046.7030754,1.5054,0.7972,2.0326
1780783046.704223,1.5004,0.8048,2.032
1780783046.705947,1.4955,0.8126,2.0314
1780783046.7092397,1.4906,0.8204,2.0309
1780783046.7161567,1.4854,0.8278,2.0302
1780783046.7201533,1.4805,0.8353,2.0298
1780783046.7263105,1.4755,0.8429,2.0294
1780783046.731088,1.4706,0.8505,2.0292
1780783046.7369835,1.4655,0.8579,2.029
1780783046.7424374,1.4607,0.8655,2.029
1780783046.7481987,1.4558,0.8729,2.0288
1780783046.7535322,1.451,0.8805,2.0287
1780783046.7591681,1.4462,0.8881,2.0286
1780783046.7644992,1.4415,0.8958,2.0288
1780783046.7725074,1.4366,0.9035,2.0289
1780783046.7753482,1.4318,0.9112,2.0292
1780783046.7817209,1.4267,0.919,2.0294
1780783046.786963,1.4218,0.9264,2.0296
1780783046.7923508,1.4169,0.9341,2.0301
1780783046.7977402,1.412,0.9414,2.0305
1780783046.8031988,1.4068,0.9486,2.0309
1780783046.8092792,1.4017,0.9557,2.0312
1780783046.8146555,1.3964,0.9623,2.0318
1780783046.8200557,1.391,0.969,2.0325
1780783046.8252919,1.3855,0.9753,2.0332
1780783046.8317478,1.3798,0.9813,2.0339
1780783046.8382847,1.3743,0.9873,2.0346
1780783046.8445876,1.3685,0.9932,2.0355
1780783046.8478107,1.3626,0.9988,2.0362
1780783046.8550398,1.3568,1.0045,2.037
1780783046.8734937,1.3508,1.0104,2.0379
1780783046.8739672,1.3448,1.0161,2.0386
1780783046.8744838,1.3384,1.022,2.0394
1780783046.87781,1.3323,1.028,2.0402
1780783046.8812368,1.3259,1.0342,2.041
1780783046.8872244,1.3194,1.0406,2.042
1780783046.892993,1.3131,1.0468,2.0426
1780783046.8981473,1.3067,1.0537,2.0436
1780783046.9117143,1.3003,1.06,2.0441
1780783046.9123013,1.294,1.0669,2.045
1780783046.9148507,1.2875,1.0738,2.0459
1780783046.9200604,1.2813,1.0805,2.0466
1780783046.9255264,1.2745,1.088,2.0475
1780783046.931431,1.2682,1.0944,2.0482
1780783046.9368334,1.2618,1.1013,2.0489
1780783046.9421935,1.2555,1.1074,2.0494
1780783046.9477348,1.2489,1.1146,2.0504
1780783046.9532728,1.2425,1.1208,2.051
1780783046.9586082,1.236,1.1274,2.0519
1780783046.9643302,1.2296,1.133,2.0523
1780783046.9700103,1.2229,1.1394,2.0531
1780783046.9831986,1.2163,1.145,2.0536
1780783046.9844663,1.2095,1.1512,2.0545
1780783046.9888053,1.2025,1.1567,2.0549
1780783046.993553,1.1957,1.162,2.0555
1780783046.999,1.1888,1.1677,2.0561
1780783047.0042226,1.1821,1.1728,2.0566
1780783047.0094922,1.1754,1.1785,2.057
1780783047.0147336,1.1683,1.1834,2.0575
1780783047.0205104,1.1615,1.1885,2.0577
1780783047.0256724,1.1543,1.1938,2.0581
1780783047.0310173,1.1472,1.1988,2.0583
1780783047.0426095,1.1399,1.2041,2.0586
1780783047.0430691,1.1328,1.209,2.0586
1780783047.0480497,1.1252,1.2142,2.0588
1780783047.053672,1.1182,1.2194,2.0587
1780783047.0588987,1.1105,1.2247,2.0587
1780783047.0645163,1.1031,1.2301,2.0587
1780783047.0701497,1.0957,1.2347,2.0584
1780783047.0759346,1.088,1.2402,2.0582
1780783047.0819862,1.0805,1.245,2.058
1780783047.0884128,1.0728,1.2505,2.0577
1780783047.092662,1.0652,1.2555,2.0573
1780783047.0982912,1.0576,1.2603,2.0569
1780783047.1034648,1.05,1.2652,2.0566
1780783047.1090336,1.0422,1.2702,2.056
1780783047.122669,1.0344,1.2748,2.0554
1780783047.1243606,1.0266,1.2797,2.055
1780783047.1285827,1.0186,1.2844,2.0543
1780783047.1342354,1.0107,1.2893,2.0539
1780783047.1405973,1.0026,1.2939,2.053
1780783047.1423817,0.9946,1.2986,2.0524
1780783047.1482258,0.9867,1.3033,2.0517
1780783047.1540887,0.9786,1.308,2.0511
1780783047.1591067,0.9705,1.3127,2.0505
1780783047.1684437,0.9625,1.3175,2.0498
1780783047.1697602,0.9543,1.3219,2.049
1780783047.175969,0.9461,1.3267,2.0484
1780783047.1810565,0.9379,1.331,2.0476
1780783047.1870937,0.9297,1.3355,2.047
1780783047.1924314,0.9214,1.3401,2.0464
1780783047.1979518,0.9133,1.3442,2.0455
1780783047.203536,0.9051,1.3486,2.0449
1780783047.2089565,0.8969,1.353,2.0442
1780783047.2145462,0.8887,1.3578,2.0438
1780783047.2200804,0.8803,1.3619,2.043
1780783047.2262838,0.872,1.3663,2.0425
1780783047.2313054,0.8637,1.3702,2.0416
1780783047.2371016,0.8553,1.3747,2.0412
1780783047.242141,0.847,1.3791,2.0406
1780783047.247862,0.8385,1.3832,2.04
1780783047.2531269,0.8302,1.3877,2.0395
1780783047.259024,0.8219,1.3919,2.0389
1780783047.264117,0.8133,1.3962,2.0384
1780783047.2961357,0.8048,1.4004,2.0379
1780783047.2965858,0.7961,1.4051,2.0376
1780783047.2970474,0.7875,1.409,2.0371
1780783047.2975366,0.779,1.4133,2.0368
1780783047.2980704,0.7703,1.4175,2.0367
1780783047.2990317,0.7616,1.4218,2.0366
1780783047.3034961,0.7531,1.4259,2.0366
1780783047.310334,0.7447,1.4299,2.0367
1780783047.3145792,0.736,1.4337,2.0369
1780783047.3202639,0.7275,1.4371,2.0369
1780783047.326104,0.7189,1.4408,2.0373
1780783047.3311336,0.7104,1.4444,2.0377
1780783047.3365412,0.7018,1.4475,2.0378
1780783047.3419983,0.6935,1.4511,2.0383
1780783047.3482373,0.685,1.4544,2.0387
1780783047.3539138,0.6763,1.458,2.0392
1780783047.3596559,0.6677,1.4608,2.0393
1780783047.3646963,0.6589,1.4643,2.0398
1780783047.3703797,0.6502,1.4671,2.04
1780783047.3758228,0.6412,1.4704,2.0404
1780783047.3814068,0.6323,1.4735,2.0409
1780783047.3877332,0.6233,1.4767,2.0416
1780783047.3920767,0.6142,1.4797,2.042
1780783047.3977077,0.6052,1.4824,2.0424
1780783047.4032936,0.5963,1.4853,2.043
1780783047.4106674,0.5873,1.4883,2.0438
1780783047.417343,0.5784,1.4908,2.0444
1780783047.420192,0.5693,1.4934,2.0451
1780783047.425809,0.5606,1.4957,2.0458
1780783047.4327416,0.5516,1.498,2.0466
1780783047.4393907,0.5429,1.5002,2.0473
1780783047.4426036,0.5341,1.5023,2.048
1780783047.4482071,0.5253,1.5043,2.0488
1780783047.4535031,0.5166,1.5067,2.0497
1780783047.4588373,0.5078,1.5085,2.0503
1780783047.464256,0.4989,1.5106,2.0512
1780783047.4699886,0.4899,1.5127,2.052
1780783047.475614,0.4807,1.5145,2.0527
1780783047.4813046,0.4712,1.5165,2.0536
1780783047.4880915,0.4618,1.5184,2.0544
1780783047.4920428,0.4523,1.5202,2.0551
1780783047.4980032,0.4429,1.5221,2.056
1780783047.503919,0.4331,1.5242,2.0568
1780783047.510098,0.4235,1.5255,2.0574
1780783047.5145252,0.414,1.5272,2.0583
1780783047.5201163,0.4042,1.5286,2.0589
1780783047.5257325,0.3943,1.5299,2.0597
1780783047.531627,0.3846,1.5311,2.0605
1780783047.536954,0.3747,1.5319,2.0611
1780783047.542337,0.3648,1.5325,2.0618
1780783047.5478818,0.3551,1.5333,2.0626
1780783047.5584538,0.3452,1.5334,2.0631
1780783047.5596812,0.3355,1.5339,2.0639
1780783047.5648909,0.3255,1.5339,2.0645
1780783047.5728695,0.3159,1.5337,2.0652
1780783047.5890834,0.3064,1.5335,2.0659
1780783047.5896337,0.2968,1.5328,2.0665
1780783047.590053,0.2872,1.5321,2.067
1780783047.5927057,0.278,1.5316,2.0676
1780783047.5979283,0.2685,1.5304,2.0681
1780783047.6034214,0.2595,1.5295,2.0687
1780783047.6086702,0.2504,1.5286,2.0692
1780783047.6148024,0.2411,1.527,2.0695
1780783047.6201868,0.2321,1.5258,2.0699
1780783047.6257665,0.2229,1.5241,2.0702
1780783047.631499,0.2138,1.5228,2.0705
1780783047.637063,0.2048,1.521,2.0708
1780783047.6421385,0.196,1.5194,2.071
1780783047.6475275,0.187,1.5175,2.0712
1780783047.6539679,0.178,1.5156,2.0713
1780783047.6591175,0.1695,1.5136,2.0714
1780783047.666612,0.1607,1.5115,2.0714
1780783047.6698256,0.1518,1.5094,2.0714
1780783047.6762574,0.1431,1.5069,2.0712
1780783047.6810076,0.1348,1.5048,2.0713
1780783047.687215,0.1261,1.5026,2.0711
1780783047.6991694,0.1174,1.4997,2.0708
1780783047.7004929,0.1093,1.4976,2.0706
1780783047.7034862,0.101,1.4952,2.0703
1780783047.7089634,0.0927,1.4926,2.0701
1780783047.717504,0.0844,1.4899,2.0695
1780783047.720753,0.0763,1.4877,2.0692
1780783047.725789,0.0674,1.4849,2.0687
1780783047.7311265,0.0595,1.4827,2.0683
1780783047.7369974,0.0511,1.4793,2.0675
1780783047.742257,0.0427,1.4769,2.067
1780783047.7481096,0.0346,1.4744,2.0666
1780783047.7536526,0.0263,1.4717,2.066
1780783047.7591603,0.0181,1.4684,2.0652
1780783047.7681153,0.0096,1.465,2.0643
1780783047.769518,0.0016,1.4623,2.0637
1780783047.7758858,-0.0069,1.4585,2.0626
1780783047.7869527,-0.0148,1.456,2.0622
1780783047.7894716,-0.0231,1.4527,2.0613
1780783047.7921624,-0.0312,1.4493,2.0606
1780783047.798702,-0.0394,1.4458,2.0597
1780783047.8033955,-0.0474,1.4423,2.0589
1780783047.8091722,-0.0555,1.4388,2.0582
1780783047.8147838,-0.0636,1.4352,2.0574
1780783047.8201149,-0.0718,1.4316,2.0566
1780783047.8254771,-0.08,1.4281,2.0558
1780783047.839243,-0.0882,1.4247,2.0552
1780783047.8406377,-0.0964,1.4212,2.0544
1780783047.8460207,-0.1045,1.4177,2.0537
1780783047.847989,-0.1127,1.4141,2.053
1780783047.8571773,-0.121,1.4106,2.0524
1780783047.8589575,-0.1288,1.4072,2.0517
1780783047.8644023,-0.1371,1.4037,2.0511
1780783047.8713093,-0.1453,1.4,2.0504
1780783047.8756993,-0.1535,1.3965,2.0496
1780783047.8812912,-0.1616,1.3929,2.0491
1780783047.886826,-0.1696,1.3893,2.0486
1780783047.8921587,-0.1774,1.3858,2.0483
1780783047.8985956,-0.1853,1.3821,2.0479
1780783047.9034708,-0.1927,1.3783,2.0478
1780783047.9094176,-0.2003,1.3746,2.0475
1780783047.9146988,-0.2078,1.371,2.0474
1780783047.919846,-0.2152,1.3674,2.0472
1780783047.9254766,-0.2229,1.3636,2.0471
1780783047.9316378,-0.2306,1.3599,2.047
1780783047.9365547,-0.2381,1.3561,2.0469
1780783047.9423964,-0.2457,1.3527,2.0471
1780783047.9480176,-0.2537,1.3487,2.047
1780783047.9534783,-0.2616,1.3452,2.0473
1780783047.9591267,-0.2695,1.3415,2.0474
1780783047.9646378,-0.2776,1.3378,2.0476
1780783047.9784567,-0.2857,1.3342,2.0479
1780783047.97983,-0.2938,1.3302,2.048
1780783047.982058,-0.3021,1.3264,2.0484
1780783047.9872158,-0.3103,1.3227,2.0488
1780783047.9953654,-0.3185,1.3186,2.0491
1780783048.009907,-0.3265,1.3147,2.0496
1780783048.010357,-0.3342,1.3106,2.0501
1780783048.0107555,-0.3417,1.3065,2.0505
1780783048.0145714,-0.3493,1.3024,2.051
1780783048.020363,-0.3568,1.2978,2.0515
1780783048.025574,-0.3642,1.2934,2.052
1780783048.0313046,-0.3713,1.2888,2.0525
1780783048.03685,-0.3787,1.284,2.0529
1780783048.0435607,-0.3857,1.2792,2.0534
1780783048.0475612,-0.3929,1.2743,2.0538
1780783048.0534933,-0.4002,1.2693,2.0542
1780783048.0588405,-0.4076,1.2642,2.0546
1780783048.0750856,-0.415,1.2589,2.0548
1780783048.0757213,-0.4227,1.2536,2.0551
1780783048.0762715,-0.4305,1.2482,2.0554
1780783048.0885158,-0.4384,1.2424,2.0554
1780783048.089099,-0.4465,1.2369,2.0557
1780783048.0929997,-0.4545,1.2313,2.0558
1780783048.0978477,-0.4625,1.2253,2.0557
1780783048.1034453,-0.471,1.2195,2.0557
1780783048.109667,-0.479,1.2136,2.0556
1780783048.1198618,-0.4872,1.2073,2.0555
1780783048.1210413,-0.4957,1.2014,2.0553
1780783048.1267297,-0.5039,1.1952,2.055
1780783048.1317346,-0.5123,1.1887,2.0546
1780783048.1381662,-0.5206,1.1823,2.0542
1780783048.1437426,-0.5288,1.1757,2.0537
1780783048.1475136,-0.5369,1.1692,2.0532
1780783048.15343,-0.5449,1.1623,2.0524
1780783048.158645,-0.5529,1.1556,2.0518
1780783048.164664,-0.5609,1.1488,2.051
1780783048.170355,-0.5691,1.142,2.0503
1780783048.175541,-0.577,1.1351,2.0492
1780783048.181046,-0.5851,1.1281,2.0482
1780783048.1872518,-0.5935,1.1214,2.0472
1780783048.19229,-0.6016,1.1145,2.0461
1780783048.1980104,-0.6095,1.1076,2.0449
1780783048.2049105,-0.6176,1.1007,2.0436
1780783048.2087157,-0.6257,1.0937,2.0423
1780783048.2142134,-0.6339,1.0866,2.0409
1780783048.2200828,-0.6421,1.0795,2.0395
1780783048.225901,-0.65,1.0716,2.0378
1780783048.2313938,-0.6581,1.0643,2.0363
1780783048.236842,-0.6667,1.0571,2.0345
1780783048.2420192,-0.6749,1.0493,2.0324
1780783048.2484956,-0.6831,1.0416,2.0304
1780783048.2537541,-0.6913,1.0331,2.0283
1780783048.2591937,-0.6995,1.0253,2.026
1780783048.2718887,-0.7077,1.0168,2.0236
1780783048.2742789,-0.7157,1.008,2.0212
1780783048.2761712,-0.7241,0.9998,2.0187
1780783048.2812438,-0.7322,0.9912,2.0161
1780783048.2888796,-0.7404,0.9824,2.0133
1780783048.292913,-0.7482,0.9735,2.0105
1780783048.2981775,-0.7557,0.9641,2.0076
1780783048.305101,-0.7636,0.9554,2.0047
1780783048.3090286,-0.7712,0.9462,2.0016
1780783048.3147182,-0.7785,0.9364,1.9985
1780783048.3201787,-0.786,0.927,1.9953
1780783048.3259184,-0.7936,0.9181,1.9919
1780783048.3316221,-0.801,0.9083,1.9886
1780783048.3365743,-0.808,0.8983,1.9851
1780783048.3420336,-0.8154,0.8886,1.9815
1780783048.3482301,-0.8226,0.8788,1.978
1780783048.3534837,-0.8297,0.8689,1.9744
1780783048.3590133,-0.8367,0.859,1.9707
1780783048.3643763,-0.844,0.8496,1.9669
1780783048.370017,-0.8506,0.8391,1.9633
1780783048.3757176,-0.8576,0.8292,1.9596
1780783048.3814056,-0.8642,0.8192,1.9558
1780783048.3870366,-0.8708,0.8091,1.9521
1780783048.392347,-0.8773,0.7992,1.9482
1780783048.3977106,-0.8837,0.7891,1.9444
1780783048.4035947,-0.8899,0.7789,1.9405
1780783048.4412932,-0.8962,0.7688,1.9364
1780783048.4417691,-0.9025,0.7584,1.9324
1780783048.4421787,-0.9086,0.7481,1.9283
1780783048.4426806,-0.9147,0.7376,1.9243
1780783048.4430656,-0.9206,0.7272,1.92
1780783048.4434552,-0.9266,0.7166,1.9157
1780783048.443814,-0.9326,0.7061,1.9113
1780783048.44753,-0.9384,0.6954,1.907
1780783048.4550827,-0.9442,0.6847,1.9025
1780783048.459122,-0.95,0.674,1.8981
1780783048.46456,-0.9555,0.6634,1.8936
1780783048.469933,-0.9612,0.6528,1.8891
1780783048.4752765,-0.9667,0.6422,1.8845
1780783048.4813647,-0.9722,0.6314,1.88
1780783048.4867914,-0.9774,0.6209,1.8753
1780783048.4924333,-0.9826,0.6102,1.8708
1780783048.4977887,-0.9876,0.5995,1.8661
1780783048.503646,-0.9923,0.5888,1.8615
1780783048.5091105,-0.997,0.578,1.8566
1780783048.5156808,-1.0016,0.5672,1.8518
1780783048.520027,-1.0061,0.5564,1.8469
1780783048.5256174,-1.0108,0.5454,1.8419
1780783048.531221,-1.015,0.5342,1.8368
1780783048.5380604,-1.0192,0.5232,1.8316
1780783048.5419858,-1.0236,0.512,1.8262
1780783048.5533304,-1.0277,0.5008,1.8207
1780783048.5544686,-1.0318,0.4895,1.8151
1780783048.55919,-1.0356,0.4783,1.8094
1780783048.5647485,-1.0398,0.4667,1.8036
1780783048.5700612,-1.0433,0.4554,1.7977
1780783048.575871,-1.0471,0.444,1.7918
1780783048.581475,-1.0505,0.4328,1.7858
1780783048.5892823,-1.0539,0.4215,1.7798
1780783048.5923388,-1.0569,0.4106,1.7739
1780783048.597527,-1.0599,0.3997,1.7679
1780783048.6031914,-1.0624,0.389,1.7622
1780783048.6120474,-1.0649,0.3783,1.7564
1780783048.6146896,-1.0672,0.3678,1.7506
1780783048.6205788,-1.0694,0.3575,1.7448
1780783048.6260417,-1.0714,0.3472,1.739
1780783048.631,-1.0733,0.3369,1.7332
1780783048.6371553,-1.075,0.3266,1.7274
1780783048.6447477,-1.0766,0.3164,1.7216
1780783048.6478035,-1.078,0.3062,1.7158
1780783048.6536179,-1.0792,0.2961,1.7099
1780783048.6598215,-1.0803,0.2859,1.7039
1780783048.6646974,-1.0812,0.2755,1.6977
1780783048.6703315,-1.0819,0.2654,1.6916
1780783048.6764417,-1.0827,0.2551,1.6855
1780783048.6816192,-1.0831,0.2448,1.6791
1780783048.6917217,-1.0835,0.2347,1.6727
1780783048.692999,-1.0838,0.2244,1.6662
1780783048.6978498,-1.0839,0.2142,1.6597
1780783048.70489,-1.0839,0.2039,1.6531
1780783048.7098691,-1.0836,0.1938,1.6466
1780783048.7159214,-1.0829,0.1834,1.64
1780783048.7232943,-1.0823,0.1733,1.6334
1780783048.725744,-1.0813,0.1632,1.6267
1780783048.731429,-1.0801,0.1531,1.6201
1780783048.737329,-1.0785,0.1431,1.6134
1780783048.7427049,-1.077,0.1331,1.6068
1780783048.7484095,-1.0751,0.1232,1.6001
1780783048.7533994,-1.073,0.1134,1.5935
1780783048.7592435,-1.0707,0.1038,1.5868
1780783048.765023,-1.0683,0.0942,1.5801
1780783048.7702475,-1.0657,0.0848,1.5732
1780783048.775584,-1.0629,0.0756,1.5664
1780783048.7816825,-1.0598,0.0663,1.5594
1780783048.7870543,-1.0568,0.0572,1.5522
1780783048.7927833,-1.0536,0.0481,1.545
1780783048.7978468,-1.0502,0.039,1.5377
1780783048.8048842,-1.0467,0.0298,1.5302
1780783048.8088095,-1.0429,0.0208,1.5227
1780783048.8141427,-1.0391,0.0116,1.5149
1780783048.819896,-1.035,0.0027,1.5072
1780783048.8300836,-1.0309,-0.0063,1.4991
1780783048.8319871,-1.0267,-0.0153,1.491
1780783048.837125,-1.0223,-0.0241,1.4829
1780783048.842637,-1.0177,-0.0329,1.4746
1780783048.8482792,-1.013,-0.0416,1.4662
1780783048.8567042,-1.008,-0.0502,1.4578
1780783048.8594635,-1.003,-0.0586,1.4493
1780783048.8649595,-0.9978,-0.0668,1.4408
1780783048.870161,-0.9925,-0.0748,1.4323
1780783048.8755622,-0.9871,-0.0826,1.4237
1780783048.881142,-0.9815,-0.0903,1.4151
1780783048.887153,-0.9757,-0.0978,1.4065
1780783048.8923984,-0.9699,-0.1054,1.3978
1780783048.8982213,-0.9636,-0.1127,1.3891
1780783048.9034164,-0.9572,-0.1201,1.3803
1780783048.9086418,-0.9508,-0.1271,1.3716
1780783048.9142225,-0.944,-0.1344,1.3625
1780783048.9203775,-0.9372,-0.1414,1.3536
1780783048.925408,-0.9301,-0.1484,1.3445
1780783048.9314227,-0.9232,-0.1551,1.3354
1780783048.9369109,-0.9162,-0.1618,1.3262
1780783048.9424663,-0.9088,-0.1685,1.3172
1780783048.9480047,-0.9013,-0.1747,1.3082
1780783048.9539237,-0.8939,-0.181,1.2991
1780783048.9588985,-0.8861,-0.187,1.29
1780783048.9647257,-0.8784,-0.193,1.2811
1780783048.9752102,-0.8704,-0.1988,1.272
1780783048.9766133,-0.8622,-0.2045,1.2629
1780783048.9817166,-0.8543,-0.2101,1.2539
1780783048.987095,-0.8459,-0.2157,1.245
1780783048.9930093,-0.8372,-0.2211,1.2358
1780783048.9986634,-0.8278,-0.2266,1.2264
1780783049.0034242,-0.8189,-0.2314,1.2175
1780783049.008982,-0.8093,-0.2364,1.2083
1780783049.0149095,-0.7999,-0.2411,1.1992
1780783049.0201373,-0.7904,-0.2458,1.1903
1780783049.026052,-0.7804,-0.2503,1.1812
1780783049.0311544,-0.7706,-0.2545,1.1721
1780783049.0372276,-0.7604,-0.2585,1.1631
1780783049.0430026,-0.7501,-0.2626,1.154
1780783049.0484352,-0.7391,-0.2665,1.145
1780783049.0540335,-0.7284,-0.27,1.1361
1780783049.0590022,-0.7176,-0.2735,1.127
1780783049.0647936,-0.7067,-0.2768,1.118
1780783049.0703838,-0.6954,-0.2799,1.109
1780783049.0762427,-0.6842,-0.2827,1.1
1780783049.0815806,-0.6723,-0.2854,1.091
1780783049.087819,-0.6608,-0.2878,1.082
1780783049.092643,-0.6487,-0.2901,1.073
1780783049.0977068,-0.6368,-0.2922,1.0642
1780783049.1038103,-0.6245,-0.2939,1.0553
1780783049.1166627,-0.6123,-0.2956,1.0466
1780783049.1179638,-0.6003,-0.2971,1.0379
1780783049.1227522,-0.5879,-0.2981,1.0292
1780783049.1259868,-0.5752,-0.299,1.0203
1780783049.1465187,-0.5629,-0.2997,1.0116
1780783049.1471124,-0.5503,-0.3001,1.0028
1780783049.1475039,-0.5379,-0.3004,0.994
1780783049.1488366,-0.5254,-0.3004,0.9853
1780783049.1536558,-0.5129,-0.3004,0.9766
1780783049.159479,-0.5006,-0.2999,0.968
1780783049.1655838,-0.4882,-0.2993,0.9595
1780783049.1702075,-0.4755,-0.2986,0.9513
1780783049.176179,-0.4631,-0.2976,0.9433
1780783049.181665,-0.4505,-0.2966,0.9353
1780783049.18731,-0.4385,-0.2952,0.9276
1780783049.1922076,-0.4259,-0.2939,0.9197
1780783049.1982791,-0.4138,-0.2922,0.9123
1780783049.2036502,-0.4017,-0.2905,0.9051
1780783049.2090614,-0.3893,-0.2886,0.8977
1780783049.2142801,-0.3773,-0.2866,0.891
1780783049.2200274,-0.3653,-0.2843,0.8844
1780783049.2254589,-0.3535,-0.2819,0.8778
1780783049.2327168,-0.3417,-0.2794,0.8714
1780783049.2382438,-0.3298,-0.2767,0.8652
1780783049.2424004,-0.3181,-0.2737,0.859
1780783049.2489514,-0.306,-0.2709,0.853
1780783049.258736,-0.2949,-0.2673,0.8471
1780783049.2598474,-0.2832,-0.2638,0.8413
1780783049.2655206,-0.2716,-0.2602,0.8357
1780783049.2714832,-0.26,-0.2565,0.8302
1780783049.2773175,-0.2486,-0.2523,0.8249
1780783049.2817488,-0.2372,-0.2482,0.8198
1780783049.2865553,-0.2259,-0.2437,0.8149
1780783049.2925487,-0.2152,-0.2396,0.81
1780783049.2979505,-0.2041,-0.2348,0.8051
1780783049.3038626,-0.1935,-0.2303,0.8005
1780783049.3087897,-0.1831,-0.2253,0.796
1780783049.3144262,-0.1728,-0.2207,0.7915
1780783049.3203418,-0.1629,-0.2159,0.7874
1780783049.3260527,-0.1529,-0.2112,0.7835
1780783049.3312986,-0.1435,-0.2065,0.7794
1780783049.3366804,-0.1344,-0.2014,0.7756
1780783049.3425026,-0.1251,-0.1966,0.7717
1780783049.3481584,-0.1164,-0.1915,0.7681
1780783049.3540895,-0.1076,-0.1865,0.7645
1780783049.3591998,-0.0994,-0.1815,0.7611
1780783049.3645418,-0.0911,-0.1766,0.7577
1780783049.3701851,-0.083,-0.1716,0.7544
1780783049.376284,-0.0751,-0.167,0.7512
1780783049.3851876,-0.0675,-0.162,0.7481
1780783049.3892727,-0.06,-0.1573,0.7451
1780783049.3986259,-0.0529,-0.1525,0.7423
1780783049.3997824,-0.0458,-0.1478,0.7398
1780783049.4040792,-0.0392,-0.1434,0.7371
1780783049.4094334,-0.0326,-0.1392,0.7345
1780783049.415284,-0.0262,-0.1347,0.7321
1780783049.421382,-0.0202,-0.1301,0.7296
1780783049.4257047,-0.0141,-0.1259,0.7273
1780783049.433296,-0.0085,-0.1217,0.7253
1780783049.4374888,-0.0029,-0.1175,0.723
1780783049.4424908,0.0025,-0.1134,0.7209
1780783049.448164,0.0077,-0.1093,0.7189
1780783049.4533336,0.0128,-0.1055,0.7169
1780783049.4589605,0.0177,-0.1018,0.7148
1780783049.4644094,0.0224,-0.098,0.7129
1780783049.4699774,0.0271,-0.0943,0.7108
1780783049.4762406,0.0315,-0.0909,0.7088
1780783049.4813638,0.0358,-0.0875,0.7066
1780783049.4873226,0.0399,-0.0839,0.7045
1780783049.4923403,0.044,-0.0805,0.7021
1780783049.497939,0.0482,-0.0771,0.6998
1780783049.5039854,0.0519,-0.0733,0.6973
1780783049.5096202,0.0558,-0.0696,0.6947
1780783049.5143192,0.0597,-0.0657,0.6923
1780783049.5201805,0.0634,-0.0621,0.6897
1780783049.529478,0.0669,-0.0586,0.6869
1780783049.5353484,0.07,-0.055,0.6843
1780783049.5386322,0.0731,-0.0517,0.6815
1780783049.567183,0.0762,-0.0488,0.6786
1780783049.5678954,0.0796,-0.046,0.6757
1780783049.568442,0.0829,-0.0437,0.6725
1780783049.5688832,0.0858,-0.0418,0.6692
1780783049.5695002,0.0882,-0.0398,0.6661
1780783049.570411,0.0905,-0.0382,0.6628
1780783049.576,0.0924,-0.0364,0.6599
1780783049.5814402,0.0942,-0.035,0.6568
1780783049.587562,0.0957,-0.0334,0.6542
1780783049.592414,0.0975,-0.0318,0.6514
1780783049.5989578,0.0989,-0.0305,0.648
1780783049.6039593,0.1004,-0.029,0.645
1780783049.6091578,0.1021,-0.0267,0.6421
1780783049.6149793,0.1035,-0.0254,0.6386
1780783049.620273,0.1049,-0.0238,0.6352
1780783049.6254745,0.1065,-0.0219,0.6317
1780783049.6308253,0.1077,-0.0199,0.6285
1780783049.6374314,0.1092,-0.0174,0.6253
1780783049.6426444,0.1106,-0.0153,0.6222
1780783049.6482549,0.1119,-0.0132,0.619
1780783049.6537426,0.1132,-0.0111,0.616
1780783049.658943,0.1145,-0.0087,0.6131
1780783049.6643496,0.1157,-0.0065,0.61
1780783049.6768954,0.117,-0.0046,0.6064
1780783049.6780565,0.118,-0.0029,0.603
1780783049.6820447,0.1191,-0.0008,0.5996
1780783049.6998935,0.1204,0.0012,0.5961
1780783049.700883,0.1219,0.0033,0.5927
1780783049.7018082,0.1232,0.0044,0.5889
1780783049.7037902,0.1245,0.0064,0.5855
1780783049.7089965,0.1258,0.0079,0.5817
1780783049.7152417,0.1273,0.0097,0.5784
1780783049.7201607,0.1286,0.011,0.5749
1780783049.7255092,0.13,0.0127,0.5715
1780783049.7310352,0.1309,0.0141,0.5683
1780783049.736983,0.1318,0.0153,0.5653
1780783049.742336,0.1325,0.0164,0.5621
1780783049.7483284,0.133,0.0178,0.5593
1780783049.7534142,0.1336,0.0194,0.5564
1780783049.7590103,0.1342,0.0208,0.5534
1780783049.765292,0.1347,0.0221,0.5502
1780783049.7701638,0.1351,0.0236,0.5469
1780783049.7755892,0.1356,0.0251,0.5435
1780783049.7818098,0.136,0.0264,0.5398
1780783049.786922,0.1365,0.028,0.5358
1780783049.7922843,0.1372,0.0298,0.5318
1780783049.7979567,0.1379,0.0314,0.5277
1780783049.8034046,0.1383,0.0331,0.5234
1780783049.8171632,0.139,0.0349,0.5192
1780783049.8183894,0.1395,0.0367,0.5149
1780783049.8210251,0.1401,0.0385,0.5105
1780783049.8255806,0.1405,0.04,0.5061
1780783049.8358319,0.1409,0.0421,0.5018
1780783049.8364863,0.1414,0.0438,0.4971
1780783049.8425956,0.1419,0.0453,0.4925
1780783049.8479896,0.1425,0.0473,0.4879
1780783049.8534548,0.1429,0.0489,0.4832
1780783049.8593166,0.1435,0.0505,0.4783
1780783049.867764,0.1439,0.0523,0.4735
1780783049.8705165,0.1445,0.054,0.4685
1780783049.8755798,0.1449,0.0555,0.4635
1780783049.881567,0.1455,0.0571,0.4584
1780783049.887256,0.1462,0.0588,0.4532
1780783049.89268,0.1468,0.0603,0.448
1780783049.8984623,0.1475,0.0621,0.4427
1780783049.9035451,0.1484,0.064,0.4376
1780783049.9089262,0.1491,0.066,0.4322
1780783049.9149957,0.1498,0.068,0.4267
1780783049.9200535,0.1503,0.07,0.4208
1780783049.9258368,0.1509,0.0723,0.4151
1780783049.9319112,0.1513,0.0743,0.4092
1780783049.9366262,0.1519,0.0761,0.4035
1780783049.942242,0.1529,0.0764,0.3978
1780783049.9552867,0.154,0.0772,0.392
1780783049.9838386,0.155,0.0779,0.3862
1780783049.984289,0.1559,0.0786,0.3801
1780783049.9846685,0.1566,0.079,0.3741
1780783049.9850388,0.1573,0.0796,0.368
1780783049.9853923,0.1577,0.08,0.3622
1780783049.985755,0.1582,0.0803,0.356
1780783049.987099,0.1588,0.0808,0.3502
1780783049.9924262,0.1594,0.0812,0.3442
1780783049.9982305,0.1599,0.0811,0.338
1780783050.0032017,0.1605,0.0814,0.332
1780783050.0086915,0.1609,0.0817,0.326
1780783050.014912,0.1614,0.0818,0.3199
1780783050.021921,0.1618,0.082,0.3139
1780783050.0259671,0.1622,0.0819,0.3079
1780783050.031108,0.1627,0.0819,0.3019
1780783050.0365434,0.163,0.0821,0.296
1780783050.0426192,0.1636,0.0821,0.2902
1780783050.048063,0.1641,0.0821,0.2844
1780783050.0534637,0.1646,0.082,0.2787
1780783050.0593922,0.1651,0.0822,0.2733
1780783050.0648751,0.1655,0.082,0.2678
1780783050.0703523,0.1659,0.0818,0.2626
1780783050.0758576,0.1664,0.0816,0.2576
1780783050.0885835,0.1668,0.0815,0.2527
1780783050.091776,0.1671,0.0815,0.2481
1780783050.0938642,0.1674,0.0812,0.2433
1780783050.0982683,0.1678,0.0812,0.239
1780783050.1034832,0.168,0.0811,0.2348
1780783050.1094406,0.1682,0.0809,0.2305
1780783050.1159205,0.1684,0.0806,0.2263
1780783050.1202078,0.1685,0.0804,0.2223
1780783050.1255708,0.1683,0.0802,0.2185
1780783050.131306,0.1681,0.08,0.2148
1780783050.136503,0.1681,0.0795,0.2111
1780783050.1424353,0.1679,0.079,0.2077
1780783050.147815,0.1679,0.0784,0.2041
1780783050.1543639,0.168,0.078,0.2008
1780783050.1588795,0.168,0.0776,0.1975
1780783050.1643913,0.1682,0.0774,0.1942
1780783050.1704962,0.1682,0.0773,0.1906
1780783050.175651,0.1681,0.0772,0.1873
1780783050.1820176,0.1682,0.0773,0.1838
1780783050.187167,0.168,0.0775,0.1804
1780783050.192819,0.168,0.0776,0.1774
1780783050.1976514,0.1679,0.0775,0.1743
1780783050.204032,0.1676,0.0775,0.1715
1780783050.2093518,0.1674,0.0773,0.1685
1780783050.2149723,0.1669,0.0774,0.1657
1780783050.2201614,0.1665,0.0772,0.1627
1780783050.225444,0.1659,0.0774,0.1601
1780783050.237472,0.1654,0.0771,0.1573
1780783050.2386599,0.1649,0.0773,0.1547
1780783050.243267,0.1645,0.0771,0.1521
1780783050.2483604,0.164,0.0772,0.1494
1780783050.2543788,0.1636,0.0771,0.1471
1780783050.258759,0.163,0.0772,0.1445
1780783050.2648058,0.1627,0.0772,0.1423
1780783050.2705874,0.1619,0.0771,0.1397
1780783050.275798,0.1615,0.0771,0.1375
1780783050.281401,0.1609,0.0771,0.1353
1780783050.2869322,0.1601,0.0772,0.1331
1780783050.2928996,0.1599,0.0775,0.1313
1780783050.2984083,0.1593,0.0778,0.1292
1780783050.3040347,0.1591,0.078,0.1274
1780783050.3094301,0.1586,0.0783,0.1254
1780783050.314737,0.158,0.0785,0.1234
1780783050.320573,0.1577,0.0787,0.1214
1780783050.3261333,0.1572,0.0789,0.1193
1780783050.331761,0.1569,0.079,0.1178
1780783050.3370314,0.1565,0.0791,0.1161
1780783050.3421984,0.156,0.079,0.1142
1780783050.3478572,0.1558,0.0792,0.1128
1780783050.355505,0.1555,0.079,0.1113
1780783050.3590696,0.1552,0.079,0.1099
1780783050.3647048,0.1549,0.0789,0.1082
1780783050.3715863,0.1548,0.0791,0.1069
1780783050.4075854,0.1545,0.0791,0.1056
1780783050.4080856,0.1543,0.0791,0.1039
1780783050.4085035,0.154,0.0794,0.1023
1780783050.4089098,0.1538,0.0794,0.1011
1780783050.4093027,0.1533,0.0795,0.0993
1780783050.409694,0.1531,0.0798,0.098
1780783050.4101765,0.1525,0.0798,0.0966
1780783050.414649,0.152,0.0798,0.0951
1780783050.4204876,0.1514,0.08,0.0939
1780783050.426319,0.1509,0.0804,0.0927
1780783050.4313686,0.1502,0.0806,0.0915
1780783050.4369287,0.1494,0.0807,0.0901
1780783050.4421742,0.1489,0.0809,0.0891
1780783050.4496055,0.1482,0.0812,0.0878
1780783050.4535067,0.1475,0.0814,0.0865
1780783050.4590843,0.1468,0.0817,0.0854
1780783050.4643538,0.146,0.0819,0.0839
1780783050.4702644,0.1454,0.0824,0.0828
1780783050.4758587,0.1447,0.0836,0.0824
1780783050.4824212,0.1445,0.0848,0.0824
1780783050.4877322,0.1443,0.0861,0.0819
1780783050.492673,0.1442,0.0873,0.0819
1780783050.4980133,0.1443,0.0883,0.0818
1780783050.503684,0.1442,0.0887,0.0818
1780783050.5089724,0.144,0.0886,0.0819
1780783050.5206728,0.1442,0.0883,0.0819
1780783050.5219998,0.1445,0.088,0.0819
1780783050.527668,0.1451,0.0875,0.0818
1780783050.5332255,0.1456,0.087,0.0817
1780783050.5398593,0.146,0.0865,0.0817
1780783050.5441732,0.1466,0.086,0.0817
1780783050.5477493,0.1472,0.0856,0.0817
1780783050.5536113,0.1477,0.0853,0.0818
1780783050.560264,0.1482,0.085,0.0817
1780783050.5641596,0.1486,0.0848,0.0816
1780783050.5700386,0.149,0.0846,0.0816
1780783050.5756366,0.1492,0.0844,0.0816
1780783050.5814857,0.1493,0.0843,0.0815
1780783050.5871956,0.1495,0.0842,0.0815
1780783050.5923102,0.1496,0.084,0.0815
1780783050.5980084,0.1497,0.084,0.0814
1780783050.612038,0.1498,0.084,0.0815
1780783050.612508,0.1497,0.0839,0.0814
1780783050.6147711,0.1498,0.084,0.0815
1780783050.6205826,0.1496,0.0841,0.0815
1780783050.6260502,0.1494,0.0842,0.0815
1780783050.6315868,0.1492,0.0844,0.0816
1780783050.6366315,0.1489,0.0846,0.0816
1780783050.6421847,0.1486,0.0848,0.0816
1780783050.6478527,0.1483,0.0851,0.0816
1780783050.6534123,0.1479,0.0853,0.0817
1780783050.659204,0.1476,0.0856,0.0818
1780783050.6643977,0.1473,0.0859,0.0817
1780783050.675196,0.1467,0.0863,0.0817
1780783050.6763327,0.1463,0.0866,0.0817
1780783050.681487,0.1458,0.0869,0.0817
1780783050.6877015,0.1454,0.0874,0.0819
1780783050.7064767,0.1449,0.0877,0.0818
1780783050.7070043,0.1445,0.0881,0.0818
1780783050.7073948,0.1442,0.0883,0.0819
1780783050.709697,0.1439,0.0886,0.0819
1780783050.7148724,0.1437,0.0888,0.082
1780783050.720278,0.1434,0.0889,0.082
1780783050.7255836,0.1433,0.089,0.082
1780783050.7313917,0.1432,0.089,0.082
1780783050.7371554,0.1432,0.089,0.082
1780783050.7427752,0.1433,0.089,0.0819
1780783050.748162,0.1433,0.0889,0.0819
1780783050.7532315,0.1435,0.0888,0.0819
1780783050.7588284,0.1436,0.0888,0.082
1780783050.7650518,0.1436,0.0888,0.082
1780783050.7699018,0.1435,0.0889,0.082
1780783050.7764008,0.1434,0.0889,0.0819
1780783050.7814364,0.1432,0.089,0.082
1780783050.787023,0.1431,0.0891,0.082
1780783050.7921755,0.1431,0.0891,0.082
1780783050.798221,0.1431,0.0892,0.082
1780783050.8036826,0.143,0.0893,0.0821
1780783050.8155043,0.143,0.0894,0.0822
1780783050.8166142,0.1429,0.0894,0.0822
1780783050.821635,0.1429,0.0894,0.0822
1780783050.8277001,0.1428,0.0895,0.0822
1780783050.8335218,0.1427,0.0895,0.0822
1780783050.8378491,0.1426,0.0896,0.0822
1780783050.8428996,0.1426,0.0896,0.0821
1780783050.8478975,0.1426,0.0897,0.0821
1780783050.8533778,0.1427,0.0897,0.0821
1780783050.8588939,0.1427,0.0896,0.0821
1780783050.8645437,0.1427,0.0896,0.0821
1780783050.87149,0.1428,0.0895,0.0822
1780783050.8757486,0.1429,0.0895,0.0822
1780783050.8813958,0.143,0.0893,0.0821
1780783050.8877044,0.1431,0.0893,0.082
1780783050.8920596,0.1432,0.0891,0.082
1780783050.8983855,0.1434,0.0889,0.0819
1780783050.9043846,0.1437,0.0888,0.082
1780783050.9090366,0.1439,0.0887,0.082
1780783050.9143188,0.1441,0.0885,0.082
1780783050.9201205,0.1442,0.0884,0.0819
1780783050.9262166,0.1443,0.0883,0.0819
1780783050.9315953,0.1443,0.0882,0.0819
1780783050.9368863,0.1444,0.0882,0.0819
1780783050.944702,0.1445,0.0882,0.0819
1780783050.9486544,0.1445,0.0881,0.0819
1780783050.9565034,0.1446,0.0881,0.0819
1780783050.960109,0.1447,0.0882,0.0819
1780783050.9649158,0.1447,0.0881,0.0819
1780783050.9730682,0.1447,0.0882,0.0819
1780783050.9761698,0.1446,0.0882,0.0819
1780783050.981358,0.1445,0.0882,0.0819
1780783050.9871264,0.1443,0.0882,0.0818
1780783050.9927883,0.1443,0.0882,0.0818
1780783050.9979525,0.1443,0.0883,0.0818
1780783051.0036533,0.1443,0.0884,0.0819
1780783051.0095167,0.1442,0.0884,0.0818
1780783051.0148692,0.1441,0.0886,0.0819
1780783051.0211174,0.144,0.0886,0.0819
1780783051.0257733,0.1438,0.0887,0.0819
1780783051.0340915,0.1437,0.0887,0.0819
1780783051.0395217,0.1436,0.0888,0.0819
1780783051.0424988,0.1436,0.0888,0.0819
1780783051.048507,0.1436,0.0888,0.0819
1780783051.0535016,0.1437,0.0889,0.0819
1780783051.0591054,0.1437,0.0888,0.0819
1780783051.0688193,0.1438,0.0888,0.0819
1780783051.0696602,0.1438,0.0888,0.0819
1780783051.075965,0.1438,0.0887,0.0819
1780783051.081628,0.1439,0.0886,0.0818
1780783051.0881572,0.1439,0.0886,0.0818
1780783051.0960166,0.144,0.0885,0.0818
1780783051.0977411,0.1441,0.0884,0.0818
1780783051.104078,0.1442,0.0884,0.0818
1780783051.1259382,0.1443,0.0883,0.0818
1780783051.1264768,0.1443,0.0883,0.0818
1780783051.1269324,0.1444,0.0883,0.0818
1780783051.1273234,0.1444,0.0883,0.0818
1780783051.1309192,0.1443,0.0882,0.0818
1780783051.137216,0.1443,0.0882,0.0818
1780783051.1424832,0.1444,0.0882,0.0818
1780783051.1492214,0.1444,0.0882,0.0818
1780783051.1534445,0.1446,0.0882,0.0819
1780783051.1587641,0.1446,0.0882,0.0819
1780783051.1643815,0.1446,0.0882,0.0819
1780783051.1699624,0.1446,0.0882,0.0819
1780783051.175573,0.1445,0.0882,0.0819
1780783051.1829925,0.1444,0.0882,0.0818
1780783051.1867507,0.1444,0.0882,0.0818
1780783051.1921628,0.1443,0.0883,0.0818
1780783051.1984735,0.1443,0.0883,0.0818
1780783051.2041953,0.1443,0.0884,0.0819
1780783051.2092094,0.1444,0.0884,0.0819
1780783051.2146902,0.1443,0.0884,0.0819
1780783051.2202759,0.1443,0.0885,0.0819
1780783051.226378,0.1442,0.0885,0.0819
1780783051.2334847,0.1441,0.0885,0.0819
1780783051.238774,0.1441,0.0885,0.0819
1780783051.2423906,0.144,0.0885,0.0818
1780783051.2508214,0.144,0.0886,0.0819
1780783051.2538435,0.1441,0.0886,0.0819
1780783051.2589216,0.1441,0.0886,0.0819
1780783051.264804,0.1441,0.0886,0.0819
1780783051.2703824,0.1441,0.0886,0.0819
1780783051.276564,0.1441,0.0886,0.082
1780783051.2810833,0.1439,0.0885,0.0819
1780783051.2865674,0.1439,0.0885,0.0819
1780783051.29223,0.144,0.0883,0.0817
1780783051.29851,0.1439,0.0883,0.0816
1780783051.3036559,0.1441,0.0883,0.0817
1780783051.3091083,0.1442,0.0883,0.0818
1780783051.3145142,0.1442,0.0883,0.0818
1780783051.3209872,0.1442,0.0882,0.0818
1780783051.3263166,0.1442,0.0882,0.0818
1780783051.3330753,0.1442,0.0882,0.0818
1780783051.336632,0.1442,0.0882,0.0818
1780783051.3474557,0.1442,0.0882,0.0818
1780783051.3479722,0.1443,0.0882,0.0818
1780783051.3536098,0.1443,0.0882,0.0818
1780783051.359229,0.1444,0.0882,0.0818
1780783051.3645709,0.1444,0.0881,0.0818
1780783051.3701417,0.1443,0.0881,0.0818
1780783051.376899,0.1443,0.0881,0.0818
1780783051.384431,0.1442,0.0881,0.0818
1780783051.3935351,0.1442,0.0881,0.0818
1780783051.3965507,0.1442,0.0881,0.0818
1780783051.3977559,0.1442,0.0881,0.0818
1780783051.4037166,0.1442,0.0882,0.0818
1780783051.4088984,0.1443,0.0883,0.0818
1780783051.4145331,0.1443,0.0883,0.0818
1780783051.4213564,0.1443,0.0883,0.0818
1780783051.4270506,0.1443,0.0884,0.082
1780783051.4313886,0.1441,0.0882,0.0818
1780783051.43717,0.1442,0.0884,0.0819
1780783051.4424033,0.1442,0.0884,0.0819
1780783051.4480684,0.1442,0.0885,0.0819
1780783051.4553428,0.1442,0.0885,0.082
1780783051.4588733,0.1442,0.0885,0.082
1780783051.4644234,0.1442,0.0885,0.082
1780783051.4698508,0.1442,0.0885,0.082
1780783051.475289,0.1441,0.0883,0.0818
1780783051.4816368,0.1442,0.0885,0.082
1780783051.48766,0.144,0.0883,0.0818
1780783051.4931862,0.1441,0.0885,0.0819
1780783051.4976914,0.1441,0.0883,0.0818
1780783051.503188,0.1443,0.0884,0.082
1780783051.5156686,0.1442,0.0883,0.0819
1780783051.5509334,0.1443,0.0884,0.082
1780783051.5514076,0.1443,0.0884,0.0819
1780783051.5517995,0.1443,0.0884,0.082
1780783051.552187,0.1442,0.0883,0.0818
1780783051.552562,0.1443,0.0884,0.0819
1780783051.553027,0.1443,0.0884,0.0818
1780783051.5534546,0.1443,0.0883,0.0819
1780783051.5541363,0.1443,0.0884,0.0818
1780783051.559045,0.1445,0.0885,0.082
1780783051.5644045,0.1445,0.0885,0.082
1780783051.570155,0.1444,0.0884,0.0819
1780783051.5759742,0.1444,0.0885,0.082
1780783051.581585,0.1443,0.0884,0.0819
1780783051.5884447,0.1443,0.0885,0.082
1780783051.5920205,0.1442,0.0884,0.0818
1780783051.597633,0.1444,0.0885,0.082
1780783051.6037278,0.1444,0.0885,0.082
1780783051.6090145,0.1444,0.0885,0.082
1780783051.6145778,0.1443,0.0884,0.0819
1780783051.6201038,0.1443,0.0884,0.0819
1780783051.6262438,0.1443,0.0886,0.082
1780783051.6311164,0.1442,0.0884,0.0818
1780783051.636837,0.1442,0.0884,0.0818
1780783051.64221,0.1442,0.0884,0.0818
1780783051.6498353,0.1442,0.0884,0.0819
1780783051.653551,0.1444,0.0885,0.082
1780783051.6589844,0.1444,0.0885,0.082
1780783051.6716144,0.1444,0.0886,0.082
1780783051.6727655,0.1444,0.0885,0.082
1780783051.6760402,0.1443,0.0885,0.082
1780783051.6832507,0.1443,0.0883,0.0819
1780783051.689687,0.1442,0.0884,0.0819
1780783051.692708,0.1443,0.0884,0.0819
1780783051.6980138,0.1443,0.0884,0.0819
1780783051.703303,0.1444,0.0885,0.082
1780783051.7109678,0.1445,0.0885,0.082
1780783051.7149491,0.1445,0.0885,0.082
1780783051.7202334,0.1445,0.0884,0.082
1780783051.7257786,0.1444,0.0883,0.082
1780783051.731112,0.1444,0.0883,0.082
1780783051.7370021,0.1443,0.0883,0.0819
1780783051.742757,0.1444,0.0884,0.082
1780783051.748171,0.1444,0.0884,0.082
1780783051.7532718,0.1445,0.0885,0.082
1780783051.7587922,0.1444,0.0883,0.082
1780783051.7642992,0.1445,0.0884,0.0821
1780783051.769934,0.1445,0.0885,0.0821
1780783051.7759142,0.1445,0.0884,0.0821
1780783051.7815523,0.1443,0.0883,0.0819
1780783051.7865448,0.1443,0.0882,0.082
1780783051.7923684,0.1444,0.0884,0.0821
1780783051.7977362,0.1444,0.0884,0.0821
1780783051.804192,0.1444,0.0883,0.082
1780783051.8120449,0.1444,0.0883,0.0819
1780783051.8149505,0.1445,0.0884,0.0821
1780783051.820248,0.1445,0.0884,0.0821
1780783051.843107,0.1444,0.0883,0.082
1780783051.8438034,0.1444,0.0884,0.0821
1780783051.8445349,0.1444,0.0884,0.0821
1780783051.8451226,0.1443,0.0883,0.0819
1780783051.8479474,0.1444,0.0884,0.0821
1780783051.8536925,0.1444,0.0883,0.082
1780783051.8591714,0.1445,0.0883,0.082
1780783051.865967,0.1445,0.0884,0.0821
1780783051.8702188,0.1444,0.0883,0.082
1780783051.8757024,0.1445,0.0884,0.0821
1780783051.8814921,0.1444,0.0884,0.0821
1780783051.8866036,0.1444,0.0883,0.0821
1780783051.8924782,0.1444,0.0883,0.082
1780783051.898165,0.1445,0.0884,0.0821
1780783051.9036443,0.1445,0.0883,0.0821
1780783051.9088998,0.1445,0.0884,0.0821
1780783051.9153724,0.1445,0.0883,0.0821
1780783051.9201012,0.1445,0.0884,0.0821
1780783051.926326,0.1445,0.0883,0.0821
1780783051.9313529,0.1445,0.0883,0.0821
1780783051.9370465,0.1444,0.0884,0.0821
1780783051.9423032,0.1444,0.0883,0.082
1780783051.9512188,0.1444,0.0884,0.0821
1780783051.9568899,0.1445,0.0884,0.0821
1780783051.9618163,0.1445,0.0883,0.082
1780783051.9682167,0.1444,0.0883,0.082
1780783051.97154,0.1445,0.0884,0.0821
1780783051.9759874,0.1445,0.0884,0.0821
1780783051.9810898,0.1444,0.0883,0.082
1780783051.987239,0.1444,0.0884,0.0821
1780783051.992386,0.1443,0.0883,0.082
1780783051.997924,0.1443,0.0883,0.0819
1780783052.0033739,0.1444,0.0883,0.082
1780783052.0087087,0.1445,0.0884,0.0821
1780783052.0147562,0.1444,0.0883,0.082
1780783052.0204515,0.1444,0.0885,0.0821
1780783052.0259886,0.1444,0.0885,0.0821
1780783052.0315247,0.1444,0.0884,0.0821
1780783052.0370522,0.1443,0.0883,0.0819
1780783052.0426445,0.1443,0.0883,0.082
1780783052.0481527,0.1444,0.0885,0.082
1780783052.0535896,0.1444,0.0884,0.082
1780783052.0592341,0.1444,0.0884,0.0819
1780783052.0644612,0.1444,0.0885,0.0821
1780783052.0698361,0.1444,0.0885,0.0821
1780783052.0754368,0.1444,0.0885,0.0821
1780783052.09008,0.1443,0.0885,0.0821
1780783052.0913506,0.1443,0.0885,0.0821
1780783052.0925083,0.1442,0.0884,0.0819
1780783052.0976434,0.1442,0.0884,0.082
1780783052.1036284,0.1443,0.0884,0.082
1780783052.109754,0.1444,0.0885,0.0821
1780783052.1146169,0.1444,0.0885,0.0821
1780783052.1205983,0.1444,0.0885,0.0821
1780783052.125571,0.1444,0.0885,0.0821
1780783052.131166,0.1443,0.0884,0.082
1780783052.1367722,0.1442,0.0883,0.0819
1780783052.1426823,0.1442,0.0883,0.082
1780783052.1482527,0.1444,0.0884,0.082
1780783052.153936,0.1444,0.0885,0.0821
1780783052.1590827,0.1445,0.0885,0.0821
1780783052.1643794,0.1445,0.0884,0.0821
1780783052.1712277,0.1445,0.0885,0.0821
1780783052.1757352,0.1444,0.0884,0.0821
1780783052.1815572,0.1444,0.0884,0.0821
1780783052.186962,0.1443,0.0885,0.0821
1780783052.192391,0.1443,0.0883,0.0819
1780783052.198616,0.1444,0.0885,0.0821
1780783052.2036111,0.1444,0.0884,0.082
1780783052.2100918,0.1444,0.0884,0.0821
1780783052.2144327,0.1445,0.0885,0.0821
1780783052.22016,0.1444,0.0885,0.0821
1780783052.2256742,0.1444,0.0885,0.0821
1780783052.2312684,0.1442,0.0884,0.082
1780783052.2431672,0.1443,0.0885,0.0821
1780783052.273862,0.1442,0.0884,0.0819
1780783052.2743056,0.1442,0.0884,0.0819
1780783052.2748568,0.1443,0.0884,0.082
1780783052.2752814,0.1444,0.0885,0.0821
1780783052.2756832,0.1444,0.0885,0.0821
1780783052.2760668,0.1444,0.0885,0.0821
1780783052.2782395,0.1444,0.0885,0.0821
1780783052.2809765,0.1443,0.0885,0.0821
1780783052.2870517,0.1443,0.0885,0.0821
1780783052.2921095,0.1442,0.0884,0.082
1780783052.2982104,0.1444,0.0885,0.0821
1780783052.3043175,0.1444,0.0885,0.082
1780783052.3090503,0.1444,0.0885,0.0821
1780783052.314517,0.1445,0.0885,0.0821
1780783052.3200936,0.1443,0.0884,0.082
1780783052.3258212,0.1443,0.0884,0.082
1780783052.33112,0.1443,0.0883,0.0819
1780783052.3368907,0.1443,0.0885,0.0821
1780783052.3421187,0.1443,0.0885,0.0821
1780783052.3476193,0.1443,0.0884,0.0819
1780783052.353235,0.1444,0.0885,0.0821
1780783052.3593602,0.1443,0.0884,0.082
1780783052.364485,0.1444,0.0884,0.0819
1780783052.3698897,0.1443,0.0884,0.082
1780783052.3758464,0.1444,0.0885,0.0821
1780783052.3827093,0.1443,0.0884,0.0819
1780783052.3872204,0.1443,0.0885,0.0821
1780783052.3967578,0.1443,0.0884,0.0821
1780783052.3983386,0.1443,0.0884,0.082
1780783052.4033902,0.1443,0.0884,0.0819
1780783052.408878,0.1444,0.0885,0.0821
1780783052.4175515,0.1444,0.0885,0.0821
1780783052.4205337,0.1444,0.0885,0.0821
1780783052.4262643,0.1444,0.0885,0.0821
1780783052.4312704,0.1443,0.0884,0.082
1780783052.4371462,0.1442,0.0884,0.0819
1780783052.44222,0.1442,0.0883,0.0819
1780783052.4481485,0.1444,0.0885,0.0821
1780783052.4536512,0.1444,0.0884,0.082
1780783052.4590473,0.1444,0.0884,0.082
1780783052.4641206,0.1444,0.0884,0.0819
1780783052.470041,0.1443,0.0884,0.0819
1780783052.4755695,0.1443,0.0884,0.0819
1780783052.4817753,0.1443,0.0884,0.082
1780783052.487048,0.1442,0.0884,0.082
1780783052.49236,0.1443,0.0883,0.0819
1780783052.4982219,0.1443,0.0883,0.0819
1780783052.5033042,0.1443,0.0884,0.082
1780783052.5090039,0.1444,0.0884,0.082
1780783052.5195165,0.1445,0.0884,0.0821
1780783052.5227115,0.1444,0.0884,0.0819
1780783052.525943,0.1443,0.0883,0.082
1780783052.531435,0.1443,0.0883,0.082
1780783052.5370948,0.1443,0.0883,0.0819
1780783052.5464878,0.1443,0.0883,0.082
1780783052.5491958,0.1443,0.0884,0.082
1780783052.5535119,0.1444,0.0884,0.082
1780783052.5589645,0.1445,0.0884,0.082
1780783052.5645227,0.1445,0.0885,0.0821
1780783052.5702784,0.1444,0.0884,0.0819
1780783052.5761724,0.1444,0.0884,0.0821
1780783052.582016,0.1443,0.0884,0.082
1780783052.586581,0.1443,0.0883,0.0819
1780783052.592234,0.1443,0.0883,0.0819
1780783052.5977588,0.1444,0.0883,0.082
1780783052.6037197,0.1444,0.0884,0.082
1780783052.6091642,0.1444,0.0884,0.082
1780783052.614714,0.1445,0.0885,0.0821
1780783052.6201048,0.1444,0.0885,0.0821
1780783052.6258059,0.1444,0.0885,0.0821
1780783052.6309016,0.1443,0.0883,0.0819
1780783052.6368124,0.1443,0.0884,0.0819
1780783052.6424317,0.1444,0.0885,0.082
1780783052.6482975,0.1444,0.0885,0.082
1780783052.653365,0.1444,0.0884,0.082
1780783052.687455,0.1444,0.0884,0.082
1780783052.687966,0.1445,0.0885,0.0821
1780783052.6884277,0.1444,0.0883,0.0819
1780783052.688849,0.1443,0.0883,0.0819
1780783052.6892235,0.1444,0.0885,0.0821
1780783052.6895883,0.1443,0.0884,0.082
1780783052.692576,0.1444,0.0885,0.0821
1780783052.6979086,0.1443,0.0883,0.0819
1780783052.7034426,0.1444,0.0885,0.082
1780783052.7102277,0.1444,0.0884,0.082
1780783052.7146304,0.1445,0.0885,0.082
1780783052.7202568,0.1444,0.0885,0.0821
1780783052.7253783,0.1444,0.0884,0.0821
1780783052.7312818,0.1443,0.0883,0.082
1780783052.7367206,0.1444,0.0885,0.0821
1780783052.7424831,0.1443,0.0884,0.082
1780783052.7479265,0.1443,0.0884,0.0819
1780783052.7535946,0.1445,0.0885,0.0821
1780783052.7590046,0.1444,0.0884,0.082
1780783052.7644532,0.1445,0.0885,0.0821
1780783052.7703924,0.1445,0.0885,0.0821
1780783052.775993,0.1444,0.0885,0.0821
1780783052.7814403,0.1444,0.0884,0.0821
1780783052.7871273,0.1443,0.0884,0.082
1780783052.7922227,0.1444,0.0885,0.0821
1780783052.8038864,0.1443,0.0884,0.082
1780783052.8057163,0.1443,0.0884,0.082
1780783052.8097508,0.1445,0.0885,0.0821
1780783052.8153381,0.1445,0.0885,0.0821
1780783052.8220253,0.1444,0.0885,0.0821
1780783052.826813,0.1444,0.0885,0.0821
1780783052.830998,0.1444,0.0884,0.0821
1780783052.837488,0.1443,0.0885,0.0821
1780783052.842909,0.1443,0.0885,0.0821
1780783052.8479447,0.1444,0.0885,0.0821
1780783052.8533347,0.1444,0.0884,0.082
1780783052.8586893,0.1445,0.0885,0.0821
1780783052.8649027,0.1444,0.0884,0.082
1780783052.8702526,0.1444,0.0885,0.0821
1780783052.8757765,0.1443,0.0884,0.082
1780783052.8812475,0.1443,0.0883,0.082
1780783052.8870196,0.1442,0.0883,0.0819
1780783052.8921943,0.1442,0.0883,0.0819
1780783052.8980148,0.1443,0.0883,0.0819
1780783052.9037929,0.1444,0.0885,0.0821
1780783052.9093888,0.1445,0.0884,0.0821
1780783052.9145832,0.1445,0.0885,0.0821
1780783052.9217486,0.1445,0.0884,0.0821
1780783052.9265475,0.1444,0.0884,0.082
1780783052.9314456,0.1443,0.0883,0.0819
1780783052.9370887,0.1443,0.0883,0.0819
1780783052.9422214,0.1442,0.0883,0.0819
1780783052.9477916,0.1444,0.0884,0.0821
1780783052.9580429,0.1443,0.0883,0.0819
1780783052.9593098,0.1443,0.0884,0.082
1780783052.9874845,0.1445,0.0884,0.0821
1780783052.9879422,0.1444,0.0884,0.082
1780783052.9883645,0.1443,0.0884,0.082
1780783052.9887402,0.1443,0.0884,0.0819
1780783052.9891262,0.1444,0.0885,0.0821
1780783052.9922957,0.1442,0.0884,0.0819
1780783052.9984088,0.1443,0.0884,0.0819
1780783053.003865,0.1443,0.0884,0.0819
1780783053.0087726,0.1444,0.0885,0.0821
1780783053.0142958,0.1444,0.0885,0.0821
1780783053.021174,0.1444,0.0884,0.082
1780783053.0265667,0.1443,0.0884,0.0819
1780783053.032609,0.1444,0.0885,0.0821
1780783053.036939,0.1443,0.0884,0.0819
1780783053.0425484,0.1443,0.0884,0.0819
1780783053.0480871,0.1444,0.0885,0.0821
1780783053.0536768,0.1444,0.0885,0.0821
1780783053.059196,0.1444,0.0884,0.0819
1780783053.064807,0.1444,0.0884,0.0819
1780783053.0704262,0.1444,0.0885,0.0821
1780783053.0755005,0.1444,0.0884,0.082
1780783053.0816698,0.1443,0.0884,0.0819
1780783053.0894322,0.1444,0.0885,0.0821
1780783053.0976512,0.1443,0.0883,0.0819
1780783053.0992641,0.1443,0.0884,0.082
1780783053.1032128,0.1445,0.0885,0.0821
1780783053.1103232,0.1445,0.0884,0.0821
1780783053.114791,0.1444,0.0885,0.0821
1780783053.122056,0.1443,0.0884,0.0819
1780783053.1255097,0.1443,0.0883,0.0819
1780783053.1315572,0.1443,0.0883,0.0819
1780783053.1369047,0.1442,0.0883,0.0819
1780783053.1424599,0.1443,0.0884,0.082
1780783053.1479862,0.1443,0.0884,0.082
1780783053.1534188,0.1444,0.0885,0.0821
1780783053.1591408,0.1444,0.0884,0.0819
1780783053.164396,0.1444,0.0885,0.0821
1780783053.1701202,0.1444,0.0885,0.0821
1780783053.1759627,0.1444,0.0884,0.082
1780783053.1815941,0.1444,0.0885,0.0821
1780783053.1870065,0.1443,0.0884,0.082
1780783053.1922657,0.1443,0.0883,0.082
1780783053.197972,0.1443,0.0883,0.082
1780783053.2042081,0.1443,0.0884,0.0819
1780783053.2091856,0.1445,0.0884,0.082
1780783053.2147608,0.1445,0.0885,0.0821
1780783053.2200081,0.1444,0.0884,0.0819
1780783053.2259595,0.1444,0.0885,0.0821
1780783053.2363374,0.1444,0.0884,0.0821
1780783053.2379673,0.1444,0.0885,0.0821
1780783053.2422824,0.1444,0.0885,0.0821
1780783053.247968,0.1443,0.0883,0.082
1780783053.2542582,0.1443,0.0883,0.082
1780783053.259025,0.1444,0.0883,0.082
1780783053.2651415,0.1444,0.0883,0.082
1780783053.2701094,0.1444,0.0885,0.0821
1780783053.2756817,0.1444,0.0884,0.082
1780783053.2812517,0.1443,0.0883,0.0819
1780783053.286625,0.1443,0.0883,0.082
1780783053.2921937,0.1444,0.0885,0.0821
1780783053.2988062,0.1444,0.0885,0.082
1780783053.303834,0.1443,0.0884,0.0819
1780783053.3182156,0.1444,0.0885,0.0821
1780783053.318785,0.1444,0.0884,0.082
1780783053.3212075,0.1444,0.0883,0.082
1780783053.3259223,0.1444,0.0885,0.0821
1780783053.331192,0.1443,0.0883,0.0819
1780783053.3367517,0.1443,0.0884,0.082
1780783053.3422284,0.1444,0.0884,0.0821
1780783053.347716,0.1444,0.0883,0.082
1780783053.35342,0.1444,0.0884,0.0821
1780783053.359278,0.1443,0.0884,0.082
1780783053.3643699,0.1444,0.0884,0.082
1780783053.3788602,0.1444,0.0884,0.0819
1780783053.408348,0.1444,0.0885,0.0821
1780783053.4088697,0.1443,0.0883,0.082
1780783053.4092927,0.1443,0.0883,0.082
1780783053.4097507,0.1443,0.0884,0.082
1780783053.4102387,0.1443,0.0883,0.0819
1780783053.4106667,0.1444,0.0885,0.0821
1780783053.4114008,0.1445,0.0885,0.0821
1780783053.4145558,0.1445,0.0885,0.0821
1780783053.4212415,0.1444,0.0883,0.082
1780783053.427148,0.1444,0.0884,0.0821
1780783053.4315379,0.1443,0.0883,0.0819
1780783053.4371092,0.1444,0.0885,0.0821
1780783053.4420533,0.1444,0.0884,0.0821
1780783053.4481237,0.1444,0.0883,0.082
1780783053.4535117,0.1445,0.0884,0.0821
1780783053.4591675,0.1445,0.0885,0.0821
1780783053.464687,0.1443,0.0883,0.082
1780783053.4701273,0.1444,0.0883,0.082
1780783053.4756253,0.1444,0.0884,0.082
1780783053.481903,0.1443,0.0883,0.082
1780783053.4874303,0.1443,0.0883,0.0819
1780783053.492336,0.1444,0.0884,0.0821
1780783053.4979331,0.1444,0.0885,0.0821
1780783053.5031927,0.1445,0.0885,0.0821
1780783053.510019,0.1445,0.0885,0.0821
1780783053.5174422,0.1445,0.0885,0.0821
1780783053.5210872,0.1445,0.0885,0.0821
1780783053.526172,0.1443,0.0883,0.082
1780783053.535219,0.1443,0.0883,0.0819
1780783053.5369895,0.1443,0.0883,0.0819
1780783053.5426948,0.1444,0.0885,0.0821
1780783053.5480468,0.1444,0.0883,0.082
1780783053.5544474,0.1444,0.0884,0.082
1780783053.5587993,0.1445,0.0885,0.0821
1780783053.5644047,0.1445,0.0885,0.0821
1780783053.5698624,0.1444,0.0885,0.0821
1780783053.5755634,0.1444,0.0885,0.0821
1780783053.5812695,0.1443,0.0883,0.0819
1780783053.5877547,0.1443,0.0883,0.082
1780783053.5929177,0.1443,0.0883,0.0819
1780783053.5977018,0.1444,0.0885,0.0821
1780783053.6035569,0.1444,0.0884,0.0821
1780783053.6088338,0.1444,0.0884,0.082
1780783053.6149294,0.1445,0.0885,0.0821
1780783053.62036,0.1444,0.0883,0.082
1780783053.6255572,0.1444,0.0885,0.0821
1780783053.6324499,0.1443,0.0883,0.082
1780783053.6371195,0.1443,0.0883,0.0819
1780783053.6424162,0.1444,0.0885,0.0821
1780783053.647885,0.1444,0.0884,0.0821
1780783053.6533735,0.1444,0.0884,0.082
1780783053.6586735,0.1444,0.0884,0.082
1780783053.6703718,0.1444,0.0884,0.0819
1780783053.6720436,0.1445,0.0885,0.0821
1780783053.6772203,0.1444,0.0885,0.0821
1780783053.6827595,0.1443,0.0884,0.0819
1780783053.6902971,0.1444,0.0885,0.0821
1780783053.7228568,0.1444,0.0884,0.0821
1780783053.723842,0.1444,0.0883,0.082
1780783053.7248597,0.1444,0.0885,0.0821
1780783053.7260973,0.1444,0.0884,0.082
1780783053.727154,0.1444,0.0884,0.082
1780783053.728324,0.1444,0.0885,0.0821
1780783053.729395,0.1444,0.0883,0.082
1780783053.734448,0.1443,0.0883,0.0819
1780783053.739683,0.1444,0.0884,0.0821
1780783053.7477717,0.1443,0.0884,0.082
1780783053.7506812,0.1444,0.0885,0.0821
1780783053.75441,0.1444,0.0884,0.0821
1780783053.7606688,0.1445,0.0885,0.0821
1780783053.7644906,0.1445,0.0885,0.0821
1780783053.770452,0.1444,0.0884,0.082
1780783053.7768157,0.1444,0.0885,0.0821
1780783053.7833934,0.1444,0.0885,0.0821
1780783053.7921717,0.1443,0.0884,0.082
1780783053.7976778,0.1443,0.0883,0.0819
1780783053.798647,0.1443,0.0884,0.082
1780783053.804505,0.1444,0.0884,0.0821
1780783053.8170807,0.1445,0.0885,0.0821
1780783053.8339415,0.1445,0.0885,0.0821
1780783053.8370643,0.1443,0.0884,0.082
1780783053.8404334,0.1444,0.0885,0.0821
1780783053.8421574,0.1443,0.0884,0.0819
1780783053.8436513,0.1444,0.0885,0.0821
1780783053.851836,0.1443,0.0883,0.0819
1780783053.8544238,0.1443,0.0883,0.082
1780783053.85728,0.1444,0.0884,0.082
1780783053.8591833,0.1444,0.0885,0.0821
1780783053.8656318,0.1445,0.0885,0.0821
1780783053.8779526,0.1444,0.0885,0.0821
1780783053.8797963,0.1443,0.0883,0.082
1780783053.9014199,0.1443,0.0883,0.082
1780783053.9153593,0.1444,0.0884,0.0821
1780783053.9167762,0.1443,0.0883,0.0819
1780783053.9181046,0.1443,0.0884,0.082
1780783053.9192786,0.1444,0.0883,0.082
1780783053.9205134,0.1444,0.0884,0.0821
1780783053.928538,0.1444,0.0884,0.082
1780783053.9299355,0.1444,0.0885,0.0821
1780783053.9312303,0.1443,0.0883,0.082
1780783053.943559,0.1443,0.0883,0.082
1780783053.9449215,0.1444,0.0884,0.0821
1780783053.9461277,0.1443,0.0884,0.082
1780783053.947929,0.1444,0.0885,0.0821
1780783053.955189,0.1444,0.0884,0.0821
1780783053.9602137,0.1444,0.0884,0.0819
1780783053.9663053,0.1444,0.0884,0.0819
1780783053.9749537,0.1443,0.0884,0.0819
1780783053.9764988,0.1443,0.0883,0.0819
1780783053.9922974,0.1444,0.0885,0.0821
1780783053.993602,0.1443,0.0884,0.0821
1780783054.006311,0.1443,0.0885,0.0821
1780783054.00996,0.1444,0.0885,0.0821
1780783054.0112765,0.1444,0.0885,0.0821
1780783054.029166,0.1444,0.0884,0.082
1780783054.0303164,0.1444,0.0884,0.082
1780783054.0312054,0.1444,0.0885,0.0821
1780783054.0401282,0.1444,0.0883,0.082
1780783054.0415525,0.1443,0.0883,0.0819
1780783054.056103,0.1443,0.0885,0.0821
1780783054.0595608,0.1444,0.0885,0.0821
1780783054.0646346,0.1444,0.0885,0.0821
1780783054.068946,0.1444,0.0883,0.082
1780783054.0704978,0.1445,0.0885,0.0821
1780783054.0793545,0.1444,0.0884,0.0819
1780783054.0845904,0.1444,0.0885,0.0821
1780783054.0889235,0.1444,0.0883,0.082
1780783054.091843,0.1444,0.0884,0.0821
1780783054.099186,0.1443,0.0883,0.082
1780783054.1038063,0.1443,0.0884,0.082
1780783054.1183703,0.1444,0.0885,0.0821
1780783054.1556144,0.1444,0.0884,0.082
1780783054.157013,0.1444,0.0884,0.0819
1780783054.1582453,0.1444,0.0884,0.082
1780783054.1594272,0.1444,0.0884,0.082
1780783054.160752,0.1443,0.0884,0.082
1780783054.162047,0.1443,0.0884,0.082
1780783054.163203,0.1443,0.0885,0.0821
1780783054.1645367,0.1444,0.0885,0.0821
1780783054.1657107,0.1443,0.0884,0.0819
1780783054.1669066,0.1444,0.0885,0.0821
1780783054.1681874,0.1444,0.0885,0.0821
1780783054.1764622,0.1445,0.0885,0.0821
1780783054.1778934,0.1444,0.0885,0.0821
1780783054.179171,0.1444,0.0884,0.082
1780783054.1923285,0.1443,0.0883,0.0819
1780783054.1936224,0.1443,0.0883,0.0819
1780783054.1947913,0.1444,0.0885,0.0821
1780783054.2071583,0.1443,0.0883,0.0819
1780783054.2085347,0.1444,0.0884,0.082
1780783054.22319,0.1445,0.0885,0.0821
1780783054.2295256,0.1445,0.0885,0.0821
1780783054.230949,0.1444,0.0883,0.082
1780783054.2389631,0.1444,0.0884,0.0821
1780783054.240392,0.1443,0.0884,0.0819
1780783054.241538,0.1443,0.0885,0.0821
1780783054.266701,0.1444,0.0885,0.0821
1780783054.2853053,0.1443,0.0883,0.0819
1780783054.2869377,0.1444,0.0885,0.0821
1780783054.2896924,0.1445,0.0885,0.0821
1780783054.2907438,0.1445,0.0885,0.0821
1780783054.2916782,0.1444,0.0884,0.0819
1780783054.2925923,0.1444,0.0885,0.0821
1780783054.2934465,0.1443,0.0884,0.082
1780783054.2969527,0.1443,0.0885,0.0821
1780783054.3023016,0.1442,0.0884,0.082
1780783054.303733,0.1443,0.0884,0.0819
1780783054.318262,0.1444,0.0885,0.0821
1780783054.3207078,0.1444,0.0884,0.082
1780783054.3231142,0.1445,0.0885,0.0821
1780783054.341612,0.1445,0.0885,0.0821
1780783054.3851862,0.1444,0.0884,0.0821
1780783054.386496,0.1443,0.0883,0.082
1780783054.3878498,0.1443,0.0883,0.0819
1780783054.389048,0.1442,0.0883,0.0819
1780783054.390319,0.1444,0.0885,0.0821
1780783054.3915095,0.1444,0.0885,0.0821
1780783054.3926358,0.1444,0.0884,0.0819
1780783054.3937688,0.1445,0.0884,0.0821
1780783054.394976,0.1443,0.0884,0.082
1780783054.3960676,0.1444,0.0885,0.0821
1780783054.3972285,0.1443,0.0884,0.0819
1780783054.3983428,0.1443,0.0884,0.082
1780783054.3995168,0.1443,0.0883,0.0819
1780783054.4122458,0.1443,0.0883,0.082
1780783054.413614,0.1444,0.0884,0.082
1780783054.4147706,0.1445,0.0885,0.0821
1780783054.4280756,0.1444,0.0884,0.0819
1780783054.4294603,0.1445,0.0885,0.0821
1780783054.430511,0.1443,0.0883,0.0819
1780783054.4444695,0.1443,0.0883,0.0819
1780783054.4479296,0.1443,0.0883,0.082
1780783054.4492085,0.1444,0.0885,0.0821
1780783054.4599054,0.1444,0.0885,0.0821
1780783054.4612412,0.1443,0.0884,0.0819
1780783054.4624424,0.1444,0.0884,0.082
1780783054.4748013,0.1445,0.0885,0.0821
1780783054.4762866,0.1444,0.0884,0.082
1780783054.4774857,0.1443,0.0883,0.0819
1780783054.506964,0.1443,0.0884,0.082
1780783054.5102563,0.1443,0.0883,0.082
1780783054.5146976,0.1443,0.0884,0.082
1780783054.5189755,0.1444,0.0885,0.0821
1780783054.5202997,0.1444,0.0885,0.0821
1780783054.5216153,0.1444,0.0884,0.0819
1780783054.5288708,0.1444,0.0885,0.0821
1780783054.5319116,0.1444,0.0885,0.0821
1780783054.5358443,0.1443,0.0884,0.0819
1780783054.5384622,0.1444,0.0885,0.0821
1780783054.541051,0.1443,0.0885,0.0821
1780783054.546741,0.1443,0.0884,0.0819
1780783054.628595,0.1444,0.0884,0.0821
1780783054.6296604,0.1443,0.0884,0.082
1780783054.6306384,0.1444,0.0885,0.0821
1780783054.631657,0.1445,0.0885,0.0821
1780783054.6327703,0.1444,0.0885,0.0821
1780783054.63393,0.1444,0.0884,0.0821
1780783054.6350665,0.1443,0.0883,0.082
1780783054.6360548,0.1444,0.0885,0.0821
1780783054.637105,0.1444,0.0884,0.0821
1780783054.6381207,0.1443,0.0884,0.082
1780783054.6392717,0.1444,0.0884,0.082
1780783054.640493,0.1445,0.0885,0.0821
1780783054.6416886,0.1445,0.0885,0.0821
1780783054.6429236,0.1444,0.0884,0.082
1780783054.6440933,0.1444,0.0885,0.0821
1780783054.645312,0.1444,0.0884,0.0821
1780783054.6465037,0.1443,0.0884,0.082
1780783054.647651,0.1443,0.0884,0.082
1780783054.6489105,0.1444,0.0884,0.082
1780783054.6541443,0.1444,0.0885,0.0821
1780783054.6597824,0.1445,0.0885,0.0821
1780783054.6648018,0.1444,0.0884,0.0819
1780783054.6706266,0.1444,0.0885,0.0821
1780783054.6768494,0.1444,0.0885,0.0821
1780783054.6829572,0.1444,0.0884,0.082
1780783054.68858,0.1443,0.0883,0.0819
1780783054.6925557,0.1443,0.0884,0.082
1780783054.698556,0.1443,0.0884,0.0819
1780783054.7106588,0.1443,0.0884,0.0819
1780783054.7120187,0.1445,0.0885,0.0821
1780783054.751367,0.1444,0.0884,0.082
1780783054.8359818,0.1444,0.0885,0.0821
1780783054.8372672,0.1444,0.0885,0.0821
1780783054.8384864,0.1443,0.0883,0.0819
1780783054.839631,0.1444,0.0885,0.0821
1780783054.8407645,0.1443,0.0884,0.082
1780783054.8419788,0.1443,0.0884,0.0819
1780783054.843171,0.1444,0.0885,0.0821
1780783054.844367,0.1445,0.0885,0.0821
1780783054.845621,0.1445,0.0885,0.0821
1780783054.8468344,0.1444,0.0885,0.0821
1780783054.8479831,0.1444,0.0884,0.082
1780783054.8491101,0.1444,0.0885,0.0821
1780783054.8502746,0.1443,0.0883,0.0819
1780783054.8515203,0.1444,0.0885,0.0821
1780783054.852765,0.1444,0.0885,0.0821
1780783054.8539264,0.1444,0.0884,0.0819
1780783054.859403,0.1444,0.0884,0.0819
1780783054.8607106,0.1445,0.0885,0.0821
1780783054.8620083,0.1444,0.0884,0.0821
1780783054.8633196,0.1444,0.0883,0.082
1780783054.864585,0.1443,0.0883,0.082
1780783054.8658042,0.1444,0.0885,0.0821
1780783054.867069,0.1443,0.0883,0.0819
1780783054.868339,0.1444,0.0885,0.0821
1780783054.8695931,0.1444,0.0885,0.082
1780783054.870645,0.1445,0.0885,0.0821
1780783054.8717184,0.1444,0.0884,0.0819
1780783054.875241,0.1444,0.0885,0.0821
1780783054.8766432,0.1443,0.0883,0.0819
1780783054.8821335,0.1443,0.0884,0.082
1780783054.8882542,0.1444,0.0885,0.0821
1780783054.8930223,0.1444,0.0885,0.0821
1780783054.8985267,0.1443,0.0884,0.0819
1780783054.9043074,0.1443,0.0884,0.0819
1780783054.9107485,0.1444,0.0884,0.0819
1780783054.9160984,0.1444,0.0884,0.0819
1780783054.920742,0.1445,0.0884,0.0821
1780783054.932462,0.1443,0.0883,0.0819
1780783055.0361834,0.1443,0.0883,0.0819
1780783055.037496,0.1444,0.0885,0.0821
1780783055.0384305,0.1443,0.0884,0.0819
1780783055.039424,0.1443,0.0884,0.0819
1780783055.0402613,0.1444,0.0885,0.0821
1780783055.0412393,0.1444,0.0885,0.0821
1780783055.042388,0.1444,0.0884,0.0819
1780783055.043353,0.1443,0.0884,0.0819
1780783055.0442564,0.1443,0.0884,0.0819
1780783055.0453591,0.1444,0.0884,0.0821
1780783055.0465617,0.1444,0.0885,0.0821
1780783055.0478787,0.1443,0.0883,0.0819
1780783055.0491872,0.1443,0.0884,0.0819
1780783055.0503016,0.1444,0.0884,0.0819
1780783055.0513995,0.1444,0.0884,0.0819
1780783055.052455,0.1444,0.0885,0.0821
1780783055.053504,0.1443,0.0884,0.0819
1780783055.0546424,0.1444,0.0884,0.0821
1780783055.055871,0.1444,0.0884,0.0821
1780783055.057197,0.1443,0.0883,0.0819
1780783055.0616164,0.1444,0.0885,0.0821
1780783055.0626812,0.1444,0.0884,0.0821
1780783055.063893,0.1444,0.0885,0.0821
1780783055.0649407,0.1445,0.0885,0.0821
1780783055.0659852,0.1444,0.0884,0.0819
1780783055.0711253,0.1445,0.0884,0.0821
1780783055.0761003,0.1444,0.0885,0.0821
1780783055.0812042,0.1443,0.0883,0.082
1780783055.0883603,0.1443,0.0883,0.0819
1780783055.093338,0.1444,0.0884,0.0821
1780783055.1036499,0.1444,0.0884,0.0821
1780783055.1047401,0.1444,0.0885,0.0821
1780783055.1096869,0.1445,0.0884,0.082
1780783055.1154313,0.1444,0.0884,0.082
1780783055.120645,0.1444,0.0883,0.082
1780783055.1262126,0.1444,0.0885,0.0821
1780783055.1335526,0.1443,0.0883,0.0819
1780783055.1544802,0.1443,0.0883,0.0819
1780783055.1571143,0.1444,0.0884,0.0821
1780783055.2134466,0.1443,0.0883,0.0819
1780783055.2146804,0.1444,0.0884,0.0821
1780783055.2159247,0.1444,0.0885,0.0821
1780783055.2173877,0.1444,0.0883,0.082
1780783055.2182684,0.1443,0.0884,0.0819
1780783055.2190363,0.1443,0.0884,0.082
1780783055.2198052,0.1443,0.0883,0.0819
1780783055.2205966,0.1443,0.0884,0.0819
1780783055.2214074,0.1443,0.0883,0.0819
1780783055.2221673,0.1444,0.0885,0.0821
1780783055.2229857,0.1444,0.0884,0.082
1780783055.2237458,0.1444,0.0884,0.082
1780783055.2246585,0.1445,0.0885,0.0821
1780783055.2254362,0.1444,0.0884,0.082
1780783055.2260363,0.1443,0.0883,0.0819
1780783055.2314913,0.1443,0.0883,0.0819
1780783055.236943,0.1443,0.0883,0.0819
1780783055.2438548,0.1444,0.0884,0.0821
1780783055.2481499,0.1444,0.0884,0.0821
1780783055.2539015,0.1444,0.0883,0.082
1780783055.259251,0.1444,0.0884,0.082
1780783055.2650256,0.1445,0.0884,0.0821
1780783055.2723336,0.1444,0.0885,0.0821
1780783055.2817953,0.1444,0.0885,0.0821
1780783055.2826598,0.1444,0.0885,0.0821
1780783055.2873979,0.1444,0.0884,0.0821
1780783055.2924626,0.1443,0.0883,0.0819
1780783055.2980273,0.1444,0.0883,0.082
1780783055.3040652,0.1444,0.0884,0.0819
1780783055.3095877,0.1444,0.0884,0.082
1780783055.3148122,0.1445,0.0885,0.0821
1780783055.3294537,0.1443,0.0884,0.082
1780783055.3392804,0.1444,0.0885,0.0821
1780783055.3425386,0.1444,0.0885,0.0821
1780783055.345789,0.1443,0.0883,0.0819
1780783055.3464813,0.1444,0.0885,0.0821
1780783055.3507895,0.1444,0.0885,0.0821
1780783055.354237,0.1444,0.0885,0.0821
1780783055.3606691,0.1445,0.0885,0.0821
1780783055.3900301,0.1445,0.0885,0.0821
1780783055.3909776,0.1444,0.0884,0.0819
1780783055.391993,0.1443,0.0884,0.0819
1780783055.392889,0.1443,0.0884,0.082
1780783055.3938565,0.1443,0.0883,0.0819
1780783055.394862,0.1443,0.0883,0.082
1780783055.3986797,0.1443,0.0884,0.0819
1780783055.403873,0.1445,0.0885,0.0821
1780783055.411647,0.1444,0.0884,0.0819
1780783055.427616,0.1445,0.0885,0.0821
1780783055.4285648,0.1445,0.0884,0.082
1780783055.4292078,0.1444,0.0884,0.0821
1780783055.432264,0.1443,0.0884,0.082
1780783055.4375832,0.1444,0.0885,0.0821
1780783055.4426699,0.1443,0.0883,0.082
1780783055.4587357,0.1444,0.0884,0.082
1780783055.459464,0.1444,0.0885,0.0821
1780783055.464001,0.1445,0.0884,0.0821
1780783055.466968,0.1445,0.0885,0.0821
1780783055.471199,0.1444,0.0884,0.0819
1780783055.4765892,0.1444,0.0885,0.0821
1780783055.483169,0.1443,0.0884,0.0819
1780783055.4918082,0.1444,0.0885,0.0821
1780783055.5074434,0.1444,0.0884,0.0821
1780783055.508979,0.1443,0.0883,0.082
1780783055.5126276,0.1443,0.0883,0.0819
1780783055.5223813,0.1445,0.0885,0.0821
1780783055.5240407,0.1444,0.0884,0.082
1780783055.5312932,0.1444,0.0885,0.0821
1780783055.537977,0.1444,0.0884,0.0821
1780783055.5389469,0.1443,0.0883,0.0819
1780783055.5423868,0.1442,0.0883,0.0819
1780783055.54449,0.1442,0.0883,0.0819
1780783055.5485792,0.1443,0.0884,0.082
1780783055.553898,0.1444,0.0884,0.082
1780783055.5615275,0.1444,0.0884,0.082
1780783055.56528,0.1444,0.0885,0.0821
1780783055.571877,0.1444,0.0885,0.0821
1780783055.576119,0.1443,0.0884,0.082
1780783055.5831437,0.1444,0.0885,0.0821
1780783055.5875971,0.1443,0.0885,0.0821
1780783055.5927248,0.1443,0.0885,0.0821
1780783055.5978732,0.1443,0.0884,0.0819
1780783055.604568,0.1444,0.0885,0.0821
1780783055.610204,0.1444,0.0884,0.0819
1780783055.615071,0.1444,0.0884,0.0819
1780783055.620649,0.1444,0.0883,0.082
1780783055.6256266,0.1444,0.0883,0.082
1780783055.631745,0.1444,0.0885,0.0821
1780783055.6371143,0.1443,0.0884,0.0819
1780783055.6429937,0.1444,0.0885,0.0821
1780783055.6481085,0.1444,0.0885,0.0821
1780783055.6549816,0.1444,0.0885,0.082
1780783055.6589887,0.1445,0.0885,0.0821
1780783055.6748304,0.1444,0.0884,0.082
1780783055.7261908,0.1444,0.0885,0.0821
1780783055.726875,0.1444,0.0884,0.0821
1780783055.7274532,0.1443,0.0884,0.082
1780783055.7280939,0.1443,0.0883,0.0819
1780783055.729096,0.1443,0.0884,0.082
1780783055.7298057,0.1444,0.0885,0.0821
1780783055.7308877,0.1444,0.0885,0.0821
1780783055.7316024,0.1445,0.0885,0.0821
1780783055.7324278,0.1445,0.0885,0.082
1780783055.7333877,0.1444,0.0884,0.082
1780783055.7342074,0.1444,0.0885,0.0821
1780783055.734911,0.1443,0.0883,0.0819
1780783055.7372024,0.1443,0.0883,0.0819
1780783055.7428672,0.1443,0.0884,0.0819
1780783055.7570252,0.1444,0.0885,0.0821
1780783055.7578404,0.1443,0.0884,0.0819
1780783055.766811,0.1444,0.0885,0.0821
1780783055.7676108,0.1445,0.0885,0.0821
1780783055.7724965,0.1444,0.0885,0.0821
1780783055.7886112,0.1443,0.0884,0.0819
1780783055.7907922,0.1443,0.0884,0.0819
1780783055.7915957,0.1442,0.0884,0.082
1780783055.8042586,0.1443,0.0884,0.0819
1780783055.805353,0.1444,0.0884,0.0821
1780783055.8059733,0.1443,0.0884,0.082
1780783055.8246198,0.1444,0.0884,0.082
1780783055.8349504,0.1444,0.0884,0.082
1780783055.8371146,0.1444,0.0884,0.082
1780783055.8399315,0.1443,0.0884,0.0819
1780783055.8421812,0.1443,0.0884,0.082
1780783055.8429437,0.1444,0.0885,0.0821
1780783055.8477533,0.1444,0.0885,0.0821
1780783055.8501685,0.1443,0.0884,0.082
1780783055.8562367,0.1444,0.0885,0.0821
1780783055.865365,0.1443,0.0884,0.0819
1780783055.8667014,0.1445,0.0884,0.0821
1780783055.8728313,0.1444,0.0885,0.0821
1780783055.877242,0.1443,0.0884,0.0819
1780783055.8819242,0.1443,0.0884,0.0819
1780783055.8889623,0.1442,0.0883,0.0819
1780783055.8924427,0.1442,0.0883,0.0819
1780783055.8986607,0.1443,0.0884,0.0819
1780783055.9042807,0.1444,0.0884,0.0821
1780783055.9095173,0.1445,0.0885,0.0821
1780783055.915005,0.1444,0.0884,0.0819
1780783055.9205616,0.1444,0.0885,0.0821
1780783055.9258478,0.1443,0.0884,0.0819
1780783055.9316914,0.1443,0.0884,0.082
1780783055.9370897,0.1443,0.0885,0.0821
1780783055.943935,0.1444,0.0885,0.0821
1780783055.9613752,0.1444,0.0885,0.0821
1780783055.9620495,0.1443,0.0884,0.082
1780783055.9625611,0.1445,0.0885,0.0821
1780783055.9662428,0.1444,0.0885,0.0821
1780783055.9701877,0.1443,0.0884,0.0819
1780783055.977927,0.1444,0.0885,0.0821
1780783055.9819133,0.1443,0.0884,0.0819
1780783055.9872804,0.1442,0.0883,0.0819
1780783055.999921,0.1443,0.0883,0.0819
1780783056.0923638,0.1444,0.0885,0.0821
1780783056.0935645,0.1444,0.0885,0.0821
1780783056.0946395,0.1444,0.0884,0.082
1780783056.0958688,0.1444,0.0884,0.082
1780783056.0975857,0.1444,0.0885,0.0821
1780783056.098737,0.1443,0.0883,0.082
1780783056.0999565,0.1443,0.0884,0.0819
1780783056.1009681,0.1443,0.0884,0.082
1780783056.106081,0.1444,0.0885,0.0821
1780783056.107525,0.1444,0.0885,0.0821
1780783056.108854,0.1444,0.0885,0.0821
1780783056.1101534,0.1445,0.0885,0.0821
1780783056.1115015,0.1444,0.0885,0.0821
1780783056.1129575,0.1445,0.0884,0.0821
1780783056.114448,0.1443,0.0884,0.082
1780783056.1159425,0.1443,0.0884,0.0819
1780783056.1171913,0.1444,0.0885,0.0821
1780783056.118207,0.1443,0.0883,0.0819
1780783056.119073,0.1443,0.0884,0.0819
1780783056.119996,0.1443,0.0884,0.082
1780783056.1209216,0.1444,0.0884,0.082
1780783056.1221986,0.1443,0.0884,0.082
1780783056.1234539,0.1444,0.0884,0.082
1780783056.1271753,0.1444,0.0884,0.0821
1780783056.1323445,0.1443,0.0884,0.082
1780783056.1385252,0.1443,0.0884,0.082
1780783056.142873,0.1444,0.0885,0.0821
1780783056.1482468,0.1443,0.0884,0.082
1780783056.1553838,0.1444,0.0884,0.082
1780783056.1598132,0.1445,0.0885,0.0821
1780783056.1750648,0.1445,0.0885,0.0821
1780783056.1759338,0.1444,0.0885,0.0821
1780783056.194368,0.1444,0.0884,0.0821
1780783056.2011764,0.1443,0.0884,0.0819
1780783056.26891,0.1443,0.0884,0.082
1780783056.2700994,0.1443,0.0884,0.082
1780783056.271351,0.1444,0.0885,0.0821
1780783056.2728279,0.1443,0.0884,0.0819
1780783056.2738273,0.1445,0.0885,0.0821
1780783056.2747147,0.1445,0.0884,0.0821
1780783056.275787,0.1444,0.0885,0.0821
1780783056.2767062,0.1444,0.0885,0.0821
1780783056.2776172,0.1443,0.0883,0.0819
1780783056.2784822,0.1444,0.0885,0.0821
1780783056.2793705,0.1444,0.0885,0.0821
1780783056.280255,0.1443,0.0884,0.0819
1780783056.2812,0.1445,0.0884,0.0821
1780783056.2821822,0.1444,0.0883,0.082
1780783056.283014,0.1444,0.0884,0.0819
1780783056.2838626,0.1444,0.0885,0.0821
1780783056.284855,0.1444,0.0885,0.0821
1780783056.285734,0.1443,0.0883,0.0819
1780783056.287183,0.1443,0.0883,0.0819
1780783056.2926455,0.1443,0.0884,0.0819
1780783056.2989542,0.1443,0.0884,0.082
1780783056.3037891,0.1444,0.0885,0.0821
1780783056.3087106,0.1444,0.0884,0.082
1780783056.3158007,0.1445,0.0885,0.0821
1780783056.3214402,0.1443,0.0884,0.082
1780783056.3299596,0.1443,0.0884,0.0819
1780783056.3316164,0.1443,0.0884,0.082
1780783056.3484838,0.1443,0.0884,0.082
1780783056.3492758,0.1444,0.0885,0.0821
1780783056.3502095,0.1444,0.0885,0.082
1780783056.3638144,0.1443,0.0884,0.0819
1780783056.3799953,0.1444,0.0884,0.0819
1780783056.3883605,0.1445,0.0885,0.0821
1780783056.3913007,0.1445,0.0885,0.0821
1780783056.3970964,0.1443,0.0884,0.082
1780783056.3998902,0.1444,0.0885,0.0821
1780783056.4064555,0.1443,0.0884,0.0819
1780783056.4637506,0.1443,0.0884,0.0819
1780783056.4646215,0.1443,0.0883,0.0819
1780783056.4653888,0.1443,0.0884,0.0819
1780783056.4662395,0.1444,0.0885,0.0821
1780783056.4676754,0.1444,0.0884,0.0819
1780783056.4686592,0.1443,0.0884,0.0819
1780783056.4695404,0.1444,0.0885,0.0821
1780783056.4707367,0.1444,0.0885,0.0821
1780783056.4722626,0.1443,0.0883,0.0819
1780783056.473337,0.1443,0.0883,0.0819
1780783056.4746041,0.1444,0.0884,0.082
1780783056.4757664,0.1443,0.0883,0.082
1780783056.4768522,0.1444,0.0884,0.082
1780783056.4780507,0.1444,0.0884,0.0819
1780783056.4791923,0.1444,0.0884,0.0821
1780783056.4891458,0.1443,0.0883,0.082
1780783056.4901352,0.1443,0.0883,0.0819
1780783056.4908397,0.1443,0.0884,0.082
1780783056.503938,0.1444,0.0885,0.0821
1780783056.5049257,0.1443,0.0884,0.0819
1780783056.5058181,0.1444,0.0885,0.0821
1780783056.5190024,0.1444,0.0884,0.082
1780783056.522712,0.1444,0.0884,0.082
1780783056.5238497,0.1444,0.0885,0.0821
1780783056.5256271,0.1444,0.0885,0.0821
1780783056.5317564,0.1443,0.0883,0.0819
1780783056.5386486,0.1444,0.0885,0.0821
1780783056.542799,0.1443,0.0884,0.0819
1780783056.5520704,0.1444,0.0884,0.082
1780783056.5729728,0.1444,0.0884,0.082
1780783056.5861197,0.1444,0.0885,0.0821
1780783056.5884473,0.1445,0.0885,0.0821
1780783056.5918472,0.1445,0.0885,0.0821
1780783056.593653,0.1444,0.0885,0.0821
1780783056.598728,0.1444,0.0885,0.0821
1780783056.6018138,0.1444,0.0885,0.0821
1780783056.605342,0.1443,0.0883,0.0819
1780783056.6076202,0.1444,0.0884,0.082
1780783056.6088347,0.1444,0.0885,0.0821
1780783056.615505,0.1445,0.0885,0.0821
1780783056.6186247,0.1445,0.0885,0.0821
1780783056.6607487,0.1444,0.0884,0.082
1780783056.6617367,0.1443,0.0884,0.0819
1780783056.6626172,0.1444,0.0885,0.0821
1780783056.6634467,0.1443,0.0884,0.082
1780783056.66424,0.1444,0.0885,0.0821
1780783056.6650074,0.1444,0.0884,0.082
1780783056.6658154,0.1444,0.0884,0.0819
1780783056.6665866,0.1444,0.0884,0.0819
1780783056.6702218,0.1445,0.0885,0.0821
1780783056.6713276,0.1444,0.0885,0.0821
1780783056.6775696,0.1444,0.0885,0.0821
1780783056.6862776,0.1443,0.0883,0.0819
1780783056.6874623,0.1444,0.0885,0.0821
1780783056.7008915,0.1444,0.0885,0.0821
1780783056.7019596,0.1444,0.0885,0.0821
1780783056.7045865,0.1444,0.0885,0.0821
1780783056.7148945,0.1445,0.0885,0.082
1780783056.7163339,0.1445,0.0885,0.0821
1780783056.7227013,0.1443,0.0884,0.0819
1780783056.727074,0.1443,0.0883,0.0819
1780783056.7316766,0.1443,0.0883,0.0819
1780783056.7515235,0.1443,0.0884,0.082
1780783056.7527702,0.1443,0.0884,0.082
1780783056.7536323,0.1444,0.0885,0.0821
1780783056.790609,0.1444,0.0885,0.0821
1780783056.7962816,0.1445,0.0884,0.0821
1780783056.8005154,0.1445,0.0885,0.0821
1780783056.8036382,0.1444,0.0885,0.0821
1780783056.8060708,0.1444,0.0885,0.0821
1780783056.8072338,0.1443,0.0884,0.0819
1780783056.8128831,0.1443,0.0883,0.0819
1780783056.8163755,0.1444,0.0885,0.0821
1780783056.8207233,0.1444,0.0884,0.0821
1780783056.8245783,0.1444,0.0885,0.0821
1780783056.8830547,0.1445,0.0884,0.082
1780783056.8840473,0.1444,0.0884,0.082
1780783056.8849077,0.1443,0.0884,0.082
1780783056.885892,0.1443,0.0884,0.0819
1780783056.8872812,0.1444,0.0885,0.0821
1780783056.888548,0.1443,0.0883,0.0819
1780783056.8896863,0.1444,0.0885,0.0821
1780783056.8908737,0.1444,0.0885,0.0821
1780783056.8921025,0.1444,0.0885,0.0821
1780783056.8930304,0.1445,0.0885,0.0821
1780783056.8939056,0.1445,0.0884,0.0821
1780783056.895024,0.1444,0.0885,0.0821
1780783056.8963249,0.1443,0.0883,0.0819
1780783056.8974037,0.1443,0.0883,0.082
1780783056.8987234,0.1444,0.0885,0.0821
1780783056.8997197,0.1443,0.0883,0.0819
1780783056.900568,0.1443,0.0884,0.0819
1780783056.9043443,0.1444,0.0885,0.082
1780783056.909643,0.1445,0.0885,0.0821
1780783056.91504,0.1445,0.0885,0.0821
1780783056.9210606,0.1444,0.0885,0.0821
1780783056.9258745,0.1443,0.0883,0.0819
1780783056.9322057,0.1443,0.0884,0.082
1780783056.9371357,0.1443,0.0885,0.0821
1780783056.9439993,0.1443,0.0884,0.082
1780783056.9522262,0.1444,0.0884,0.0821
1780783056.9560401,0.1443,0.0884,0.082
1780783056.9595466,0.1445,0.0885,0.0821
1780783056.9667175,0.1445,0.0885,0.0821
1780783056.9704885,0.1444,0.0885,0.0821
1780783056.982468,0.1444,0.0885,0.0821
1780783056.9969835,0.1443,0.0884,0.082
1780783057.0007737,0.1444,0.0885,0.0821
1780783057.0046687,0.1444,0.0885,0.0821
1780783057.0071385,0.1443,0.0883,0.0819
1780783057.00813,0.1444,0.0885,0.0821
1780783057.0146284,0.1444,0.0884,0.082
1780783057.0189874,0.1445,0.0885,0.0821
1780783057.021307,0.1444,0.0884,0.0821
1780783057.0293248,0.1444,0.0883,0.082
1780783057.0760806,0.1443,0.0883,0.0819
1780783057.0771086,0.1443,0.0883,0.082
1780783057.078205,0.1444,0.0884,0.0821
1780783057.0794706,0.1443,0.0883,0.0819
1780783057.0807207,0.1444,0.0884,0.082
1780783057.081873,0.1444,0.0884,0.082
1780783057.083112,0.1445,0.0884,0.0821
1780783057.084327,0.1444,0.0885,0.0821
1780783057.085509,0.1444,0.0884,0.0821
1780783057.087654,0.1444,0.0885,0.0821
1780783057.089125,0.1444,0.0885,0.0821
1780783057.0944462,0.1444,0.0885,0.0821
1780783057.0997703,0.1443,0.0884,0.0819
1780783057.1081283,0.1444,0.0885,0.082
1780783057.1094532,0.1444,0.0885,0.0821
1780783057.115072,0.1444,0.0885,0.0821
1780783057.1214027,0.1444,0.0884,0.0821
1780783057.1260717,0.1444,0.0885,0.0821
1780783057.1319506,0.1443,0.0884,0.0819
1780783057.1380126,0.1443,0.0884,0.0819
1780783057.1443362,0.1444,0.0885,0.0821
1780783057.1487305,0.1444,0.0885,0.0821
1780783057.1564593,0.1444,0.0884,0.0819
1780783057.1664472,0.1444,0.0885,0.0821
1780783057.1674404,0.1445,0.0885,0.0821
1780783057.1708462,0.1444,0.0884,0.0819
1780783057.1932697,0.1444,0.0884,0.0821
1780783057.195814,0.1444,0.0885,0.0821
1780783057.197977,0.1443,0.0883,0.0819
1780783057.2011905,0.1444,0.0885,0.0821
1780783057.203302,0.1444,0.0884,0.082
1780783057.2082229,0.1444,0.0884,0.0819
1780783057.2108734,0.1444,0.0884,0.0819
1780783057.2162647,0.1444,0.0884,0.0819
1780783057.221391,0.1445,0.0884,0.0821
1780783057.225802,0.1444,0.0885,0.0821
1780783057.2354813,0.1444,0.0885,0.0821
1780783057.2653468,0.1443,0.0884,0.0819
1780783057.2663298,0.1443,0.0884,0.0819
1780783057.2671652,0.1443,0.0884,0.0819
1780783057.2679806,0.1444,0.0885,0.0821
1780783057.2692938,0.1445,0.0884,0.082
1780783057.270544,0.1445,0.0885,0.0821
1780783057.2736142,0.1444,0.0885,0.0821
1780783057.2770684,0.1444,0.0885,0.0821
1780783057.2814887,0.1444,0.0885,0.0821
1780783057.2890623,0.1444,0.0885,0.0821
1780783057.2929254,0.1443,0.0883,0.0819
1780783057.2981107,0.1444,0.0884,0.082
1780783057.3044243,0.1444,0.0884,0.0819
1780783057.3097198,0.1445,0.0884,0.082
1780783057.315004,0.1445,0.0885,0.0821
1780783057.3202603,0.1444,0.0883,0.082
1780783057.3284907,0.1443,0.0883,0.0819
1780783057.3321476,0.1444,0.0884,0.0821
1780783057.3382654,0.1444,0.0885,0.0821
1780783057.3450894,0.1444,0.0884,0.082
1780783057.3484337,0.1444,0.0884,0.082
1780783057.3538086,0.1444,0.0885,0.082
1780783057.390301,0.1445,0.0885,0.0821
1780783057.392655,0.1445,0.0884,0.082
1780783057.3960853,0.1445,0.0884,0.082
1780783057.3996916,0.1444,0.0885,0.0821
1780783057.4009013,0.1444,0.0885,0.0821
1780783057.4067922,0.1444,0.0885,0.0821
1780783057.4100628,0.1443,0.0884,0.0819
1780783057.4132836,0.1444,0.0885,0.0821
1780783057.4157364,0.1444,0.0884,0.0819
1780783057.4217737,0.1444,0.0884,0.0819
1780783057.423708,0.1445,0.0884,0.082
1780783057.4362006,0.1445,0.0884,0.082
1780783057.4379308,0.1443,0.0883,0.0819
1780783057.441326,0.1443,0.0884,0.082
1780783057.468735,0.1443,0.0883,0.0819
1780783057.4697456,0.1443,0.0884,0.082
1780783057.4709294,0.1443,0.0883,0.0819
1780783057.4717638,0.1444,0.0884,0.082
1780783057.4728642,0.1445,0.0885,0.0821
1780783057.4743602,0.1445,0.0884,0.082
1780783057.4758017,0.1444,0.0884,0.0819
1780783057.4770317,0.1444,0.0883,0.082
1780783057.481391,0.1443,0.0883,0.0819
1780783057.4877737,0.1443,0.0884,0.082
1780783057.4933488,0.1443,0.0883,0.0819
1780783057.4985163,0.1444,0.0883,0.082
1780783057.5054553,0.1444,0.0884,0.082
1780783057.5096002,0.1445,0.0885,0.0821
1780783057.5153227,0.1444,0.0884,0.0819
1780783057.5202346,0.1445,0.0884,0.0821
1780783057.527037,0.1444,0.0885,0.0821
1780783057.5319011,0.1444,0.0885,0.0821
1780783057.5376227,0.1444,0.0885,0.0821
1780783057.5428886,0.1444,0.0883,0.082
1780783057.548832,0.1443,0.0883,0.0819
1780783057.5539815,0.1444,0.0884,0.0819
1780783057.5597377,0.1444,0.0884,0.082
1780783057.5696666,0.1445,0.0885,0.0821
1780783057.589571,0.1444,0.0885,0.0821
1780783057.591144,0.1444,0.0885,0.0821
1780783057.5937738,0.1444,0.0885,0.0821
1780783057.5977597,0.1443,0.0883,0.0819
1780783057.6018598,0.1444,0.0885,0.0821
1780783057.603381,0.1444,0.0885,0.0821
1780783057.609396,0.1445,0.0884,0.0821
1780783057.6121547,0.1445,0.0885,0.0821
1780783057.6176193,0.1445,0.0884,0.082
1780783057.624765,0.1444,0.0884,0.0819
1780783057.6288233,0.1444,0.0884,0.0821
1780783057.6400354,0.1443,0.0884,0.0819
1780783057.6450384,0.1444,0.0885,0.0821
1780783057.6706986,0.1443,0.0884,0.082
1780783057.671755,0.1443,0.0884,0.0819
1780783057.672604,0.1444,0.0884,0.082
1780783057.6735284,0.1444,0.0884,0.0819
1780783057.6742067,0.1444,0.0884,0.0819
1780783057.6750998,0.1444,0.0885,0.0821
1780783057.6759849,0.1443,0.0883,0.0819
1780783057.6815393,0.1443,0.0883,0.0819
1780783057.6873071,0.1443,0.0883,0.0819
1780783057.6930044,0.1443,0.0883,0.0819
1780783057.6981401,0.1444,0.0885,0.0821
1780783057.703869,0.1445,0.0884,0.082
1780783057.7120783,0.1445,0.0885,0.0821
1780783057.7174563,0.1444,0.0885,0.0821
1780783057.7231436,0.1444,0.0885,0.0821
1780783057.7258596,0.1444,0.0885,0.0821
1780783057.732092,0.1443,0.0883,0.0819
1780783057.737417,0.1444,0.0885,0.0821
1780783057.7425404,0.1443,0.0884,0.0819
1780783057.7479265,0.1444,0.0885,0.0821
1780783057.753581,0.1444,0.0885,0.0821
1780783057.7590878,0.1444,0.0884,0.082
1780783057.765322,0.1444,0.0883,0.082
1780783057.783781,0.1444,0.0884,0.082
1780783057.788003,0.1443,0.0884,0.0819
1780783057.7899373,0.1444,0.0885,0.0821
1780783057.7919166,0.1443,0.0884,0.082
1780783057.795489,0.1444,0.0885,0.0821
1780783057.799526,0.1444,0.0885,0.0821
1780783057.8050199,0.1443,0.0884,0.0819
1780783057.8104994,0.1444,0.0884,0.082
1780783057.815286,0.1445,0.0885,0.0821
1780783057.822589,0.1444,0.0885,0.0821
1780783057.826349,0.1444,0.0885,0.0821
1780783057.8334503,0.1443,0.0883,0.0819
1780783057.8370297,0.1444,0.0885,0.0821
1780783057.8426228,0.1444,0.0885,0.0821
1780783057.84803,0.1443,0.0884,0.0819
1780783057.8548892,0.1444,0.0885,0.0821
1780783057.8592868,0.1445,0.0884,0.082
1780783057.86464,0.1445,0.0885,0.0821
1780783057.8704453,0.1444,0.0885,0.0821
1780783057.8756614,0.1444,0.0885,0.0821
1780783057.8812852,0.1443,0.0883,0.082
1780783057.8874018,0.1443,0.0885,0.0821
1780783057.893129,0.1444,0.0885,0.0821
1780783057.8986168,0.1443,0.0884,0.082
1780783057.9035556,0.1444,0.0885,0.0821
1780783057.9090805,0.1444,0.0884,0.082
1780783057.9150577,0.1444,0.0884,0.0819
1780783057.921031,0.1443,0.0884,0.082
1780783057.9262574,0.1444,0.0884,0.0821
1780783057.9316707,0.1444,0.0885,0.0821
1780783057.9370384,0.1443,0.0884,0.082
1780783057.942376,0.1443,0.0883,0.0819
1780783057.9560802,0.1444,0.0885,0.0821
1780783057.995361,0.1444,0.0885,0.0821
1780783057.996018,0.1445,0.0885,0.0821
1780783057.9965763,0.1444,0.0884,0.0819
1780783057.9971113,0.1444,0.0885,0.0821
1780783057.9976225,0.1444,0.0885,0.0821
1780783057.998108,0.1444,0.0885,0.0821
1780783057.9985933,0.1443,0.0884,0.082
1780783057.9993792,0.1444,0.0885,0.0821
1780783058.0004072,0.1443,0.0884,0.0819
1780783058.0037239,0.1445,0.0884,0.082
1780783058.0097516,0.1444,0.0884,0.082
1780783058.0148132,0.1445,0.0885,0.0821
1780783058.0207462,0.1445,0.0885,0.0821
