Time,POSX,POSY,POSZ
1775669264.557291,-1.77,1.27,0.41
1775669279.9818876,-1.77,1.26,0.41
